indicator,asap1_id,adm1_name,year,mean,min,max,z_mean,z_min,n_dekads,frac_below
fpar_crop,558,Jonglei,2001,52.690318181818185,36.917,62.275,-0.08165350640267259,-1.560592681023486,22,0.13636363636363635
fpar_crop,558,Jonglei,2002,47.87467741935484,35.326,58.883,-1.042657137088164,-1.7797648961354697,31,0.7419354838709677
fpar_crop,558,Jonglei,2003,48.190516129032254,34.035,59.382,-0.8266727528372861,-1.77639037844082,31,0.4838709677419355
fpar_crop,558,Jonglei,2004,49.93822580645161,37.437,61.662,-0.3263747702607469,-1.4166449651810777,31,0.22580645161290322
fpar_crop,558,Jonglei,2005,47.611612903225804,28.532,61.273,-0.836990583638069,-2.2103745493644364,31,0.3548387096774194
fpar_crop,558,Jonglei,2006,49.303387096774195,30.812,62.193,-0.21929002513622947,-2.461388864202574,31,0.22580645161290322
fpar_crop,558,Jonglei,2007,50.27525806451612,34.333,64.622,-0.4926571115690287,-2.5958303602021435,31,0.3870967741935484
fpar_crop,558,Jonglei,2008,49.66396774193549,38.048,59.238,-0.38442247551152015,-1.557428788906921,31,0.22580645161290322
fpar_crop,558,Jonglei,2009,49.03038709677419,34.877,61.738,-0.8098343084503149,-3.31773144023563,31,0.5161290322580645
fpar_crop,558,Jonglei,2010,51.0553870967742,35.012,62.938,0.0498807465300999,-0.7532782643529985,31,0.0
fpar_crop,558,Jonglei,2011,51.535000000000004,37.962,67.199,0.39460839023878724,-1.3184175045951572,31,0.06451612903225806
fpar_crop,558,Jonglei,2012,51.51616129032258,36.045,64.411,0.05957459788477066,-2.0912506114597083,31,0.06451612903225806
fpar_crop,558,Jonglei,2013,51.245548387096775,37.469,63.39,0.10299847983193923,-1.2320513653794516,31,0.0967741935483871
fpar_crop,558,Jonglei,2014,52.27406451612904,37.682,63.114,0.3922570211671658,-0.7534856276406896,31,0.0
fpar_crop,558,Jonglei,2015,51.625419354838705,36.852,61.499,0.059851524166271965,-1.6514442678528547,31,0.06451612903225806
fpar_crop,558,Jonglei,2016,51.915419354838704,34.921,65.721,0.08642121894968921,-1.4150174428630595,31,0.12903225806451613
fpar_crop,558,Jonglei,2017,51.074129032258064,33.008,63.483,0.23376575262577842,-2.04293023887183,31,0.16129032258064516
fpar_crop,558,Jonglei,2018,51.019,37.611,61.926,-0.15526598254396368,-1.2404218120284636,31,0.16129032258064516
fpar_crop,558,Jonglei,2019,52.623387096774195,36.198,64.887,0.6561194861041509,-1.1047732779506716,31,0.03225806451612903
fpar_crop,558,Jonglei,2020,53.65325806451613,35.961,65.625,0.6686916657413788,-0.6660641469755993,31,0.0
fpar_crop,558,Jonglei,2021,51.15374193548387,39.918,62.629,0.045510658744621256,-0.8508863445485838,31,0.0
fpar_crop,558,Jonglei,2022,52.70009677419355,43.818,62.639,0.4778978631762568,-1.152888329092668,31,0.03225806451612903
fpar_crop,558,Jonglei,2023,52.772129032258064,37.262,63.329,0.5874174081371099,-1.5127161177075152,31,0.16129032258064516
fpar_crop,558,Jonglei,2024,53.60135483870968,40.033,63.597,0.7138355800159525,-0.12783980457702238,31,0.0
fpar_crop,558,Jonglei,2025,53.40035483870968,40.694,63.62,0.6532422091938377,-0.5658394098766247,31,0.0
fpar_crop,558,Jonglei,2026,48.242066666666666,39.268,52.959,-0.06191693191922608,-2.0665554616064714,15,0.13333333333333333
fpar_crop,599,El Buheyrat,2001,54.2130909090909,37.299,65.225,-0.44527490476509857,-1.067973312394687,22,0.09090909090909091
fpar_crop,599,El Buheyrat,2002,51.34867857142857,29.275,67.224,-0.023279088538047752,-1.0935586274069253,28,0.07142857142857142
fpar_crop,599,El Buheyrat,2003,52.54610714285714,30.243,68.554,0.41005646781938776,-0.8819810867669542,28,0.0
fpar_crop,599,El Buheyrat,2004,51.65742857142857,32.143,65.958,0.030532643642856357,-1.398586376201825,28,0.10714285714285714
fpar_crop,599,El Buheyrat,2005,52.157357142857144,27.829,70.909,0.38047481309406306,-2.134393014926004,28,0.17857142857142858
fpar_crop,599,El Buheyrat,2006,53.476107142857146,30.737,69.264,0.7460134199352574,-1.5662010845559173,28,0.07142857142857142
fpar_crop,599,El Buheyrat,2007,52.692321428571425,35.258,67.216,0.26979451594080955,-0.7826347598030327,28,0.0
fpar_crop,599,El Buheyrat,2008,53.93092857142857,35.467,65.3,0.5111424128773923,-0.6738985933517,28,0.0
fpar_crop,599,El Buheyrat,2009,50.813750000000006,34.071,65.173,-0.2839148489216872,-1.6175688154094796,28,0.21428571428571427
fpar_crop,599,El Buheyrat,2010,51.50271428571428,31.367,65.938,-0.10958494319750882,-1.8577732951222516,28,0.07142857142857142
fpar_crop,599,El Buheyrat,2011,51.20035714285715,27.419,65.833,0.11582999400428941,-1.521470503056082,28,0.14285714285714285
fpar_crop,599,El Buheyrat,2012,50.88896428571429,29.758,67.701,-0.22216543268933572,-1.738944240738997,28,0.25
fpar_crop,599,El Buheyrat,2013,49.82439285714286,29.74,64.864,-0.43301457339371874,-1.3026617527550448,28,0.03571428571428571
fpar_crop,599,El Buheyrat,2014,55.171749999999996,38.128,67.439,0.693852534415897,-1.0696365863187602,28,0.03571428571428571
fpar_crop,599,El Buheyrat,2015,51.586000000000006,33.189,69.159,-0.30126410081009036,-2.8909133999460512,28,0.32142857142857145
fpar_crop,599,El Buheyrat,2016,51.527857142857144,32.614,67.099,-0.3013577692285866,-1.841316551202559,28,0.39285714285714285
fpar_crop,599,El Buheyrat,2017,50.98753571428572,30.113,65.651,-0.004861120646074285,-1.4876989335441138,28,0.03571428571428571
fpar_crop,599,El Buheyrat,2018,50.85171428571429,35.161,65.145,-0.28906899201116243,-0.8069255662910578,28,0.0
fpar_crop,599,El Buheyrat,2019,51.08403571428572,29.242,66.822,0.1264336318389529,-1.095381414449411,28,0.14285714285714285
fpar_crop,599,El Buheyrat,2020,51.81596428571429,32.657,63.796,-0.045891186372828886,-1.2263647167639247,28,0.07142857142857142
fpar_crop,599,El Buheyrat,2021,51.26628571428571,31.835,63.477,-0.13059095714845897,-1.382387661253144,28,0.2857142857142857
fpar_crop,599,El Buheyrat,2022,52.03885714285714,35.078,64.074,0.046367570979141216,-0.9007669580218983,28,0.0
fpar_crop,599,El Buheyrat,2023,50.20285714285715,26.731,62.786,-0.4122457835632118,-1.9420748458049437,28,0.5714285714285714
fpar_crop,599,El Buheyrat,2024,50.641714285714286,26.627,63.487,-0.2111260054292787,-1.9085424326819516,28,0.5357142857142857
fpar_crop,599,El Buheyrat,2025,51.76596428571429,36.357,64.672,-0.09357264898072852,-0.9075485543207474,28,0.0
fpar_crop,599,El Buheyrat,2026,45.04749999999999,38.565,52.366,-0.2769706330377462,-2.2925455762055336,12,0.3333333333333333
fpar_crop,622,Unity,2001,41.610727272727274,25.351,60.504,-0.07866171481852756,-1.2835189093617185,22,0.09090909090909091
fpar_crop,622,Unity,2002,37.17763333333333,23.071,58.508,-0.42361463534435373,-1.1922042187641948,30,0.13333333333333333
fpar_crop,622,Unity,2003,39.623333333333335,23.702,62.024,-0.01953588990017567,-1.4866667586537212,30,0.1
fpar_crop,622,Unity,2004,39.057766666666666,22.768,61.924,-0.280759091016304,-2.2987854792273037,30,0.23333333333333334
fpar_crop,622,Unity,2005,40.226933333333335,21.0,63.025,0.05070710030212376,-1.9610940647140127,30,0.16666666666666666
fpar_crop,622,Unity,2006,45.70076666666667,29.0,61.228,1.2482250078799835,-0.502441216795554,30,0.0
fpar_crop,622,Unity,2007,42.669599999999996,29.211,58.677,0.8175612065258638,0.17565406508364564,30,0.0
fpar_crop,622,Unity,2008,43.838899999999995,28.028,60.027,0.7080787829268352,-1.0989537978687642,30,0.1
fpar_crop,622,Unity,2009,37.34433333333333,20.962,60.029,-0.5031565790143729,-1.6909085902530785,30,0.36666666666666664
fpar_crop,622,Unity,2010,38.8659,19.766,60.447,-0.12113158967644348,-3.0485960316378935,30,0.2
fpar_crop,622,Unity,2011,41.94773333333333,28.0,61.597,0.6136892310222761,-0.7792171152194985,30,0.0
fpar_crop,622,Unity,2012,40.89693333333333,27.0,61.294,0.3061612879655299,-0.6100202085736913,30,0.0
fpar_crop,622,Unity,2013,38.8141,24.0,58.681,-0.004193424944542639,-1.048317449194739,30,0.03333333333333333
fpar_crop,622,Unity,2014,41.80146666666667,24.681,55.101,0.36286019868258473,-1.1510374840258075,30,0.06666666666666667
fpar_crop,622,Unity,2015,42.41203333333333,28.235,58.354,0.7709080098981261,-0.2918184697562951,30,0.0
fpar_crop,622,Unity,2016,40.5087,25.156,55.893,-0.01811415991477973,-1.9675622707008475,30,0.3
fpar_crop,622,Unity,2017,38.39143333333333,19.0,53.728,-0.42062384840453415,-1.5021399193791918,30,0.26666666666666666
fpar_crop,622,Unity,2018,37.8212,24.0,54.528,-0.34916782332593943,-0.5711157259068108,30,0.0
fpar_crop,622,Unity,2019,39.12936666666667,26.362,54.095,-0.06748891169690177,-1.6906467970553123,30,0.03333333333333333
fpar_crop,622,Unity,2020,40.15473333333333,29.346,54.629,0.16340991978510191,-0.6964333941731298,30,0.0
fpar_crop,622,Unity,2021,36.893166666666666,20.0,49.692,-0.49808610925168106,-1.7511956161943028,30,0.36666666666666664
fpar_crop,622,Unity,2022,34.27073333333333,19.509,49.356,-1.0455161507468225,-2.131846718251469,30,0.6
fpar_crop,622,Unity,2023,37.45803333333333,24.0,48.575,-0.43163843455134643,-1.9760452411076825,30,0.23333333333333334
fpar_crop,622,Unity,2024,35.4814,19.0,51.464,-0.7820653812344245,-1.677900930762836,30,0.6666666666666666
fpar_crop,622,Unity,2025,37.95583333333333,20.006,55.113,-0.03230212492372241,-1.6772050596064023,30,0.26666666666666666
fpar_crop,622,Unity,2026,32.35057142857143,20.0,48.0,0.028882856767524494,-1.1942958862006325,14,0.07142857142857142
fpar_crop,623,C. Equatoria,2001,64.41822727272728,48.921,70.974,0.015246466430151052,-0.8851282563394096,22,0.0
fpar_crop,623,C. Equatoria,2002,59.68697058823529,38.619,71.917,0.28200157941677656,-0.7499478693301103,34,0.0
fpar_crop,623,C. Equatoria,2003,59.37267647058824,44.426,71.944,0.06805982436802499,-2.0194850020442154,34,0.17647058823529413
fpar_crop,623,C. Equatoria,2004,59.53929411764706,41.952,71.839,0.19793136207362294,-1.0877656204584956,34,0.029411764705882353
fpar_crop,623,C. Equatoria,2005,57.396205882352945,34.987,72.868,-0.3212892556220204,-2.347004965958963,34,0.38235294117647056
fpar_crop,623,C. Equatoria,2006,60.16073529411764,37.314,71.107,0.37111816722650665,-1.863911832554048,34,0.17647058823529413
fpar_crop,623,C. Equatoria,2007,58.82517647058824,39.532,72.305,0.17238743966418468,-1.4509466517876293,34,0.11764705882352941
fpar_crop,623,C. Equatoria,2008,57.79720588235294,39.4,71.172,-0.5081184909184435,-1.8401989422320588,34,0.5
fpar_crop,623,C. Equatoria,2009,58.07520588235294,38.138,67.144,-0.7194424249052032,-1.9316156604958248,34,0.5588235294117647
fpar_crop,623,C. Equatoria,2010,58.89723529411765,46.305,68.958,-0.30825471926689296,-2.1937194809972502,34,0.17647058823529413
fpar_crop,623,C. Equatoria,2011,58.392529411764706,38.915,71.713,-0.17157584783505048,-1.44367925910741,34,0.08823529411764706
fpar_crop,623,C. Equatoria,2012,57.4440294117647,35.794,71.788,-0.48346579361917236,-2.100016881890706,34,0.38235294117647056
fpar_crop,623,C. Equatoria,2013,59.252,41.025,66.685,-0.2493441357629487,-1.998338220979694,34,0.29411764705882354
fpar_crop,623,C. Equatoria,2014,59.51185294117647,39.405,70.605,0.03286274887537282,-1.1435527246745405,34,0.058823529411764705
fpar_crop,623,C. Equatoria,2015,58.857705882352946,38.785,68.54,-0.29667594689137405,-1.6427039979318512,34,0.11764705882352941
fpar_crop,623,C. Equatoria,2016,58.17479411764706,38.165,69.154,-0.3219244293546857,-1.4568419911484565,34,0.08823529411764706
fpar_crop,623,C. Equatoria,2017,58.953823529411764,39.203,71.555,0.3256635029432021,-1.7763290563101184,34,0.17647058823529413
fpar_crop,623,C. Equatoria,2018,60.41835294117647,38.771,71.95,0.4636314036782167,-2.0458167594860095,34,0.058823529411764705
fpar_crop,623,C. Equatoria,2019,61.115500000000004,41.853,71.391,0.6806979967620563,-0.5231465505389116,34,0.0
fpar_crop,623,C. Equatoria,2020,60.63141176470588,39.749,70.767,0.5012677316570584,-0.44564787037191395,34,0.0
fpar_crop,623,C. Equatoria,2021,57.95158823529412,34.851,69.084,-0.4161143921246717,-1.7861648105492907,34,0.17647058823529413
fpar_crop,623,C. Equatoria,2022,59.12185294117647,38.869,68.656,-0.07958153630312612,-1.0512597033629696,34,0.058823529411764705
fpar_crop,623,C. Equatoria,2023,60.81055882352942,37.152,69.567,0.4570475610088213,-0.9813633917827423,34,0.0
fpar_crop,623,C. Equatoria,2024,60.83908823529412,41.169,69.596,0.4157258530989182,-1.418250708600691,34,0.11764705882352941
fpar_crop,623,C. Equatoria,2025,59.30432352941176,38.134,69.889,-0.023461928820188355,-1.0359082257054044,34,0.058823529411764705
fpar_crop,623,C. Equatoria,2026,56.19844444444445,37.671,67.804,-0.14924418996268685,-2.0470067538737458,18,0.2222222222222222
fpar_crop,1721,East Equatoria,2001,46.13545454545454,36.088,52.039,-0.173504526155088,-0.8631848465620356,22,0.0
fpar_crop,1721,East Equatoria,2002,37.79161111111111,18.244,47.127,-0.5473484670344502,-1.616423422643492,36,0.2222222222222222
fpar_crop,1721,East Equatoria,2003,37.70363888888889,14.148,53.976,-0.483763943185258,-1.6084412844556932,36,0.2777777777777778
fpar_crop,1721,East Equatoria,2004,35.97486111111111,9.698,47.865,-0.7617185751536195,-1.6500507508401172,36,0.3055555555555556
fpar_crop,1721,East Equatoria,2005,36.06780555555556,12.254,49.868,-0.7103099930466354,-1.7174448003702165,36,0.2222222222222222
fpar_crop,1721,East Equatoria,2006,37.59086111111111,13.171,49.373,-0.5138737037597099,-1.6389213009674266,36,0.1111111111111111
fpar_crop,1721,East Equatoria,2007,46.18208333333334,26.643,59.984,0.6467798590106212,-1.0854464590506614,36,0.05555555555555555
fpar_crop,1721,East Equatoria,2008,37.83027777777778,13.324,50.955,-0.47790152204159103,-1.4707232959635634,36,0.19444444444444445
fpar_crop,1721,East Equatoria,2009,32.99941666666667,12.516,46.567,-1.245494050086985,-2.929519351026657,36,0.5555555555555556
fpar_crop,1721,East Equatoria,2010,38.82058333333333,12.996,51.422,-0.30702416330194016,-1.3701786035721015,36,0.1111111111111111
fpar_crop,1721,East Equatoria,2011,37.80219444444444,10.983,52.111,-0.4701411920448452,-1.3666211432951507,36,0.25
fpar_crop,1721,East Equatoria,2012,47.28319444444444,19.897,61.95,0.8599120109686789,-1.9553793083272113,36,0.1388888888888889
fpar_crop,1721,East Equatoria,2013,44.07219444444444,22.895,56.673,0.40290255578773476,-0.47389629314071746,36,0.0
fpar_crop,1721,East Equatoria,2014,40.71722222222222,11.325,53.388,-0.03938133157973403,-0.8727759814317193,36,0.0
fpar_crop,1721,East Equatoria,2015,42.00894444444444,11.657,60.056,0.07443003974222556,-1.7976156903084932,36,0.19444444444444445
fpar_crop,1721,East Equatoria,2016,40.421277777777775,24.722,55.205,-0.1654156421717748,-1.4025245181526882,36,0.25
fpar_crop,1721,East Equatoria,2017,38.169444444444444,10.553,54.477,-0.3842614048410663,-1.6545418920265316,36,0.3055555555555556
fpar_crop,1721,East Equatoria,2018,41.276472222222225,13.646,58.896,0.07941713621162735,-1.1359046494614156,36,0.1388888888888889
fpar_crop,1721,East Equatoria,2019,41.57669444444444,10.608,58.268,0.12479872632103689,-1.8471611708228923,36,0.19444444444444445
fpar_crop,1721,East Equatoria,2020,50.62538888888889,36.92,59.363,1.2637840118576005,-0.20005772811352943,36,0.0
fpar_crop,1721,East Equatoria,2021,43.558166666666665,26.785,57.041,0.3311650186982129,-1.608553552343744,36,0.027777777777777776
fpar_crop,1721,East Equatoria,2022,41.00272222222222,10.351,54.832,0.034543061059700494,-1.0876289203578515,36,0.027777777777777776
fpar_crop,1721,East Equatoria,2023,45.09366666666667,10.045,58.048,0.5772525059896363,-1.0395523813819567,36,0.027777777777777776
fpar_crop,1721,East Equatoria,2024,47.75802777777778,20.37,58.508,0.9306637612802322,-0.32914754323242695,36,0.0
fpar_crop,1721,East Equatoria,2025,45.24894444444445,15.01,56.936,0.6245616191601231,-0.9557054263704908,36,0.0
fpar_crop,1721,East Equatoria,2026,39.9959,12.713,52.542,0.47241760665892063,-1.1383445698211117,20,0.05
fpar_crop,1726,North Bahr Ghaza,2001,45.935,25.198,60.316,0.16428765656636665,-0.7773244371876917,22,0.0
fpar_crop,1726,North Bahr Ghaza,2002,40.11258064516129,25.014,57.317,-0.864198649416011,-2.648667809198852,31,0.4838709677419355
fpar_crop,1726,North Bahr Ghaza,2003,39.27367741935483,20.045,59.495,-0.900846837481701,-2.3473309813148857,31,0.25806451612903225
fpar_crop,1726,North Bahr Ghaza,2004,41.532870967741935,23.773,60.907,-0.2798890208988451,-1.4839894168684835,31,0.16129032258064516
fpar_crop,1726,North Bahr Ghaza,2005,41.48816129032258,24.182,62.653,-0.4392563483085951,-1.7061611049525371,31,0.41935483870967744
fpar_crop,1726,North Bahr Ghaza,2006,43.30232258064516,28.045,61.5,0.34442334542700503,-0.5663242694472981,31,0.0
fpar_crop,1726,North Bahr Ghaza,2007,42.610451612903226,28.455,60.082,-0.10941976180059347,-0.6842665803175508,31,0.0
fpar_crop,1726,North Bahr Ghaza,2008,44.274580645161286,29.591,60.597,0.03430658343276047,-2.402125561325819,31,0.25806451612903225
fpar_crop,1726,North Bahr Ghaza,2009,40.63412903225806,22.718,58.909,-0.5945492400666191,-2.2683353917924487,31,0.3225806451612903
fpar_crop,1726,North Bahr Ghaza,2010,42.00841935483871,27.181,60.161,-0.13055731302263002,-1.0187961886607113,31,0.03225806451612903
fpar_crop,1726,North Bahr Ghaza,2011,41.950967741935486,28.366,58.138,-0.07480262429035127,-2.839837250075608,31,0.16129032258064516
fpar_crop,1726,North Bahr Ghaza,2012,40.59932258064516,22.151,62.039,-0.3627588976539837,-1.4906063803496004,31,0.2903225806451613
fpar_crop,1726,North Bahr Ghaza,2013,43.6408064516129,27.727,60.724,0.26898831635125336,-0.5467519697557041,31,0.0
fpar_crop,1726,North Bahr Ghaza,2014,44.586129032258064,28.864,60.75,0.24467931010816937,-1.7601211401661496,31,0.1935483870967742
fpar_crop,1726,North Bahr Ghaza,2015,43.287064516129035,29.273,62.174,0.259994775679444,-0.8359753667891389,31,0.0
fpar_crop,1726,North Bahr Ghaza,2016,40.60077419354839,26.455,60.546,-0.5930868080915235,-1.3281384184582379,31,0.16129032258064516
fpar_crop,1726,North Bahr Ghaza,2017,42.42883870967742,22.0,62.052,0.16154229217600066,-1.5144545710932327,31,0.12903225806451613
fpar_crop,1726,North Bahr Ghaza,2018,40.154548387096774,25.09,59.945,-0.6582579033622825,-1.0896981350469455,31,0.12903225806451613
fpar_crop,1726,North Bahr Ghaza,2019,43.301322580645156,21.0,63.928,0.5374413884819682,-1.6354173962604237,31,0.06451612903225806
fpar_crop,1726,North Bahr Ghaza,2020,41.376999999999995,25.41,62.937,-0.054369096961451834,-1.5018631654111678,31,0.16129032258064516
fpar_crop,1726,North Bahr Ghaza,2021,43.523387096774194,30.0,61.282,0.28921884420732663,-1.2161615211690775,31,0.06451612903225806
fpar_crop,1726,North Bahr Ghaza,2022,42.37964516129032,26.53,61.021,0.04938891390377314,-0.8515267042113449,31,0.0
fpar_crop,1726,North Bahr Ghaza,2023,44.06596774193549,28.0,62.645,0.7105395885734181,-0.7886776200900862,31,0.0
fpar_crop,1726,North Bahr Ghaza,2024,42.79793548387097,24.405,61.621,0.428934196595241,-1.3157518841057512,31,0.0967741935483871
fpar_crop,1726,North Bahr Ghaza,2025,44.39541935483871,24.0,65.111,1.0263569902224556,-1.2725289207588506,31,0.03225806451612903
fpar_crop,1726,North Bahr Ghaza,2026,41.57866666666666,34.946,57.47,1.2184792131739153,0.27865801935009116,15,0.0
fpar_crop,1727,Warab,2001,48.441545454545455,30.685,60.718,0.1271785806271013,-0.8055711877172538,22,0.0
fpar_crop,1727,Warab,2002,43.26379411764706,27.542,64.129,0.12797342568685258,-2.2827780326615086,34,0.20588235294117646
fpar_crop,1727,Warab,2003,40.75817647058824,26.75,59.637,-0.7073524035842166,-2.301179716271827,34,0.3235294117647059
fpar_crop,1727,Warab,2004,42.81552941176471,30.013,60.768,-0.21050908733126109,-1.2060566031709254,34,0.08823529411764706
fpar_crop,1727,Warab,2005,40.793323529411765,24.625,62.209,-0.6361725789644548,-2.118709835142095,34,0.35294117647058826
fpar_crop,1727,Warab,2006,45.264558823529406,31.125,62.51,0.5416648084687722,-0.26392859759811743,34,0.0
fpar_crop,1727,Warab,2007,45.050264705882356,34.0,61.719,0.36800580219085505,-1.058486817133351,34,0.08823529411764706
fpar_crop,1727,Warab,2008,45.019058823529406,32.875,60.254,-0.026018461502387083,-2.2707791086996716,34,0.3235294117647059
fpar_crop,1727,Warab,2009,41.79635294117647,32.125,58.116,-0.755239764810308,-2.6677253816751114,34,0.4117647058823529
fpar_crop,1727,Warab,2010,41.70755882352941,29.169,60.844,-0.411430881590399,-1.7761093011249234,34,0.23529411764705882
fpar_crop,1727,Warab,2011,43.104176470588236,26.9,61.743,0.2205493974628012,-1.2094549211278314,34,0.11764705882352941
fpar_crop,1727,Warab,2012,42.32247058823529,23.875,62.654,-0.05835929147840912,-2.1127037981646466,34,0.14705882352941177
fpar_crop,1727,Warab,2013,43.79035294117647,30.875,61.069,0.03544724968627467,-0.9071867115710317,34,0.0
fpar_crop,1727,Warab,2014,46.88814705882353,29.375,63.586,0.6871981543697033,-1.46736212096345,34,0.14705882352941177
fpar_crop,1727,Warab,2015,43.946588235294115,30.009,60.689,-0.09478719769257017,-1.5323845371610545,34,0.17647058823529413
fpar_crop,1727,Warab,2016,42.15517647058824,28.724,59.645,-0.5817929028809151,-1.5959890002799733,34,0.3235294117647059
fpar_crop,1727,Warab,2017,42.39729411764706,27.91,61.745,-0.18925642995625397,-1.031061945227197,34,0.08823529411764706
fpar_crop,1727,Warab,2018,42.11870588235294,28.729,61.852,-0.4891738000905698,-1.5428678900913042,34,0.3235294117647059
fpar_crop,1727,Warab,2019,42.385029411764705,28.37,62.791,-0.0346753276147644,-1.0582521314940705,34,0.08823529411764706
fpar_crop,1727,Warab,2020,42.64067647058823,26.706,61.602,-0.13161991263367928,-1.4175989636435047,34,0.08823529411764706
fpar_crop,1727,Warab,2021,43.47514705882353,30.624,61.973,0.019377024931511968,-0.8796038717076828,34,0.0
fpar_crop,1727,Warab,2022,42.11411764705882,29.34,60.229,-0.3226842544378603,-1.5711849205779835,34,0.20588235294117646
fpar_crop,1727,Warab,2023,45.41117647058824,30.27,64.95,0.9404581515423807,-0.7848041739707956,34,0.0
fpar_crop,1727,Warab,2024,43.86694117647059,27.918,63.735,0.5277351863570974,-1.6053321092752861,34,0.11764705882352941
fpar_crop,1727,Warab,2025,44.39805882352941,29.25,63.629,0.5826335353429454,-1.4625089678806875,34,0.058823529411764705
fpar_crop,1727,Warab,2026,41.99483333333333,31.219,60.171,0.9741709008991692,-0.8132607860171899,18,0.0
fpar_crop,1728,West Bahr Ghazal,2001,45.73781818181818,28.197,64.075,-0.4080446079702988,-1.134434507849272,22,0.3181818181818182
fpar_crop,1728,West Bahr Ghazal,2002,42.01632142857143,28.223,62.382,-0.7183734693267743,-1.819353413952562,28,0.2857142857142857
fpar_crop,1728,West Bahr Ghazal,2003,43.85917857142857,27.729,63.455,-0.24566234788620342,-2.6493504093688767,28,0.2857142857142857
fpar_crop,1728,West Bahr Ghazal,2004,42.75575,28.595,62.098,-0.6145424241464694,-1.553504412743222,28,0.35714285714285715
fpar_crop,1728,West Bahr Ghazal,2005,46.77032142857143,26.619,68.756,0.7341054467001847,-1.8032125617609547,28,0.10714285714285714
fpar_crop,1728,West Bahr Ghazal,2006,46.313857142857145,28.515,66.103,0.46260018079069515,-1.0633359167199832,28,0.03571428571428571
fpar_crop,1728,West Bahr Ghazal,2007,44.599607142857145,28.369,65.664,-0.1292873536156602,-1.6001720248226325,28,0.2857142857142857
fpar_crop,1728,West Bahr Ghazal,2008,45.38653571428572,28.847,61.734,-0.0630493662726079,-1.3258461302297946,28,0.17857142857142858
fpar_crop,1728,West Bahr Ghazal,2009,42.27025,25.124,60.451,-0.8634878042128811,-2.220826468146294,28,0.7142857142857143
fpar_crop,1728,West Bahr Ghazal,2010,43.36289285714286,26.49,61.946,-0.34965147726533596,-1.7681668413207272,28,0.03571428571428571
fpar_crop,1728,West Bahr Ghazal,2011,44.41860714285714,27.822,64.646,0.02985204258290522,-0.9889016038724159,28,0.0
fpar_crop,1728,West Bahr Ghazal,2012,46.617464285714284,30.026,66.836,0.6118775079677838,-0.9399614861594009,28,0.0
fpar_crop,1728,West Bahr Ghazal,2013,47.01546428571429,30.567,66.306,0.6139671359344522,-0.11463066129532233,28,0.0
fpar_crop,1728,West Bahr Ghazal,2014,48.67192857142857,29.675,60.778,0.7660375026628256,-1.19449881724913,28,0.07142857142857142
fpar_crop,1728,West Bahr Ghazal,2015,44.52007142857143,28.661,61.308,-0.2038370163574843,-1.4510664779931324,28,0.14285714285714285
fpar_crop,1728,West Bahr Ghazal,2016,45.66285714285714,29.229,66.428,0.2731782599242379,-0.7328904589193616,28,0.0
fpar_crop,1728,West Bahr Ghazal,2017,42.26957142857143,24.826,63.024,-0.5428099900288904,-1.7085096059402078,28,0.21428571428571427
fpar_crop,1728,West Bahr Ghazal,2018,45.28364285714286,31.095,64.298,0.16674876016826315,-0.45571210111570526,28,0.0
fpar_crop,1728,West Bahr Ghazal,2019,45.0215,25.825,61.68,0.16955273792123876,-1.3468988149073702,28,0.14285714285714285
fpar_crop,1728,West Bahr Ghazal,2020,43.01660714285714,28.936,61.194,-0.4492668979733007,-2.6550543940817395,28,0.35714285714285715
fpar_crop,1728,West Bahr Ghazal,2021,44.13621428571429,31.185,60.879,-0.19914986298222725,-1.1823173641707083,28,0.10714285714285714
fpar_crop,1728,West Bahr Ghazal,2022,44.82685714285714,29.122,64.496,0.1438098875034368,-1.2863469223062243,28,0.07142857142857142
fpar_crop,1728,West Bahr Ghazal,2023,46.42025,31.721,64.653,0.5080572949205097,-0.4561777003400461,28,0.0
fpar_crop,1728,West Bahr Ghazal,2024,45.1075,27.013,65.735,0.3296575580969813,-1.7998737025005294,28,0.2857142857142857
fpar_crop,1728,West Bahr Ghazal,2025,43.53425,29.921,63.025,-0.3041633230024175,-1.8281855675936014,28,0.25
fpar_crop,1728,West Bahr Ghazal,2026,40.401666666666664,31.943,44.863,0.45370148970459967,-0.42899943799356405,12,0.0
fpar_crop,1729,W.Equatoria,2001,71.1585909090909,55.431,79.816,-0.5283229821280551,-2.3466348887932074,22,0.3181818181818182
fpar_crop,1729,W.Equatoria,2002,65.8720303030303,36.0,81.111,-0.07094413279250532,-2.214513654607121,33,0.18181818181818182
fpar_crop,1729,W.Equatoria,2003,63.57875757575758,40.052,74.846,-0.7641598947049313,-2.3467895149911366,33,0.3333333333333333
fpar_crop,1729,W.Equatoria,2004,64.32624242424242,35.12,82.778,-0.34681289323905035,-1.9249078254482583,33,0.2727272727272727
fpar_crop,1729,W.Equatoria,2005,62.42693939393939,30.537,81.801,-0.43664264228894717,-2.9872620789458355,33,0.45454545454545453
fpar_crop,1729,W.Equatoria,2006,62.727666666666664,30.0,80.664,-0.6459518105118883,-2.446269748648023,33,0.48484848484848486
fpar_crop,1729,W.Equatoria,2007,64.27566666666667,33.0,76.48,-0.5112624803997162,-1.8092203349376006,33,0.21212121212121213
fpar_crop,1729,W.Equatoria,2008,65.75024242424242,39.0,81.666,0.018457770761556976,-1.176890293072021,33,0.12121212121212122
fpar_crop,1729,W.Equatoria,2009,66.3119090909091,44.76,78.584,-0.07725303881769693,-0.9748857259917854,33,0.0
fpar_crop,1729,W.Equatoria,2010,66.45669696969696,45.237,78.233,0.11097171616560138,-0.6660590815130379,33,0.0
fpar_crop,1729,W.Equatoria,2011,64.60533333333333,36.582,80.765,-0.20487662490157316,-0.8870175222821272,33,0.0
fpar_crop,1729,W.Equatoria,2012,63.712636363636356,33.969,78.764,-0.5932236263264622,-1.5426836063335487,33,0.30303030303030304
fpar_crop,1729,W.Equatoria,2013,66.40066666666667,42.271,76.583,-0.05450433424317677,-1.4375128979932212,33,0.12121212121212122
fpar_crop,1729,W.Equatoria,2014,69.00333333333333,47.0,81.614,0.6496522978782179,-0.2952354322788673,33,0.0
fpar_crop,1729,W.Equatoria,2015,66.9710303030303,42.0,78.147,0.1528549505278206,-1.190659696259294,33,0.06060606060606061
fpar_crop,1729,W.Equatoria,2016,65.39590909090909,38.748,79.873,-0.11954934655428598,-0.7374018893268816,33,0.0
fpar_crop,1729,W.Equatoria,2017,66.32115151515151,41.839,79.391,0.22840048930761478,-0.6783831535169282,33,0.0
fpar_crop,1729,W.Equatoria,2018,67.16463636363636,42.893,76.486,0.10927452945378452,-1.9314123356875041,33,0.15151515151515152
fpar_crop,1729,W.Equatoria,2019,69.08509090909091,43.0,79.972,0.7915626052366984,-0.98711988170842,33,0.0
fpar_crop,1729,W.Equatoria,2020,66.18960606060607,36.436,81.684,0.17646917918070615,-1.0763307973813765,33,0.030303030303030304
fpar_crop,1729,W.Equatoria,2021,66.25333333333333,37.156,79.758,0.2264428350413407,-0.7526650001623421,33,0.0
fpar_crop,1729,W.Equatoria,2022,64.31115151515152,39.0,78.107,-0.6191041842984868,-2.981231371558848,33,0.2727272727272727
fpar_crop,1729,W.Equatoria,2023,68.14918181818182,41.0,79.507,0.525478294434766,-1.5792672648539874,33,0.030303030303030304
fpar_crop,1729,W.Equatoria,2024,68.95530303030303,44.0,77.641,0.8426888985199139,-0.6165017359427463,33,0.0
fpar_crop,1729,W.Equatoria,2025,67.63975757575759,41.481,78.226,0.3836398407360191,-1.5253194768214722,33,0.15151515151515152
fpar_crop,1729,W.Equatoria,2026,66.64182352941177,45.786,81.757,1.1270604980801,-0.22086309016040873,17,0.0
fpar_crop,2242,Upper Nile,2001,31.48609090909091,20.23,44.26,-0.4075361710763063,-0.969815464173698,22,0.0
fpar_crop,2242,Upper Nile,2002,28.428060606060605,16.064,51.571,-0.8751489359571686,-2.5583512110815883,33,0.5757575757575758
fpar_crop,2242,Upper Nile,2003,31.184424242424242,14.854,49.872,-0.4838671880394402,-1.7445169692426632,33,0.21212121212121213
fpar_crop,2242,Upper Nile,2004,29.294848484848487,15.331,46.0,-0.7819160200993979,-1.307143589589134,33,0.6363636363636364
fpar_crop,2242,Upper Nile,2005,31.148090909090907,16.066,46.149,-0.46376546389485385,-1.7442693129315,33,0.21212121212121213
fpar_crop,2242,Upper Nile,2006,31.78215151515151,16.933,48.976,-0.3874231118554275,-2.5887036531815104,33,0.30303030303030304
fpar_crop,2242,Upper Nile,2007,37.66,25.932,54.139,0.5676381408527206,-0.4187490175802782,33,0.0
fpar_crop,2242,Upper Nile,2008,35.842757575757574,19.645,57.12,0.2701446301719761,-1.025197497762077,33,0.030303030303030304
fpar_crop,2242,Upper Nile,2009,29.5930303030303,15.583,43.286,-0.7278890954091006,-1.9217682778840945,33,0.42424242424242425
fpar_crop,2242,Upper Nile,2010,32.08384848484849,15.444,52.864,-0.37174089047818354,-1.480484048662793,33,0.18181818181818182
fpar_crop,2242,Upper Nile,2011,34.774848484848484,22.088,52.387,0.11695362572250914,-1.4160363393748583,33,0.030303030303030304
fpar_crop,2242,Upper Nile,2012,34.140121212121215,18.682,53.722,-0.13189371456206136,-1.7816752058805059,33,0.15151515151515152
fpar_crop,2242,Upper Nile,2013,28.698272727272727,17.209,47.0,-1.0035201796161708,-1.481686643714787,33,0.5757575757575758
fpar_crop,2242,Upper Nile,2014,38.663,25.351,61.0,0.5127341040474891,-0.9905894448990439,33,0.0
fpar_crop,2242,Upper Nile,2015,34.22621212121212,21.3,47.597,-0.07853194092101033,-0.9878543247183877,33,0.0
fpar_crop,2242,Upper Nile,2016,34.13627272727273,20.171,54.0,-0.07321124516556687,-1.3069022246310056,33,0.15151515151515152
fpar_crop,2242,Upper Nile,2017,33.717424242424244,20.198,54.0,-0.10903359513027418,-0.80233748668592,33,0.0
fpar_crop,2242,Upper Nile,2018,36.26972727272727,22.274,58.0,0.26095899769082054,-1.1913321092515199,33,0.09090909090909091
fpar_crop,2242,Upper Nile,2019,36.04827272727273,21.556,55.932,0.24179914187414017,-1.5287402167991382,33,0.15151515151515152
fpar_crop,2242,Upper Nile,2020,36.25181818181818,22.704,56.348,0.20897787603091666,-1.7099166761146243,33,0.030303030303030304
fpar_crop,2242,Upper Nile,2021,40.094484848484846,25.448,58.01,0.7748798650345957,-1.2712000681470856,33,0.06060606060606061
fpar_crop,2242,Upper Nile,2022,37.66836363636364,24.715,59.547,0.3866770859208255,-1.3731071406543771,33,0.06060606060606061
fpar_crop,2242,Upper Nile,2023,38.43484848484848,27.83,51.177,0.6344285886227323,-0.6758917898662666,33,0.0
fpar_crop,2242,Upper Nile,2024,40.174090909090914,24.129,59.378,0.9177877716680507,-1.152100437554714,33,0.06060606060606061
fpar_crop,2242,Upper Nile,2025,37.415,19.942,66.0,0.4168069174660193,-1.1470628383900519,33,0.09090909090909091
fpar_crop,2242,Upper Nile,2026,39.222529411764704,18.92,62.571,0.8732293383842411,-1.184955129974253,17,0.11764705882352941
rain_crop,558,Jonglei,1989,33.31045161290323,2.294,82.038,0.2461674476111641,-2.2273546924505334,31,0.0967741935483871
rain_crop,558,Jonglei,1990,28.75883870967742,1.341,71.848,-0.24297635210273524,-1.8892321498198625,31,0.12903225806451613
rain_crop,558,Jonglei,1991,38.7251935483871,0.881,107.225,0.4228152863347698,-1.4572297065737805,31,0.03225806451612903
rain_crop,558,Jonglei,1992,29.357774193548387,2.317,73.15,-0.11651529266147984,-1.726347791820853,31,0.16129032258064516
rain_crop,558,Jonglei,1993,26.68322580645161,1.483,64.947,-0.2894441439020166,-1.536770723992837,31,0.22580645161290322
rain_crop,558,Jonglei,1994,33.76416129032258,1.051,76.378,0.07254212370719293,-0.7644272443906437,31,0.0
rain_crop,558,Jonglei,1995,32.39077419354839,1.635,86.602,0.07902049122253293,-1.3049589874847896,31,0.0967741935483871
rain_crop,558,Jonglei,1996,35.594419354838706,0.969,79.664,0.3313179011315431,-1.0346467717189631,31,0.06451612903225806
rain_crop,558,Jonglei,1997,31.520225806451617,3.865,76.483,0.23331996617075368,-2.117952832984732,31,0.1935483870967742
rain_crop,558,Jonglei,1998,32.918193548387094,0.879,64.827,0.26709061281516183,-1.364767356335781,31,0.06451612903225806
rain_crop,558,Jonglei,1999,34.09506451612903,1.871,101.012,0.026436403493472475,-1.2923375672211712,31,0.16129032258064516
rain_crop,558,Jonglei,2000,30.073096774193548,1.094,70.766,-0.20029244790583559,-1.0759821109831946,31,0.06451612903225806
rain_crop,558,Jonglei,2001,33.26941935483871,1.28,84.805,-0.035025461780002966,-1.376209883561164,31,0.03225806451612903
rain_crop,558,Jonglei,2002,28.875967741935483,2.277,77.498,-0.10084448068332813,-1.8314710531934586,31,0.16129032258064516
rain_crop,558,Jonglei,2003,35.46416129032258,0.971,84.03,0.2794850656619165,-1.4858841028420977,31,0.06451612903225806
rain_crop,558,Jonglei,2004,31.12732258064516,1.688,132.264,0.0032437654989603344,-1.877619472731923,31,0.22580645161290322
rain_crop,558,Jonglei,2005,26.083677419354835,0.498,66.359,-0.5045881378591183,-1.7991038528232934,31,0.25806451612903225
rain_crop,558,Jonglei,2006,25.846129032258066,2.921,72.739,-0.3171005270348178,-1.8320806126683633,31,0.1935483870967742
rain_crop,558,Jonglei,2007,31.05432258064516,0.893,74.79,-0.1484625301402359,-1.4264551252087656,31,0.12903225806451613
rain_crop,558,Jonglei,2008,24.214387096774193,0.814,53.031,-0.5837908077484562,-1.9580500100894531,31,0.3225806451612903
rain_crop,558,Jonglei,2009,22.746,1.738,86.415,-0.6089187196894895,-1.9775519068684584,31,0.45161290322580644
rain_crop,558,Jonglei,2010,33.437387096774195,0.876,82.227,0.14144967946053869,-1.1603575162069162,31,0.03225806451612903
rain_crop,558,Jonglei,2011,32.004387096774195,1.193,82.389,-0.050911148977149975,-1.3110266963975756,31,0.06451612903225806
rain_crop,558,Jonglei,2012,36.02561290322581,2.093,89.895,0.27284236707650866,-1.0874366274130243,31,0.06451612903225806
rain_crop,558,Jonglei,2013,32.87274193548387,1.169,85.406,0.093593112803872,-1.253024449347878,31,0.0967741935483871
rain_crop,558,Jonglei,2014,36.11545161290322,0.987,80.128,0.20480225705935812,-1.1787392276278166,31,0.03225806451612903
rain_crop,558,Jonglei,2015,31.505806451612905,1.023,55.764,-0.01073196122236951,-1.9887127186433393,31,0.06451612903225806
rain_crop,558,Jonglei,2016,31.337741935483873,1.298,69.6,-0.10887473957483147,-1.725644120221015,31,0.12903225806451613
rain_crop,558,Jonglei,2017,33.00877419354838,0.806,91.814,0.01091506030278255,-1.0472417040605648,31,0.03225806451612903
rain_crop,558,Jonglei,2018,32.13464516129032,1.344,77.672,-0.06125487000827343,-1.825657934821518,31,0.06451612903225806
rain_crop,558,Jonglei,2019,36.26316129032258,2.31,78.454,0.5356812448329663,-0.7912202038906103,31,0.0
rain_crop,558,Jonglei,2020,34.12319354838709,1.403,79.108,0.2128585439063696,-0.8419180953155875,31,0.0
rain_crop,558,Jonglei,2021,29.683903225806453,1.855,61.645,-0.039567832819669975,-1.1703936773566368,31,0.12903225806451613
rain_crop,558,Jonglei,2022,30.110354838709675,2.319,72.63,-0.0822227802467703,-1.1918371598535151,31,0.06451612903225806
rain_crop,558,Jonglei,2023,33.870935483870966,1.251,81.475,0.29324153161195404,-2.0380730004296064,31,0.0967741935483871
rain_crop,558,Jonglei,2024,31.21567741935484,0.826,78.833,-0.08421145055616745,-1.5447590273295007,31,0.16129032258064516
rain_crop,558,Jonglei,2025,31.321967741935484,2.152,104.28,-0.0851772953563462,-1.1079517688076785,31,0.03225806451612903
rain_crop,558,Jonglei,2026,32.9954,3.041,92.426,-0.11555121956096051,-1.6515243502180184,15,0.2
rain_crop,599,El Buheyrat,1989,31.291857142857143,0.107,72.227,0.18057517992912,-1.9083767728350534,28,0.21428571428571427
rain_crop,599,El Buheyrat,1990,31.597392857142857,0.016,88.341,0.057185225487302906,-1.4195750309883657,28,0.21428571428571427
rain_crop,599,El Buheyrat,1991,32.47835714285714,0.016,81.515,-0.01228415233799328,-1.3305995274651377,28,0.03571428571428571
rain_crop,599,El Buheyrat,1992,35.52957142857143,0.055,97.061,0.23427990298513995,-1.2488898925113252,28,0.03571428571428571
rain_crop,599,El Buheyrat,1993,32.55182142857143,0.091,84.385,0.4257247961606148,-1.549650635115538,28,0.14285714285714285
rain_crop,599,El Buheyrat,1994,32.89964285714286,0.016,68.974,0.002579257888410002,-2.2190335596877553,28,0.10714285714285714
rain_crop,599,El Buheyrat,1995,34.612607142857144,0.054,102.915,0.13033339023223678,-1.1289073258988753,28,0.07142857142857142
rain_crop,599,El Buheyrat,1996,34.10671428571429,0.016,80.212,0.06326826204796863,-1.6435656350544423,28,0.17857142857142858
rain_crop,599,El Buheyrat,1997,29.609571428571428,0.076,83.947,0.09494238228515617,-2.642611253148928,28,0.21428571428571427
rain_crop,599,El Buheyrat,1998,35.722321428571426,0.016,97.837,0.28358069723042023,-1.3546334940726932,28,0.07142857142857142
rain_crop,599,El Buheyrat,1999,32.79378571428571,0.014,94.104,0.021881272792003168,-2.178700929601892,28,0.07142857142857142
rain_crop,599,El Buheyrat,2000,34.37728571428571,0.022,90.22,0.16957166815899044,-1.3297523970871652,28,0.03571428571428571
rain_crop,599,El Buheyrat,2001,40.56810714285714,0.006,109.582,0.2778781130031638,-1.3338729865168073,28,0.10714285714285714
rain_crop,599,El Buheyrat,2002,28.542714285714286,0.035,73.636,-0.28383639769255425,-1.6905035952138618,28,0.25
rain_crop,599,El Buheyrat,2003,38.55810714285714,0.016,96.869,0.3488778786748172,-1.3338729865168073,28,0.03571428571428571
rain_crop,599,El Buheyrat,2004,26.340821428571427,0.007,98.784,-0.4663029438024085,-1.7321188229066653,28,0.2857142857142857
rain_crop,599,El Buheyrat,2005,29.500035714285712,0.011,82.147,-0.37288518635549617,-1.754963609213574,28,0.32142857142857145
rain_crop,599,El Buheyrat,2006,31.55617857142857,0.023,81.451,-0.2127881076578538,-2.1685112333034717,28,0.25
rain_crop,599,El Buheyrat,2007,32.276428571428575,0.014,95.042,-0.18219159085570652,-2.5461964734358995,28,0.14285714285714285
rain_crop,599,El Buheyrat,2008,25.131714285714285,0.014,52.085,-0.5698085491939338,-1.9427760892179968,28,0.14285714285714285
rain_crop,599,El Buheyrat,2009,24.867107142857144,0.035,61.559,-0.5285530628855356,-2.163728397022485,28,0.32142857142857145
rain_crop,599,El Buheyrat,2010,33.162642857142856,0.024,77.822,0.013653264408687813,-1.694828494563397,28,0.10714285714285714
rain_crop,599,El Buheyrat,2011,32.42742857142857,0.014,72.555,-0.1375799787195399,-1.554733358276814,28,0.14285714285714285
rain_crop,599,El Buheyrat,2012,37.1635,0.016,98.682,0.14403846132114,-2.340836107976853,28,0.07142857142857142
rain_crop,599,El Buheyrat,2013,35.69032142857143,0.016,90.545,0.3218202312720935,-0.9138137276451724,28,0.0
rain_crop,599,El Buheyrat,2014,32.80453571428571,0.016,71.546,0.07638149204805399,-0.9754624973171739,28,0.0
rain_crop,599,El Buheyrat,2015,29.992250000000002,0.016,70.879,-0.10561554320967936,-1.5184552633201374,28,0.14285714285714285
rain_crop,599,El Buheyrat,2016,33.01260714285714,0.016,79.659,0.10683254522728085,-1.7236800972864992,28,0.10714285714285714
rain_crop,599,El Buheyrat,2017,32.491142857142854,0.016,90.037,-0.016171516589383664,-1.0075560119077338,28,0.03571428571428571
rain_crop,599,El Buheyrat,2018,30.128642857142857,0.05,77.133,-0.13577465570117395,-1.4341484584190916,28,0.10714285714285714
rain_crop,599,El Buheyrat,2019,33.62985714285714,0.016,87.241,0.24319656238865822,-1.9218561374985232,28,0.07142857142857142
rain_crop,599,El Buheyrat,2020,31.241999999999997,0.016,69.412,-0.16534305166343155,-1.0115930308077683,28,0.03571428571428571
rain_crop,599,El Buheyrat,2021,31.453535714285714,0.016,61.742,0.10195482690589337,-1.1038587163131452,28,0.07142857142857142
rain_crop,599,El Buheyrat,2022,29.10585714285714,0.034,68.232,0.0362242266511977,-1.7847104768231614,28,0.17857142857142858
rain_crop,599,El Buheyrat,2023,31.70785714285714,0.016,66.078,0.30753018437631674,-1.570320002965905,28,0.07142857142857142
rain_crop,599,El Buheyrat,2024,30.864892857142856,0.016,75.279,-0.1724499397617363,-1.6286542421814887,28,0.17857142857142858
rain_crop,599,El Buheyrat,2025,31.334714285714284,0.034,82.951,-0.04294388539491824,-1.496766698809582,28,0.03571428571428571
rain_crop,599,El Buheyrat,2026,26.994249999999997,0.806,57.547,-0.5548229391910876,-2.0472552232191488,12,0.3333333333333333
rain_crop,622,Unity,1989,28.794766666666664,0.0,80.945,0.0035205079710107076,-1.7056951906151063,30,0.1
rain_crop,622,Unity,1990,25.1472,0.0,81.206,-0.27220791877963807,-1.7854594859174444,30,0.23333333333333334
rain_crop,622,Unity,1991,26.855900000000002,0.0,74.913,-0.054222200566300366,-2.157897397765739,30,0.13333333333333333
rain_crop,622,Unity,1992,28.963733333333334,0.0,92.267,-0.022394881359942963,-1.3477221847610417,30,0.1
rain_crop,622,Unity,1993,29.175,0.0,112.557,0.0863033402953516,-1.7452292712641513,30,0.13333333333333333
rain_crop,622,Unity,1994,29.96216666666667,0.0,90.081,0.07756220002883721,-1.2368176602247087,30,0.1
rain_crop,622,Unity,1995,35.405499999999996,0.0,92.72,0.4396540149726954,-0.6384662875496773,30,0.0
rain_crop,622,Unity,1996,29.8133,0.0,76.725,0.023147574763034594,-0.9723821683147673,30,0.0
rain_crop,622,Unity,1997,28.720066666666664,0.0,79.071,0.326442669742339,-1.1109232817333934,30,0.1
rain_crop,622,Unity,1998,28.632600000000004,0.0,110.015,0.007660483706309325,-1.7897274010466286,30,0.06666666666666667
rain_crop,622,Unity,1999,32.621833333333335,0.0,105.097,0.27251836143178454,-1.1803602767571775,30,0.03333333333333333
rain_crop,622,Unity,2000,28.560266666666667,0.0,95.22,-0.09091559534599333,-1.5730705139877157,30,0.13333333333333333
rain_crop,622,Unity,2001,31.795433333333335,0.0,112.533,0.1386347341588909,-1.246173665917277,30,0.06666666666666667
rain_crop,622,Unity,2002,27.64786666666667,0.0,121.781,0.010323335637037549,-1.5171138996182434,30,0.13333333333333333
rain_crop,622,Unity,2003,26.523433333333333,0.0,79.03,-0.058753875115463476,-1.6820399565652264,30,0.16666666666666666
rain_crop,622,Unity,2004,21.6178,0.0,82.157,-0.48597031602084856,-2.0276516958804502,30,0.23333333333333334
rain_crop,622,Unity,2005,27.16936666666667,0.0,113.94,-0.18027988258112645,-1.3856859850686505,30,0.16666666666666666
rain_crop,622,Unity,2006,26.61296666666667,0.0,77.825,-0.19397186061520805,-1.4099170031095005,30,0.2
rain_crop,622,Unity,2007,31.296733333333336,0.0,131.208,0.1937593472891926,-2.3803170809132914,30,0.06666666666666667
rain_crop,622,Unity,2008,20.438766666666666,0.0,73.835,-0.576146618831455,-2.1591920952702384,30,0.36666666666666664
rain_crop,622,Unity,2009,20.708833333333335,0.0,52.995,-0.540851011643772,-1.8348758750808054,30,0.3
rain_crop,622,Unity,2010,29.44386666666667,0.0,125.65,-0.039589381976561214,-2.257338133442941,30,0.06666666666666667
rain_crop,622,Unity,2011,31.445033333333335,0.0,102.158,0.08810247927198311,-1.257227483254432,30,0.1
rain_crop,622,Unity,2012,26.954166666666666,0.0,90.455,-0.1405198248563505,-1.524602834824716,30,0.2
rain_crop,622,Unity,2013,26.339233333333333,0.0,84.194,-0.09632751665039216,-2.1910380457800134,30,0.13333333333333333
rain_crop,622,Unity,2014,34.37543333333333,0.0,101.682,0.45674550525708263,-0.731740529827061,30,0.0
rain_crop,622,Unity,2015,27.817933333333333,0.0,78.269,-0.00908795451073748,-1.2680709064369398,30,0.1
rain_crop,622,Unity,2016,26.781833333333335,0.0,67.961,-0.03770928104700923,-1.3526867391882538,30,0.06666666666666667
rain_crop,622,Unity,2017,33.144666666666666,0.0,98.499,0.30687576672975264,-1.1342184709234442,30,0.03333333333333333
rain_crop,622,Unity,2018,28.519333333333336,0.0,96.649,0.0700305258455899,-1.6543571068350613,30,0.06666666666666667
rain_crop,622,Unity,2019,32.102866666666664,0.0,125.318,0.19346770190466236,-1.3267784010512256,30,0.06666666666666667
rain_crop,622,Unity,2020,27.637933333333333,0.0,77.722,-0.05576078683203886,-1.019644246382678,30,0.03333333333333333
rain_crop,622,Unity,2021,28.315299999999997,0.0,70.004,0.08726274976957903,-1.2576978595004364,30,0.06666666666666667
rain_crop,622,Unity,2022,28.5059,0.0,97.288,-0.009827434739045881,-1.0561187965659669,30,0.03333333333333333
rain_crop,622,Unity,2023,26.952733333333335,0.0,75.915,0.20113085261594615,-1.4274448425797874,30,0.1
rain_crop,622,Unity,2024,27.3696,0.0,82.035,-0.06222322732862841,-1.2909433630306357,30,0.16666666666666666
rain_crop,622,Unity,2025,28.212266666666668,0.0,81.06,0.0077469067268785075,-1.1803602767571775,30,0.06666666666666667
rain_crop,622,Unity,2026,21.316714285714287,0.0,58.785,-0.13742033425167058,-0.9187351959236437,14,0.0
rain_crop,623,C. Equatoria,1989,41.06126470588236,2.048,122.247,0.15637342353128905,-2.019895553194956,34,0.17647058823529413
rain_crop,623,C. Equatoria,1990,39.034970588235296,1.944,138.935,0.17821109426864828,-1.9629995631051074,34,0.17647058823529413
rain_crop,623,C. Equatoria,1991,45.412558823529416,2.2,105.224,0.44336722204122764,-1.1066248634087827,34,0.058823529411764705
rain_crop,623,C. Equatoria,1992,35.78411764705883,1.7,80.724,-0.2246661776163922,-1.2291766411259868,34,0.029411764705882353
rain_crop,623,C. Equatoria,1993,38.88470588235294,3.444,97.187,0.0949920746301787,-2.0905151520201763,34,0.17647058823529413
rain_crop,623,C. Equatoria,1994,39.44008823529412,2.502,83.967,0.017567409939457015,-1.0174326933290645,34,0.058823529411764705
rain_crop,623,C. Equatoria,1995,36.095558823529416,2.06,84.532,-0.12251303233475991,-1.1153565127616947,34,0.058823529411764705
rain_crop,623,C. Equatoria,1996,39.670647058823526,3.425,81.904,0.08869163191573144,-1.5218607886574704,34,0.08823529411764706
rain_crop,623,C. Equatoria,1997,41.201088235294115,2.402,101.223,0.2733101423957537,-1.8168021173015003,34,0.14705882352941177
rain_crop,623,C. Equatoria,1998,41.932382352941175,2.57,114.768,0.21742449017246843,-1.3644721443120311,34,0.058823529411764705
rain_crop,623,C. Equatoria,1999,42.90526470588235,2.785,111.83,0.2409558027144876,-0.8219319054223593,34,0.0
rain_crop,623,C. Equatoria,2000,33.862529411764704,1.517,75.871,-0.348102337360506,-1.4088293885772059,34,0.20588235294117646
rain_crop,623,C. Equatoria,2001,43.41235294117647,1.698,115.517,0.1914046201281011,-1.1162997999676239,34,0.08823529411764706
rain_crop,623,C. Equatoria,2002,41.598735294117645,2.5,83.704,0.2071383153718479,-1.6446810211473162,34,0.058823529411764705
rain_crop,623,C. Equatoria,2003,44.33564705882353,2.835,96.311,0.34612602033150147,-1.0658787346213168,34,0.058823529411764705
rain_crop,623,C. Equatoria,2004,39.26347058823529,2.451,93.616,0.08317214854979012,-2.1473322139787863,34,0.11764705882352941
rain_crop,623,C. Equatoria,2005,29.65579411764706,1.526,76.467,-0.515473200203245,-2.544035449604702,34,0.23529411764705882
rain_crop,623,C. Equatoria,2006,30.820647058823532,1.519,95.997,-0.3832082218791715,-1.7594618207673127,34,0.20588235294117646
rain_crop,623,C. Equatoria,2007,31.085058823529412,1.944,79.677,-0.3735782863108992,-1.6354981853546802,34,0.20588235294117646
rain_crop,623,C. Equatoria,2008,27.514735294117646,2.0,77.056,-0.623195625253654,-2.0726999919777374,34,0.29411764705882354
rain_crop,623,C. Equatoria,2009,24.358735294117647,1.773,77.894,-0.7732635179277533,-2.0753778896099555,34,0.47058823529411764
rain_crop,623,C. Equatoria,2010,41.18026470588235,1.847,83.515,0.34892855785329185,-0.9992762923108828,34,0.0
rain_crop,623,C. Equatoria,2011,40.65788235294117,2.318,105.541,0.03796128745347685,-1.1840895333736772,34,0.08823529411764706
rain_crop,623,C. Equatoria,2012,41.602676470588236,1.944,118.32,0.10850838021121359,-1.3833510855305988,34,0.058823529411764705
rain_crop,623,C. Equatoria,2013,42.673205882352946,2.44,83.177,0.2658152660157548,-1.3345965986495318,34,0.058823529411764705
rain_crop,623,C. Equatoria,2014,39.698235294117644,2.222,70.658,0.06460976621049581,-0.8083402530171847,34,0.0
rain_crop,623,C. Equatoria,2015,39.27635294117647,2.5,110.124,-0.0054618717714298125,-1.3153847596123518,34,0.11764705882352941
rain_crop,623,C. Equatoria,2016,38.142941176470586,3.097,78.401,-0.03199793579472732,-1.5159598656929842,34,0.08823529411764706
rain_crop,623,C. Equatoria,2017,37.73741176470588,1.667,98.483,0.026891553468784697,-1.2111997607937328,34,0.11764705882352941
rain_crop,623,C. Equatoria,2018,40.82358823529412,1.821,87.207,0.2547210748887232,-0.9611782222213963,34,0.0
rain_crop,623,C. Equatoria,2019,42.92270588235294,3.388,104.003,0.2724537040381995,-1.2562748216905817,34,0.029411764705882353
rain_crop,623,C. Equatoria,2020,39.50767647058824,1.944,100.906,0.07915090094511691,-1.2800801865738933,34,0.058823529411764705
rain_crop,623,C. Equatoria,2021,34.68179411764706,2.889,100.548,-0.15813068248151538,-1.5051311398411191,34,0.058823529411764705
rain_crop,623,C. Equatoria,2022,33.809411764705885,2.658,77.593,-0.06256900511523907,-1.9111038138578957,34,0.17647058823529413
rain_crop,623,C. Equatoria,2023,38.84073529411765,1.501,106.961,-0.01731087893273651,-1.7756009231871475,34,0.14705882352941177
rain_crop,623,C. Equatoria,2024,39.43588235294118,1.0,109.562,0.06435820026396985,-1.6285590136195296,34,0.20588235294117646
rain_crop,623,C. Equatoria,2025,32.70494117647059,1.99,76.865,-0.32455663084806735,-1.8238469243682127,34,0.20588235294117646
rain_crop,623,C. Equatoria,2026,30.26166666666667,2.5,79.596,-0.18531073551777985,-2.0580287533084607,18,0.2777777777777778
rain_crop,1721,East Equatoria,1989,27.565944444444444,1.487,104.217,0.2760490501224658,-1.4443018897447935,36,0.1111111111111111
rain_crop,1721,East Equatoria,1990,23.63625,1.906,58.228,-0.0003541688739829296,-1.4153029845545526,36,0.05555555555555555
rain_crop,1721,East Equatoria,1991,29.97063888888889,2.033,116.005,0.31614795038055465,-1.5831567151425123,36,0.05555555555555555
rain_crop,1721,East Equatoria,1992,23.46183333333333,1.471,64.399,-0.09695423933956568,-1.2083800040420336,36,0.08333333333333333
rain_crop,1721,East Equatoria,1993,18.321944444444444,2.308,65.614,-0.3117381366443708,-1.629253929150362,36,0.2777777777777778
rain_crop,1721,East Equatoria,1994,27.627444444444443,1.455,99.448,0.041855731676992476,-0.9534885148731171,36,0.0
rain_crop,1721,East Equatoria,1995,21.60452777777778,1.339,52.814,-0.19806878635621897,-0.9511664495316433,36,0.0
rain_crop,1721,East Equatoria,1996,23.32375,2.565,63.673,-0.025812387926781914,-1.5350774084867969,36,0.1111111111111111
rain_crop,1721,East Equatoria,1997,24.234694444444443,1.333,79.036,-0.0052258262164789565,-1.6641302591526572,36,0.2222222222222222
rain_crop,1721,East Equatoria,1998,24.33927777777778,2.167,59.44,0.11349475959888872,-1.185134730658222,36,0.08333333333333333
rain_crop,1721,East Equatoria,1999,21.383027777777777,1.667,71.49,-0.24465434852953624,-1.3631521763420738,36,0.1111111111111111
rain_crop,1721,East Equatoria,2000,19.49352777777778,1.055,56.19,-0.40184793451390755,-1.3001706689990504,36,0.08333333333333333
rain_crop,1721,East Equatoria,2001,26.06838888888889,1.908,71.784,0.002179842239185973,-1.1770149724428869,36,0.05555555555555555
rain_crop,1721,East Equatoria,2002,22.84652777777778,1.215,53.991,0.013383555309329158,-1.213498364096092,36,0.027777777777777776
rain_crop,1721,East Equatoria,2003,25.209416666666666,2.202,65.336,0.023937306874193053,-1.3160031829336838,36,0.08333333333333333
rain_crop,1721,East Equatoria,2004,24.013444444444445,1.667,74.338,0.0013198269769901239,-1.4360241681066248,36,0.19444444444444445
rain_crop,1721,East Equatoria,2005,19.275972222222222,1.465,65.987,-0.4219588292675957,-1.1237794634143627,36,0.08333333333333333
rain_crop,1721,East Equatoria,2006,25.982777777777777,1.7,88.351,0.1703895386635013,-1.2733545175054528,36,0.1111111111111111
rain_crop,1721,East Equatoria,2007,26.08775,2.01,99.412,0.07673493460464507,-1.4363387406573866,36,0.1111111111111111
rain_crop,1721,East Equatoria,2008,20.311999999999998,1.576,59.628,-0.3065566088179391,-1.780769612276809,36,0.19444444444444445
rain_crop,1721,East Equatoria,2009,17.26102777777778,1.393,60.809,-0.4168443113230082,-1.4494768191847924,36,0.25
rain_crop,1721,East Equatoria,2010,23.874861111111112,1.96,71.77,-0.012190114462130967,-1.0312171418825595,36,0.05555555555555555
rain_crop,1721,East Equatoria,2011,29.516861111111112,1.474,81.883,0.2891666151689082,-0.9585745451078386,36,0.0
rain_crop,1721,East Equatoria,2012,32.688,1.035,94.275,0.3860589140050634,-1.4938529850569726,36,0.05555555555555555
rain_crop,1721,East Equatoria,2013,27.031805555555554,1.947,72.573,0.10954108502881785,-1.3188655944837961,36,0.027777777777777776
rain_crop,1721,East Equatoria,2014,26.077805555555557,1.348,91.455,-0.0009258354398409182,-1.575535765926715,36,0.05555555555555555
rain_crop,1721,East Equatoria,2015,24.329444444444444,1.837,67.4,-0.10171683881492274,-1.4968298669793993,36,0.08333333333333333
rain_crop,1721,East Equatoria,2016,21.948916666666666,1.467,73.541,-0.26065555478574676,-1.651566198262457,36,0.027777777777777776
rain_crop,1721,East Equatoria,2017,23.714222222222222,1.864,67.777,-0.10339883257012558,-1.115082409132194,36,0.05555555555555555
rain_crop,1721,East Equatoria,2018,29.15827777777778,1.298,87.955,0.2317197422601527,-1.2319711706631102,36,0.1111111111111111
rain_crop,1721,East Equatoria,2019,28.390083333333333,1.275,92.946,0.1953457514765043,-1.2720057606800996,36,0.1111111111111111
rain_crop,1721,East Equatoria,2020,30.97263888888889,1.886,76.43,0.5065708142229821,-1.077246537871009,36,0.027777777777777776
rain_crop,1721,East Equatoria,2021,22.01063888888889,2.221,76.886,-0.1938031151252821,-1.2555866174888126,36,0.1111111111111111
rain_crop,1721,East Equatoria,2022,22.988222222222223,2.271,74.494,-0.05220080661311727,-1.5261810673297271,36,0.08333333333333333
rain_crop,1721,East Equatoria,2023,24.34825,2.036,100.397,-0.033761530178738584,-1.5636155556955273,36,0.1388888888888889
rain_crop,1721,East Equatoria,2024,28.364527777777777,2.7,92.166,0.20780714031309996,-1.2935409485342977,36,0.08333333333333333
rain_crop,1721,East Equatoria,2025,28.1875,1.333,94.355,0.15223664200139736,-1.1514288764221619,36,0.05555555555555555
rain_crop,1721,East Equatoria,2026,24.032500000000002,1.477,72.235,0.1345122087761116,-1.464836872477082,20,0.15
rain_crop,1726,North Bahr Ghaza,1989,29.59406451612903,0.0,91.411,0.1470939431117034,-1.3785442296618817,31,0.0967741935483871
rain_crop,1726,North Bahr Ghaza,1990,25.186129032258062,0.0,85.84,-0.16914208344588774,-1.2831321659324877,31,0.16129032258064516
rain_crop,1726,North Bahr Ghaza,1991,25.70716129032258,0.0,78.863,-0.09608586825151345,-1.6725575640149324,31,0.0967741935483871
rain_crop,1726,North Bahr Ghaza,1992,25.24883870967742,0.0,92.595,-0.17427567204234254,-1.536591402553522,31,0.06451612903225806
rain_crop,1726,North Bahr Ghaza,1993,27.93948387096774,0.0,74.027,0.2083166706403109,-1.7749616092616771,31,0.06451612903225806
rain_crop,1726,North Bahr Ghaza,1994,27.597,0.0,86.356,0.14516415166800828,-1.5139687779974857,31,0.06451612903225806
rain_crop,1726,North Bahr Ghaza,1995,26.87267741935484,0.0,86.224,-0.013849617747810915,-1.170052099007482,31,0.03225806451612903
rain_crop,1726,North Bahr Ghaza,1996,30.50758064516129,0.0,128.542,0.20389615703787853,-1.0157588409975178,31,0.03225806451612903
rain_crop,1726,North Bahr Ghaza,1997,29.428870967741933,0.0,76.582,0.3644797458348313,-1.9883571571801084,31,0.06451612903225806
rain_crop,1726,North Bahr Ghaza,1998,27.96303225806452,0.0,89.683,0.1195796072783577,-1.4394169665229117,31,0.06451612903225806
rain_crop,1726,North Bahr Ghaza,1999,29.77358064516129,0.0,105.907,0.19139919310085815,-1.8118063456152964,31,0.06451612903225806
rain_crop,1726,North Bahr Ghaza,2000,27.468709677419355,0.0,87.736,0.12883928876758036,-1.3898383815441624,31,0.06451612903225806
rain_crop,1726,North Bahr Ghaza,2001,29.137483870967746,0.0,86.327,0.12464195350662924,-1.390043828212376,31,0.0967741935483871
rain_crop,1726,North Bahr Ghaza,2002,22.719612903225805,0.0,81.316,-0.1862758955523801,-2.6113653673750616,31,0.22580645161290322
rain_crop,1726,North Bahr Ghaza,2003,29.37248387096774,0.0,92.852,0.21258649540891858,-1.3179108650660492,31,0.06451612903225806
rain_crop,1726,North Bahr Ghaza,2004,20.017193548387098,0.0,64.508,-0.4461040963782478,-2.831434058198067,31,0.25806451612903225
rain_crop,1726,North Bahr Ghaza,2005,23.044225806451614,0.0,65.873,-0.30637583731921614,-2.1268892460045437,31,0.22580645161290322
rain_crop,1726,North Bahr Ghaza,2006,25.775354838709674,0.0,70.131,-0.08430467831822176,-1.833269988586713,31,0.0967741935483871
rain_crop,1726,North Bahr Ghaza,2007,26.29083870967742,0.0,88.656,-0.09170716573253267,-2.1133730982927017,31,0.06451612903225806
rain_crop,1726,North Bahr Ghaza,2008,19.524129032258067,0.0,62.299,-0.5930426469032583,-1.9873214859595072,31,0.2903225806451613
rain_crop,1726,North Bahr Ghaza,2009,23.562677419354838,0.0,74.325,-0.1689194556298807,-2.6084524556397914,31,0.16129032258064516
rain_crop,1726,North Bahr Ghaza,2010,25.538612903225808,0.0,74.566,-0.050135624300804156,-1.5601152564562957,31,0.0967741935483871
rain_crop,1726,North Bahr Ghaza,2011,28.22425806451613,0.0,89.18,0.039633497599640036,-1.3402403104551508,31,0.12903225806451613
rain_crop,1726,North Bahr Ghaza,2012,27.460709677419356,0.0,93.899,0.11094636799037454,-1.1975403000964902,31,0.06451612903225806
rain_crop,1726,North Bahr Ghaza,2013,30.419451612903227,0.0,100.257,0.2036971708523262,-1.2766482337131917,31,0.06451612903225806
rain_crop,1726,North Bahr Ghaza,2014,25.92341935483871,0.0,67.646,-0.0748677935036005,-1.8732044913839292,31,0.0967741935483871
rain_crop,1726,North Bahr Ghaza,2015,26.319709677419354,0.0,74.559,0.15858244573456737,-1.3662151133705709,31,0.06451612903225806
rain_crop,1726,North Bahr Ghaza,2016,25.329935483870965,0.0,69.615,0.043085935895633684,-1.2407033035804003,31,0.03225806451612903
rain_crop,1726,North Bahr Ghaza,2017,26.403709677419354,0.0,88.5,-0.06289505497062832,-1.1951468083407706,31,0.06451612903225806
rain_crop,1726,North Bahr Ghaza,2018,28.5728064516129,0.0,85.532,0.12871943146147027,-1.1800967612097089,31,0.06451612903225806
rain_crop,1726,North Bahr Ghaza,2019,29.286935483870966,0.0,77.559,0.1711565570257345,-0.7938095402756523,31,0.0
rain_crop,1726,North Bahr Ghaza,2020,24.138129032258067,0.0,87.48,-0.24074416019233114,-1.480772967369026,31,0.0967741935483871
rain_crop,1726,North Bahr Ghaza,2021,28.604258064516127,0.0,76.853,0.17788431401096985,-1.2535417205627353,31,0.06451612903225806
rain_crop,1726,North Bahr Ghaza,2022,27.41825806451613,0.0,75.711,0.02580133474688855,-1.1654746728790555,31,0.03225806451612903
rain_crop,1726,North Bahr Ghaza,2023,25.93641935483871,0.0,78.694,0.30226473336248033,-1.4127592409018648,31,0.06451612903225806
rain_crop,1726,North Bahr Ghaza,2024,25.315322580645162,0.0,92.654,-0.09285112895323536,-1.519718733755834,31,0.0967741935483871
rain_crop,1726,North Bahr Ghaza,2025,24.23174193548387,0.0,81.903,-0.24584716167602957,-1.7169942085266097,31,0.16129032258064516
rain_crop,1726,North Bahr Ghaza,2026,20.961133333333336,0.0,56.988,-0.22804644517562755,-1.6546176672285813,15,0.2
rain_crop,1727,Warab,1989,30.01841176470588,0.0,96.504,0.1212376285878434,-1.8257172972080296,34,0.08823529411764706
rain_crop,1727,Warab,1990,27.032647058823528,0.0,111.905,-0.019029489381898936,-1.517961199392805,34,0.08823529411764706
rain_crop,1727,Warab,1991,27.906882352941174,0.0,76.148,0.10475603358040779,-1.36649324479839,34,0.08823529411764706
rain_crop,1727,Warab,1992,26.87435294117647,0.0,104.397,-0.09506251733167373,-1.2519025694222106,34,0.029411764705882353
rain_crop,1727,Warab,1993,32.58244117647058,0.0,102.789,0.562603092742138,-1.73437420400571,34,0.058823529411764705
rain_crop,1727,Warab,1994,27.39014705882353,0.0,74.312,0.006744722276113413,-1.3412051425256077,34,0.029411764705882353
rain_crop,1727,Warab,1995,30.23170588235294,0.0,91.622,0.13234235099320693,-0.8376997329536396,34,0.0
rain_crop,1727,Warab,1996,30.958794117647056,0.0,105.758,0.14822436290608998,-1.5394929885840252,34,0.058823529411764705
rain_crop,1727,Warab,1997,31.96664705882353,0.0,72.163,0.49707439239485146,-1.8750447595247368,34,0.029411764705882353
rain_crop,1727,Warab,1998,27.865617647058826,0.0,90.055,0.10338925135156803,-1.2795190170489326,34,0.029411764705882353
rain_crop,1727,Warab,1999,27.629588235294115,0.0,107.919,0.06710938475039167,-2.1585407105747336,34,0.08823529411764706
rain_crop,1727,Warab,2000,28.63820588235294,0.0,103.774,-0.040388537648443405,-1.5087663661181254,34,0.058823529411764705
rain_crop,1727,Warab,2001,32.499117647058824,0.0,110.212,0.2300646431974229,-1.0689978260156123,34,0.058823529411764705
rain_crop,1727,Warab,2002,20.981882352941177,0.0,81.098,-0.41062818604579476,-2.351693366647412,34,0.20588235294117646
rain_crop,1727,Warab,2003,30.819529411764705,0.0,101.428,0.17920591902637417,-1.5087663661181254,34,0.11764705882352941
rain_crop,1727,Warab,2004,18.34458823529412,0.0,59.257,-0.6151594824831579,-2.6298173876689717,34,0.38235294117647056
rain_crop,1727,Warab,2005,21.35955882352941,0.0,69.392,-0.4831841032279679,-1.9502483625228784,34,0.20588235294117646
rain_crop,1727,Warab,2006,24.95755882352941,0.0,77.88,-0.24346694641615166,-1.833315122483809,34,0.23529411764705882
rain_crop,1727,Warab,2007,24.97208823529412,0.0,77.624,-0.12088837561313259,-1.9982695763571015,34,0.058823529411764705
rain_crop,1727,Warab,2008,16.636499999999998,0.0,49.61,-0.7931366734419436,-2.4353314604834155,34,0.4411764705882353
rain_crop,1727,Warab,2009,24.191470588235294,0.0,77.061,-0.21347484132813324,-2.571603278955948,34,0.14705882352941177
rain_crop,1727,Warab,2010,28.656617647058823,0.0,79.592,0.10928844077031383,-1.154992998971527,34,0.058823529411764705
rain_crop,1727,Warab,2011,27.428852941176473,0.0,85.366,-0.07588117854435701,-1.5746861837569297,34,0.08823529411764706
rain_crop,1727,Warab,2012,29.119529411764706,0.0,93.855,0.07495708734733883,-1.403523448239715,34,0.029411764705882353
rain_crop,1727,Warab,2013,29.822441176470587,0.0,88.165,0.17808265135529275,-1.2996247960279983,34,0.11764705882352941
rain_crop,1727,Warab,2014,29.682558823529412,0.0,71.688,0.19804209093807726,-1.2737958762715396,34,0.029411764705882353
rain_crop,1727,Warab,2015,27.586058823529413,0.0,82.744,0.031701398653524414,-1.5475457947815474,34,0.058823529411764705
rain_crop,1727,Warab,2016,28.353294117647057,0.0,79.474,0.0910711593083719,-1.3371293982389236,34,0.08823529411764706
rain_crop,1727,Warab,2017,27.43844117647059,0.0,98.029,-0.004427363742998993,-1.3901004598063889,34,0.058823529411764705
rain_crop,1727,Warab,2018,29.972029411764705,0.0,84.44,0.22243778780850737,-1.0603745018315085,34,0.029411764705882353
rain_crop,1727,Warab,2019,28.839323529411764,0.0,78.066,0.09807469402689128,-1.692439598288398,34,0.058823529411764705
rain_crop,1727,Warab,2020,26.338176470588238,0.0,76.152,-0.09633719562469766,-0.9245533282203923,34,0.0
rain_crop,1727,Warab,2021,28.24629411764706,0.0,75.076,0.08083594035387086,-1.1438345302660702,34,0.058823529411764705
rain_crop,1727,Warab,2022,26.397823529411763,0.0,90.52,-0.08239745447453455,-1.0273846619671467,34,0.029411764705882353
rain_crop,1727,Warab,2023,27.77620588235294,0.0,73.252,0.31426995198810104,-0.8763033977015425,34,0.0
rain_crop,1727,Warab,2024,25.22370588235294,0.0,90.834,-0.17844760345492494,-1.7712689205520118,34,0.17647058823529413
rain_crop,1727,Warab,2025,26.418411764705883,0.0,81.52,-0.09565076053722421,-1.7567493749194618,34,0.08823529411764706
rain_crop,1727,Warab,2026,24.10377777777778,0.0,62.745,0.030312369331748898,-1.293877992792103,18,0.1111111111111111
rain_crop,1728,West Bahr Ghazal,1989,38.358,0.0,105.68,0.5805712829906838,-1.2704072304631033,28,0.07142857142857142
rain_crop,1728,West Bahr Ghazal,1990,29.495714285714286,0.0,77.228,-0.20171592169911706,-1.816856049982985,28,0.14285714285714285
rain_crop,1728,West Bahr Ghazal,1991,26.310499999999998,0.0,60.397,-0.36959744689688906,-1.8105176071618139,28,0.17857142857142858
rain_crop,1728,West Bahr Ghazal,1992,30.49925,0.0,79.831,-0.05004738137446859,-1.4213713700818453,28,0.14285714285714285
rain_crop,1728,West Bahr Ghazal,1993,27.748464285714284,0.0,84.624,-0.14972332259904672,-1.5949505347529367,28,0.17857142857142858
rain_crop,1728,West Bahr Ghazal,1994,31.77932142857143,0.0,100.902,0.04107325318915719,-1.2640033899363552,28,0.10714285714285714
rain_crop,1728,West Bahr Ghazal,1995,32.97728571428571,0.0,84.84,0.07117248455081351,-1.2030545399016868,28,0.07142857142857142
rain_crop,1728,West Bahr Ghazal,1996,33.156464285714286,0.0,76.337,0.15130799131376563,-1.7734899173380538,28,0.07142857142857142
rain_crop,1728,West Bahr Ghazal,1997,33.054607142857144,0.0,68.792,0.3375116152043326,-0.7862603072578238,28,0.0
rain_crop,1728,West Bahr Ghazal,1998,33.40060714285714,0.0,96.027,0.09671833402512385,-1.2710021666708267,28,0.03571428571428571
rain_crop,1728,West Bahr Ghazal,1999,35.81475,0.0,111.759,0.22955537783108923,-1.292159220665184,28,0.07142857142857142
rain_crop,1728,West Bahr Ghazal,2000,38.60339285714286,0.0,101.755,0.5156100764743189,-1.0005682912041354,28,0.03571428571428571
rain_crop,1728,West Bahr Ghazal,2001,31.323428571428572,0.0,80.518,-0.08530786847463588,-1.0097518640403433,28,0.03571428571428571
rain_crop,1728,West Bahr Ghazal,2002,25.686107142857143,0.0,72.877,-0.3605691821332537,-2.0595321329934326,28,0.25
rain_crop,1728,West Bahr Ghazal,2003,37.19653571428571,0.0,121.089,0.4020477256636621,-1.349507967919935,28,0.03571428571428571
rain_crop,1728,West Bahr Ghazal,2004,27.17175,0.0,68.049,-0.26008629532874217,-1.8186376470339156,28,0.25
rain_crop,1728,West Bahr Ghazal,2005,30.011642857142856,0.0,82.565,-0.1691321877112728,-1.3921768845483102,28,0.10714285714285714
rain_crop,1728,West Bahr Ghazal,2006,33.70842857142857,0.0,82.254,0.06690500497464412,-1.9238643309746222,28,0.14285714285714285
rain_crop,1728,West Bahr Ghazal,2007,28.713142857142856,0.0,92.586,-0.17589490701502772,-2.5958805536873806,28,0.17857142857142858
rain_crop,1728,West Bahr Ghazal,2008,22.329035714285713,0.0,67.444,-0.7387892465720832,-1.9843261727704775,28,0.2857142857142857
rain_crop,1728,West Bahr Ghazal,2009,26.746392857142858,0.0,89.776,-0.28263763366161593,-2.5681517793237223,28,0.14285714285714285
rain_crop,1728,West Bahr Ghazal,2010,34.23846428571429,0.0,86.467,0.19859929216589947,-1.264452814599109,28,0.07142857142857142
rain_crop,1728,West Bahr Ghazal,2011,30.992250000000002,0.0,87.655,-0.07995244954615797,-1.7549945755284122,28,0.10714285714285714
rain_crop,1728,West Bahr Ghazal,2012,33.73510714285714,0.0,80.656,0.20933116244946,-0.9777481252963038,28,0.0
rain_crop,1728,West Bahr Ghazal,2013,33.43714285714286,0.0,104.981,0.08736684033630139,-1.197133191353432,28,0.07142857142857142
rain_crop,1728,West Bahr Ghazal,2014,31.127928571428573,0.0,82.409,0.17235447649326024,-1.4754137789264044,28,0.10714285714285714
rain_crop,1728,West Bahr Ghazal,2015,29.92042857142857,0.0,75.074,-0.10230079953902518,-2.2404352957695077,28,0.10714285714285714
rain_crop,1728,West Bahr Ghazal,2016,32.02932142857143,0.0,73.846,0.04344817413041641,-1.4559944179961082,28,0.07142857142857142
rain_crop,1728,West Bahr Ghazal,2017,29.22292857142857,0.0,76.994,-0.20265673463978742,-1.6371919590103927,28,0.07142857142857142
rain_crop,1728,West Bahr Ghazal,2018,31.88939285714286,0.0,84.136,0.00253842362279206,-1.3993483816120504,28,0.03571428571428571
rain_crop,1728,West Bahr Ghazal,2019,31.900357142857143,0.0,69.43,0.0862667210190106,-1.5253329552391113,28,0.10714285714285714
rain_crop,1728,West Bahr Ghazal,2020,30.46385714285714,0.0,78.567,-0.13552056197177528,-1.0953650054584052,28,0.03571428571428571
rain_crop,1728,West Bahr Ghazal,2021,32.53821428571429,0.0,72.645,0.050056336657161714,-1.1002639301668673,28,0.07142857142857142
rain_crop,1728,West Bahr Ghazal,2022,31.150000000000002,0.0,84.95,-0.052663240542888366,-0.9869858630567268,28,0.0
rain_crop,1728,West Bahr Ghazal,2023,32.00367857142857,0.0,71.514,0.5170334931159363,-1.2107103962312478,28,0.03571428571428571
rain_crop,1728,West Bahr Ghazal,2024,30.35367857142857,0.0,88.224,-0.1226327639419359,-1.5631891561133338,28,0.14285714285714285
rain_crop,1728,West Bahr Ghazal,2025,29.431035714285713,0.0,70.189,-0.20942567841395907,-2.018338480106429,28,0.07142857142857142
rain_crop,1728,West Bahr Ghazal,2026,30.232416666666666,0.0,60.966,-0.2585670363410291,-1.2738641124242678,12,0.08333333333333333
rain_crop,1729,W.Equatoria,1989,44.07248484848485,1.649,117.914,0.10308017038813766,-1.7308006465788093,33,0.12121212121212122
rain_crop,1729,W.Equatoria,1990,44.862878787878785,1.0,129.407,0.2496884081934317,-1.329178493698908,33,0.18181818181818182
rain_crop,1729,W.Equatoria,1991,49.53712121212121,1.018,99.676,0.3007677805028881,-1.6629088112550063,33,0.030303030303030304
rain_crop,1729,W.Equatoria,1992,46.51690909090909,1.0,99.664,0.035192645096938445,-1.4606504554677897,33,0.15151515151515152
rain_crop,1729,W.Equatoria,1993,45.89242424242424,1.691,168.15,0.08159748982340202,-1.9539333002578883,33,0.2727272727272727
rain_crop,1729,W.Equatoria,1994,43.57333333333334,1.084,100.059,-0.05854193227324381,-1.5000888322138206,33,0.06060606060606061
rain_crop,1729,W.Equatoria,1995,44.194242424242425,1.687,89.962,-0.024665506665635977,-1.1144570819201196,33,0.06060606060606061
rain_crop,1729,W.Equatoria,1996,46.86021212121212,1.553,101.032,0.17439697471224583,-1.8454608727912907,33,0.09090909090909091
rain_crop,1729,W.Equatoria,1997,39.717454545454544,1.873,86.709,-0.10913632950017671,-2.5747230567236654,33,0.21212121212121213
rain_crop,1729,W.Equatoria,1998,46.4220303030303,1.466,160.027,0.06843698621103178,-1.511832586130567,33,0.09090909090909091
rain_crop,1729,W.Equatoria,1999,44.6589696969697,0.995,101.547,0.1155451544910364,-1.5162233318791802,33,0.09090909090909091
rain_crop,1729,W.Equatoria,2000,41.25290909090909,0.995,83.268,-0.255369592147371,-1.9436939389824057,33,0.09090909090909091
rain_crop,1729,W.Equatoria,2001,48.34539393939394,1.0,100.961,0.12945695415056616,-1.0276066437365539,33,0.030303030303030304
rain_crop,1729,W.Equatoria,2002,45.6880909090909,1.0,116.74,0.09496452009389081,-1.8827376893746235,33,0.09090909090909091
rain_crop,1729,W.Equatoria,2003,49.46248484848485,1.678,110.884,0.31917174328315184,-1.2813953566116594,33,0.09090909090909091
rain_crop,1729,W.Equatoria,2004,41.77833333333333,0.998,93.94,-0.08384940399987315,-1.5127360850155644,33,0.21212121212121213
rain_crop,1729,W.Equatoria,2005,37.321333333333335,0.995,92.942,-0.4482160506447847,-1.862780203811693,33,0.30303030303030304
rain_crop,1729,W.Equatoria,2006,40.581272727272726,0.995,112.019,-0.2897341580296947,-1.9487847416208361,33,0.21212121212121213
rain_crop,1729,W.Equatoria,2007,41.40030303030303,0.995,104.684,-0.17423236318076823,-1.5363052332201683,33,0.12121212121212122
rain_crop,1729,W.Equatoria,2008,39.158454545454546,0.995,80.913,-0.29368069238787,-1.6191616938067717,33,0.09090909090909091
rain_crop,1729,W.Equatoria,2009,34.338757575757576,1.015,81.979,-0.426407991261003,-2.14021103819783,33,0.30303030303030304
rain_crop,1729,W.Equatoria,2010,45.87045454545454,0.995,98.489,0.14714853770625813,-1.702110865693196,33,0.12121212121212122
rain_crop,1729,W.Equatoria,2011,47.492363636363635,0.995,120.47,0.0782688851019013,-1.5921503762520623,33,0.15151515151515152
rain_crop,1729,W.Equatoria,2012,49.4230303030303,0.996,122.254,0.21395513582737075,-1.222081470602501,33,0.09090909090909091
rain_crop,1729,W.Equatoria,2013,47.00233333333333,1.379,113.379,0.2176477582528459,-1.3411931844699398,33,0.09090909090909091
rain_crop,1729,W.Equatoria,2014,46.316878787878785,1.379,91.317,0.08496521223745002,-1.324044260849893,33,0.06060606060606061
rain_crop,1729,W.Equatoria,2015,42.687999999999995,1.379,97.978,-0.10388989159045779,-2.2768192565980385,33,0.12121212121212122
rain_crop,1729,W.Equatoria,2016,46.11060606060607,1.379,100.925,0.054977937408350545,-2.014593070881999,33,0.12121212121212122
rain_crop,1729,W.Equatoria,2017,44.295,1.357,96.156,-0.06405334144153736,-1.7025519427897615,33,0.09090909090909091
rain_crop,1729,W.Equatoria,2018,48.186121212121215,1.592,101.706,0.27237277358257206,-1.3125374399977228,33,0.030303030303030304
rain_crop,1729,W.Equatoria,2019,45.393181818181816,1.677,92.755,0.17221484687856112,-1.1880081045413344,33,0.06060606060606061
rain_crop,1729,W.Equatoria,2020,45.99948484848485,1.0,95.761,-0.021277522402404186,-0.9720366059176853,33,0.0
rain_crop,1729,W.Equatoria,2021,38.997121212121215,1.358,81.046,-0.2817861911744178,-1.2219922802149412,33,0.09090909090909091
rain_crop,1729,W.Equatoria,2022,38.198181818181816,2.375,98.141,-0.11906184988567903,-1.744321086494117,33,0.15151515151515152
rain_crop,1729,W.Equatoria,2023,46.88696969696969,0.998,103.85,0.18775643562801106,-1.8970056438475738,33,0.21212121212121213
rain_crop,1729,W.Equatoria,2024,41.52730303030303,1.0,122.831,-0.1750339513439496,-2.237790842950733,33,0.12121212121212122
rain_crop,1729,W.Equatoria,2025,41.14860606060606,1.331,86.682,-0.08602609995784156,-1.5416237932886143,33,0.12121212121212122
rain_crop,1729,W.Equatoria,2026,41.932647058823534,2.0,90.408,-0.16819028797352717,-1.9270627497228359,17,0.17647058823529413
rain_crop,2242,Upper Nile,1989,22.41109090909091,0.0,98.143,0.13140073020362192,-0.9601729964755774,33,0.0
rain_crop,2242,Upper Nile,1990,14.886030303030305,0.0,54.429,-0.48191675107806586,-1.6003233250376747,33,0.24242424242424243
rain_crop,2242,Upper Nile,1991,18.928030303030305,0.0,83.275,-0.14885909030282612,-2.3734229647287246,33,0.24242424242424243
rain_crop,2242,Upper Nile,1992,17.248121212121212,0.0,55.0,-0.2812488151506261,-1.4716870696765934,33,0.12121212121212122
rain_crop,2242,Upper Nile,1993,20.943272727272728,0.0,61.741,0.04827013786090377,-1.050984232660021,33,0.030303030303030304
rain_crop,2242,Upper Nile,1994,21.66290909090909,0.0,92.096,-0.06833255038696885,-1.3797417693635912,33,0.18181818181818182
rain_crop,2242,Upper Nile,1995,18.997818181818182,0.0,59.571,-0.12084500085631211,-1.3728836922405583,33,0.12121212121212122
rain_crop,2242,Upper Nile,1996,21.832969696969695,0.0,83.484,0.10472505539548813,-1.2318313461359134,33,0.09090909090909091
rain_crop,2242,Upper Nile,1997,25.134848484848487,0.0,86.683,0.5469832394271041,-1.4201001489377798,33,0.030303030303030304
rain_crop,2242,Upper Nile,1998,20.52481818181818,0.0,59.168,0.02028750599783413,-1.1362427717127823,33,0.06060606060606061
rain_crop,2242,Upper Nile,1999,22.47821212121212,0.0,74.02,0.18264095609276285,-1.229949418364654,33,0.06060606060606061
rain_crop,2242,Upper Nile,2000,20.92790909090909,0.0,76.741,-0.017734048143232706,-1.906136011821325,33,0.030303030303030304
rain_crop,2242,Upper Nile,2001,18.74581818181818,0.0,58.205,-0.14428719460196163,-1.488617984843562,33,0.09090909090909091
rain_crop,2242,Upper Nile,2002,17.107727272727274,0.0,77.082,-0.2663857000215346,-1.518254091605147,33,0.18181818181818182
rain_crop,2242,Upper Nile,2003,18.643969696969695,0.0,69.682,-0.09918530713782471,-1.766881376007929,33,0.12121212121212122
rain_crop,2242,Upper Nile,2004,15.729454545454546,0.0,53.818,-0.38454451840562975,-1.985105478513253,33,0.18181818181818182
rain_crop,2242,Upper Nile,2005,17.53993939393939,0.0,59.435,-0.27166864971455423,-1.4125914528844474,33,0.15151515151515152
rain_crop,2242,Upper Nile,2006,18.84081818181818,0.0,73.073,-0.15390482991112864,-1.5430764017135914,33,0.18181818181818182
rain_crop,2242,Upper Nile,2007,22.72387878787879,0.0,73.701,0.2064854832778102,-1.1170728077244045,33,0.06060606060606061
rain_crop,2242,Upper Nile,2008,20.280818181818184,0.0,79.793,-0.09104890337743464,-1.6509434000501944,33,0.09090909090909091
rain_crop,2242,Upper Nile,2009,17.286818181818184,0.0,64.0,-0.2511667801101054,-1.3423920625422476,33,0.15151515151515152
rain_crop,2242,Upper Nile,2010,19.33218181818182,0.0,64.714,-0.11705595780211817,-1.6154746158227555,33,0.09090909090909091
rain_crop,2242,Upper Nile,2011,19.928363636363635,0.0,73.689,-0.03287959432530622,-1.483162963562169,33,0.09090909090909091
rain_crop,2242,Upper Nile,2012,23.243727272727273,0.0,69.839,0.2216001743115337,-1.3378144017268472,33,0.030303030303030304
rain_crop,2242,Upper Nile,2013,19.870545454545454,0.0,97.429,-0.21424793660861746,-2.442073790890705,33,0.18181818181818182
rain_crop,2242,Upper Nile,2014,22.96848484848485,0.0,77.857,0.15167228923160148,-1.3982353974330246,33,0.09090909090909091
rain_crop,2242,Upper Nile,2015,22.982242424242425,0.0,117.857,0.2939062595320386,-1.4846678457777323,33,0.06060606060606061
rain_crop,2242,Upper Nile,2016,24.431939393939395,0.0,114.0,0.3638319498830364,-1.525592917608058,33,0.06060606060606061
rain_crop,2242,Upper Nile,2017,22.405787878787876,0.0,77.51,0.12101928911842706,-1.512613997586477,33,0.06060606060606061
rain_crop,2242,Upper Nile,2018,22.49581818181818,0.0,66.571,0.1025529905499808,-1.1580587793538015,33,0.030303030303030304
rain_crop,2242,Upper Nile,2019,21.162333333333333,0.0,64.613,0.08599281625079347,-1.5763687151007881,33,0.030303030303030304
rain_crop,2242,Upper Nile,2020,21.24,0.0,77.601,0.02330366057992694,-1.312389316220867,33,0.06060606060606061
rain_crop,2242,Upper Nile,2021,21.325727272727274,0.0,82.286,0.04215772401818638,-1.239888988492049,33,0.09090909090909091
rain_crop,2242,Upper Nile,2022,22.614333333333335,0.0,85.622,0.26106157451553064,-1.0650661415559644,33,0.030303030303030304
rain_crop,2242,Upper Nile,2023,17.873454545454543,0.0,49.517,0.04542983216255157,-1.8267738941526297,33,0.15151515151515152
rain_crop,2242,Upper Nile,2024,19.977575757575757,0.0,68.105,0.1174508112774745,-1.2056290705000585,33,0.06060606060606061
rain_crop,2242,Upper Nile,2025,19.26039393939394,0.0,62.254,0.16066668746125243,-1.7303797977272544,33,0.09090909090909091
rain_crop,2242,Upper Nile,2026,18.849117647058822,0.0,70.062,-0.1671887525911302,-1.6946696359345215,17,0.17647058823529413
sm_crop,558,Jonglei,2000,0.2935,0.178,0.351,0.38230134951806743,-0.7299174668963903,22,0.0
sm_crop,558,Jonglei,2001,0.2867741935483871,0.196,0.345,0.6504993716406927,-1.2257001656723028,31,0.03225806451612903
sm_crop,558,Jonglei,2002,0.27290322580645165,0.204,0.326,-0.12391107698928862,-2.1565537806905213,31,0.22580645161290322
sm_crop,558,Jonglei,2003,0.2816451612903226,0.211,0.339,0.38978465455391637,-1.3614836467105143,31,0.06451612903225806
sm_crop,558,Jonglei,2004,0.2796774193548387,0.197,0.332,0.26314201900336276,-1.4564033723973941,31,0.03225806451612903
sm_crop,558,Jonglei,2005,0.27229032258064517,0.168,0.33,0.00601055951668509,-1.7371395836500059,31,0.12903225806451613
sm_crop,558,Jonglei,2006,0.2818709677419355,0.186,0.335,0.35115059343992594,-1.2702117784823286,31,0.16129032258064516
sm_crop,558,Jonglei,2007,0.28838709677419355,0.186,0.345,0.6859071373758597,-0.5987688210673728,31,0.0
sm_crop,558,Jonglei,2008,0.2794516129032258,0.204,0.338,0.3208265192019691,-0.9579001294749933,31,0.0
sm_crop,558,Jonglei,2009,0.26548387096774195,0.169,0.312,-0.41815659927402116,-2.210801884047365,31,0.3225806451612903
sm_crop,558,Jonglei,2010,0.28816129032258064,0.183,0.357,0.7201041285966676,-1.6972657384893186,31,0.06451612903225806
sm_crop,558,Jonglei,2011,0.27338709677419354,0.183,0.336,0.07504264321344471,-1.1984202576313112,31,0.03225806451612903
sm_crop,558,Jonglei,2012,0.2795483870967742,0.198,0.33,0.28906863509400027,-1.8191091931093895,31,0.06451612903225806
sm_crop,558,Jonglei,2013,0.27299999999999996,0.181,0.323,-0.10321355460053243,-1.5669137596409601,31,0.03225806451612903
sm_crop,558,Jonglei,2014,0.2777096774193548,0.183,0.337,0.15397734971849386,-0.8035328951158036,31,0.0
sm_crop,558,Jonglei,2015,0.2605806451612903,0.174,0.321,-0.7595858082706203,-3.0976729400197227,31,0.3548387096774194
sm_crop,558,Jonglei,2016,0.25951612903225807,0.151,0.332,-0.5791699469692806,-1.890765207410253,31,0.41935483870967744
sm_crop,558,Jonglei,2017,0.2552258064516129,0.155,0.328,-0.690113473755393,-2.1133516088499595,31,0.25806451612903225
sm_crop,558,Jonglei,2018,0.2509677419354839,0.149,0.321,-1.0308265858246848,-2.676514646933936,31,0.5161290322580645
sm_crop,558,Jonglei,2019,0.2780967741935484,0.172,0.333,0.20654402934464966,-1.5052126693241252,31,0.12903225806451613
sm_crop,558,Jonglei,2020,0.29261290322580646,0.202,0.335,0.687761047359563,-0.7299174668963903,31,0.0
sm_crop,558,Jonglei,2021,0.28048387096774197,0.197,0.325,0.2227045263313686,-1.085012450791932,31,0.03225806451612903
sm_crop,558,Jonglei,2022,0.2845161290322581,0.202,0.334,0.4418236302526698,-1.2756379231435326,31,0.03225806451612903
sm_crop,558,Jonglei,2023,0.26841935483870966,0.202,0.305,-0.40883399667978554,-2.2702123601514432,31,0.3225806451612903
sm_crop,558,Jonglei,2024,0.2698709677419355,0.183,0.331,-0.18025095963576815,-1.4423382568903018,31,0.0967741935483871
sm_crop,558,Jonglei,2025,0.25248387096774194,0.158,0.326,-0.8842610194648386,-2.1428695899359367,31,0.5161290322580645
sm_crop,558,Jonglei,2026,0.23064285714285715,0.181,0.306,-1.2340977291391515,-3.379192487571566,14,0.6428571428571429
sm_crop,599,El Buheyrat,2000,0.33349999999999996,0.17,0.384,0.6215777725000092,-0.46441426243131523,22,0.0
sm_crop,599,El Buheyrat,2001,0.3159642857142857,0.167,0.377,0.4825419979086307,-0.8978121499635779,28,0.0
sm_crop,599,El Buheyrat,2002,0.3079642857142857,0.179,0.382,0.07714392977182445,-1.1165013848920007,28,0.03571428571428571
sm_crop,599,El Buheyrat,2003,0.31507142857142856,0.159,0.369,0.349141798563374,-1.0784301651238792,28,0.03571428571428571
sm_crop,599,El Buheyrat,2004,0.3162857142857143,0.157,0.397,0.5719056856009141,-0.7068126851563097,28,0.0
sm_crop,599,El Buheyrat,2005,0.3126428571428571,0.155,0.411,0.39480447789097584,-1.2597597826639941,28,0.03571428571428571
sm_crop,599,El Buheyrat,2006,0.3218571428571429,0.135,0.378,0.6209349605195753,-1.3730927426417883,28,0.10714285714285714
sm_crop,599,El Buheyrat,2007,0.3115357142857143,0.159,0.38,0.30903687745894853,-1.2228348501198103,28,0.03571428571428571
sm_crop,599,El Buheyrat,2008,0.31992857142857145,0.177,0.372,0.5831196163040523,-0.36003291239739066,28,0.0
sm_crop,599,El Buheyrat,2009,0.29871428571428565,0.144,0.366,-0.5985851073402773,-2.4782174492947413,28,0.4642857142857143
sm_crop,599,El Buheyrat,2010,0.3135357142857143,0.13,0.379,0.4498902279114672,-1.5258201901467516,28,0.10714285714285714
sm_crop,599,El Buheyrat,2011,0.30507142857142855,0.17,0.377,-0.051857716519662915,-1.489840318410416,28,0.03571428571428571
sm_crop,599,El Buheyrat,2012,0.30525,0.151,0.377,0.1017043628706961,-1.3826117185802926,28,0.21428571428571427
sm_crop,599,El Buheyrat,2013,0.31089285714285714,0.148,0.377,0.2919414892852345,-1.141086759659415,28,0.07142857142857142
sm_crop,599,El Buheyrat,2014,0.32707142857142857,0.161,0.38,0.9298826879792669,-0.15061832044036033,28,0.0
sm_crop,599,El Buheyrat,2015,0.29517857142857146,0.172,0.355,-0.7665423673717514,-2.6666037275653314,28,0.35714285714285715
sm_crop,599,El Buheyrat,2016,0.29982142857142857,0.145,0.382,-0.2116451088794682,-2.5123802192918956,28,0.25
sm_crop,599,El Buheyrat,2017,0.29575,0.135,0.361,-0.678250727256641,-1.6903568766339696,28,0.32142857142857145
sm_crop,599,El Buheyrat,2018,0.2865357142857143,0.126,0.355,-1.030291278592385,-2.6329445327228447,28,0.42857142857142855
sm_crop,599,El Buheyrat,2019,0.3015,0.112,0.363,-0.38353721171941524,-2.54616211751648,28,0.21428571428571427
sm_crop,599,El Buheyrat,2020,0.3122857142857143,0.154,0.37,0.21480573547716428,-1.2713848532297645,28,0.03571428571428571
sm_crop,599,El Buheyrat,2021,0.3123214285714285,0.184,0.364,0.11521759110551828,-1.2582877564022195,28,0.03571428571428571
sm_crop,599,El Buheyrat,2022,0.3115357142857143,0.166,0.375,0.09923267160043757,-1.2713848532297645,28,0.03571428571428571
sm_crop,599,El Buheyrat,2023,0.2988214285714286,0.171,0.35,-0.6682544724063595,-2.455861269751227,28,0.42857142857142855
sm_crop,599,El Buheyrat,2024,0.29575,0.169,0.361,-0.631800770026154,-2.2123198076610797,28,0.2857142857142857
sm_crop,599,El Buheyrat,2025,0.2989285714285714,0.175,0.365,-0.5162928207997052,-1.9739891070635875,28,0.32142857142857145
sm_crop,599,El Buheyrat,2026,0.2631818181818182,0.149,0.322,-1.3812376196741192,-3.0155516920673913,11,0.5454545454545454
sm_crop,622,Unity,2000,0.2600909090909091,0.143,0.33,-0.10787528630040971,-1.8311267121457173,22,0.18181818181818182
sm_crop,622,Unity,2001,0.23853333333333332,0.134,0.365,-0.09927427248407321,-1.5696280116675896,30,0.13333333333333333
sm_crop,622,Unity,2002,0.23646666666666669,0.138,0.337,-0.2682807593974061,-1.5219820701065863,30,0.06666666666666667
sm_crop,622,Unity,2003,0.2429,0.105,0.342,0.12292681926048281,-1.7921971532227294,30,0.1
sm_crop,622,Unity,2004,0.23906666666666668,0.132,0.338,0.02591128429308876,-1.5081428282702232,30,0.06666666666666667
sm_crop,622,Unity,2005,0.24753333333333333,0.127,0.359,0.2638414195650067,-1.7371163379638048,30,0.06666666666666667
sm_crop,622,Unity,2006,0.2584666666666667,0.123,0.35,0.7275280197347418,-0.8950263127723667,30,0.0
sm_crop,622,Unity,2007,0.26430000000000003,0.103,0.353,1.205544561063257,-1.3124376873388517,30,0.06666666666666667
sm_crop,622,Unity,2008,0.24893333333333334,0.151,0.34,0.5283272236481337,-1.0731082744693774,30,0.03333333333333333
sm_crop,622,Unity,2009,0.22573333333333334,0.12,0.311,-0.7107856489394809,-2.2160304218629348,30,0.43333333333333335
sm_crop,622,Unity,2010,0.24673333333333333,0.139,0.332,0.15008089717062162,-1.1028469283556315,30,0.13333333333333333
sm_crop,622,Unity,2011,0.23953333333333332,0.13,0.328,0.05232927548841883,-0.900143331693512,30,0.0
sm_crop,622,Unity,2012,0.23886666666666667,0.142,0.331,-0.03501404217580961,-1.1707437974049348,30,0.03333333333333333
sm_crop,622,Unity,2013,0.23620000000000002,0.137,0.331,-0.23849656489696877,-1.331302200393281,30,0.06666666666666667
sm_crop,622,Unity,2014,0.2577333333333333,0.149,0.342,0.653177962639997,-0.7764908640881713,30,0.0
sm_crop,622,Unity,2015,0.24286666666666665,0.14,0.314,0.03872234776886065,-1.4271795325430294,30,0.13333333333333333
sm_crop,622,Unity,2016,0.22833333333333333,0.118,0.306,-0.6445490028471327,-1.8311267121457173,30,0.43333333333333335
sm_crop,622,Unity,2017,0.23143333333333332,0.13,0.33,-0.52465263480072,-1.599425334267227,30,0.36666666666666664
sm_crop,622,Unity,2018,0.22936666666666666,0.121,0.318,-0.5505885154961689,-1.4816978922873734,30,0.2
sm_crop,622,Unity,2019,0.23623333333333332,0.128,0.32,-0.3289591827587884,-1.7685197518082016,30,0.23333333333333334
sm_crop,622,Unity,2020,0.23063333333333333,0.138,0.317,-0.482871043277602,-1.7422490701739506,30,0.16666666666666666
sm_crop,622,Unity,2021,0.2521333333333333,0.146,0.329,0.32699385543553594,-0.7764908640881713,30,0.0
sm_crop,622,Unity,2022,0.2644,0.167,0.335,1.0457158680175171,-0.9011328119866894,30,0.0
sm_crop,622,Unity,2023,0.24286666666666665,0.149,0.299,0.09472167586610589,-2.3261831281525454,30,0.3
sm_crop,622,Unity,2024,0.23593333333333336,0.145,0.329,-0.37780383953781527,-1.866229122110223,30,0.2
sm_crop,622,Unity,2025,0.2241,0.148,0.29,-1.0853905044537369,-3.2684557257453872,30,0.5
sm_crop,622,Unity,2026,0.22184615384615383,0.162,0.285,0.43835387169436973,-1.6630509515579,13,0.23076923076923078
sm_crop,623,C. Equatoria,2000,0.2844090909090909,0.221,0.313,0.023625721195191195,-1.2528434086548934,22,0.13636363636363635
sm_crop,623,C. Equatoria,2001,0.27452941176470586,0.194,0.315,0.45655840380704726,-2.3785894961134737,34,0.029411764705882353
sm_crop,623,C. Equatoria,2002,0.278235294117647,0.175,0.32,0.5401823271318241,-1.2840019562528053,34,0.029411764705882353
sm_crop,623,C. Equatoria,2003,0.27838235294117647,0.189,0.31,0.5003287907686903,-1.8747678710289213,34,0.058823529411764705
sm_crop,623,C. Equatoria,2004,0.2749411764705882,0.18,0.31,0.33643535988989914,-1.9365810833432962,34,0.058823529411764705
sm_crop,623,C. Equatoria,2005,0.2727647058823529,0.19,0.329,0.3160047694306002,-2.643298505633629,34,0.058823529411764705
sm_crop,623,C. Equatoria,2006,0.27755882352941175,0.164,0.35,0.48549622851959784,-1.5556952018572066,34,0.08823529411764706
sm_crop,623,C. Equatoria,2007,0.26976470588235296,0.19,0.311,0.21329994074576009,-1.37556121041844,34,0.08823529411764706
sm_crop,623,C. Equatoria,2008,0.27126470588235296,0.185,0.323,0.24392621519572183,-0.9288009250323684,34,0.0
sm_crop,623,C. Equatoria,2009,0.26676470588235296,0.174,0.306,-0.23094344196784947,-1.8760705884838662,34,0.20588235294117646
sm_crop,623,C. Equatoria,2010,0.27635294117647063,0.217,0.316,0.5373764100714439,-1.2267724253208692,34,0.08823529411764706
sm_crop,623,C. Equatoria,2011,0.26373529411764707,0.182,0.303,-0.25411899361383034,-1.1445460994357008,34,0.058823529411764705
sm_crop,623,C. Equatoria,2012,0.26279411764705884,0.167,0.306,-0.2453792309885195,-2.1690423398849665,34,0.17647058823529413
sm_crop,623,C. Equatoria,2013,0.2708235294117647,0.187,0.307,0.21116457299674415,-1.0568436528227,34,0.029411764705882353
sm_crop,623,C. Equatoria,2014,0.2688529411764706,0.182,0.31,0.16427657689227426,-1.1075273068297324,34,0.029411764705882353
sm_crop,623,C. Equatoria,2015,0.2634705882352941,0.187,0.311,-0.55116210736427,-2.8129948531436275,34,0.3235294117647059
sm_crop,623,C. Equatoria,2016,0.2583529411764706,0.164,0.303,-0.6132893517245441,-2.971055524303676,34,0.35294117647058826
sm_crop,623,C. Equatoria,2017,0.25988235294117645,0.174,0.306,-0.32150181585892845,-2.4514968165427065,34,0.17647058823529413
sm_crop,623,C. Equatoria,2018,0.26388235294117646,0.169,0.302,-0.5577124476645078,-2.7543033813268325,34,0.38235294117647056
sm_crop,623,C. Equatoria,2019,0.2705294117647059,0.178,0.316,0.2628725491837491,-1.7748760557155077,34,0.08823529411764706
sm_crop,623,C. Equatoria,2020,0.27294117647058824,0.203,0.313,0.3876425157728919,-0.6687355357429043,34,0.0
sm_crop,623,C. Equatoria,2021,0.2603235294117647,0.174,0.303,-0.4024282820032466,-1.8241786935541273,34,0.23529411764705882
sm_crop,623,C. Equatoria,2022,0.26894117647058824,0.184,0.309,0.023019167887106846,-1.3283646861682754,34,0.058823529411764705
sm_crop,623,C. Equatoria,2023,0.2722941176470588,0.185,0.316,0.023295742117387552,-2.141714635180975,34,0.2647058823529412
sm_crop,623,C. Equatoria,2024,0.26976470588235296,0.199,0.307,0.10678787266602899,-1.3735516808542587,34,0.058823529411764705
sm_crop,623,C. Equatoria,2025,0.2494705882352941,0.157,0.299,-1.0979279244224325,-2.6483934297509912,34,0.5882352941176471
sm_crop,623,C. Equatoria,2026,0.23117647058823532,0.147,0.284,-1.0989821576604633,-3.4895303384945127,17,0.47058823529411764
sm_crop,1721,East Equatoria,2000,0.21277272727272728,0.162,0.256,-0.2827618666168654,-1.2643516842377993,22,0.13636363636363635
sm_crop,1721,East Equatoria,2001,0.21405555555555555,0.116,0.268,0.21394058997143972,-1.621591456340255,36,0.05555555555555555
sm_crop,1721,East Equatoria,2002,0.20894444444444446,0.126,0.259,-0.0014213826267553285,-1.6204339916795167,36,0.08333333333333333
sm_crop,1721,East Equatoria,2003,0.21225,0.143,0.265,0.2012962236942944,-1.5364817081921118,36,0.08333333333333333
sm_crop,1721,East Equatoria,2004,0.20711111111111113,0.143,0.267,-0.06976428493242554,-1.3603190258511226,36,0.1111111111111111
sm_crop,1721,East Equatoria,2005,0.20530555555555555,0.126,0.274,-0.05587517110288206,-1.7488838416415489,36,0.16666666666666666
sm_crop,1721,East Equatoria,2006,0.21958333333333335,0.115,0.282,0.4460615478072132,-1.3599494601001716,36,0.05555555555555555
sm_crop,1721,East Equatoria,2007,0.22163888888888889,0.146,0.277,0.5992760037776542,-1.3580915729602514,36,0.027777777777777776
sm_crop,1721,East Equatoria,2008,0.21355555555555555,0.131,0.284,0.21534273576081647,-1.5130148412556945,36,0.08333333333333333
sm_crop,1721,East Equatoria,2009,0.19547222222222221,0.127,0.257,-0.5857450136333806,-2.289804741110617,36,0.3333333333333333
sm_crop,1721,East Equatoria,2010,0.2126388888888889,0.113,0.267,0.2586499377043152,-1.2062392552057062,36,0.1388888888888889
sm_crop,1721,East Equatoria,2011,0.21241666666666667,0.13,0.271,0.13641802063950484,-1.1290986700317251,36,0.08333333333333333
sm_crop,1721,East Equatoria,2012,0.2187222222222222,0.14,0.295,0.4475745635558832,-2.3534043909337106,36,0.08333333333333333
sm_crop,1721,East Equatoria,2013,0.21377777777777776,0.137,0.262,0.2557001914728347,-1.6030666869010546,36,0.027777777777777776
sm_crop,1721,East Equatoria,2014,0.20277777777777778,0.113,0.267,-0.25414437803011697,-2.466218161979607,36,0.1388888888888889
sm_crop,1721,East Equatoria,2015,0.2021111111111111,0.117,0.282,-0.38219680331412254,-2.4326374316830215,36,0.3055555555555556
sm_crop,1721,East Equatoria,2016,0.19280555555555556,0.126,0.252,-0.5802168813622298,-2.0118992012761763,36,0.3888888888888889
sm_crop,1721,East Equatoria,2017,0.19899999999999998,0.114,0.278,-0.32298101070939134,-2.0955098831013137,36,0.3055555555555556
sm_crop,1721,East Equatoria,2018,0.19930555555555554,0.123,0.262,-0.3907549065064113,-2.31819777428849,36,0.3055555555555556
sm_crop,1721,East Equatoria,2019,0.20883333333333332,0.113,0.273,0.0059314195895974935,-1.8941081796485215,36,0.2777777777777778
sm_crop,1721,East Equatoria,2020,0.23141666666666666,0.16,0.287,0.9575299931144718,-0.740783247912719,36,0.0
sm_crop,1721,East Equatoria,2021,0.20158333333333334,0.129,0.274,-0.23454124610404875,-1.5230256005731158,36,0.19444444444444445
sm_crop,1721,East Equatoria,2022,0.20219444444444445,0.11,0.274,-0.2611075496369541,-1.9157398513534565,36,0.19444444444444445
sm_crop,1721,East Equatoria,2023,0.2000277777777778,0.103,0.267,-0.42180436188692105,-2.643138038519606,36,0.3611111111111111
sm_crop,1721,East Equatoria,2024,0.21283333333333332,0.155,0.258,0.18932041767000096,-1.264407933425598,36,0.05555555555555555
sm_crop,1721,East Equatoria,2025,0.20675,0.139,0.257,-0.019626228142640856,-1.4840874153136734,36,0.1111111111111111
sm_crop,1721,East Equatoria,2026,0.18757894736842107,0.146,0.254,-0.32980454200735415,-2.4092952962359586,19,0.3157894736842105
sm_crop,1726,North Bahr Ghaza,2000,0.3006818181818182,0.18,0.365,-0.05982232982280304,-1.2473866544519663,22,0.045454545454545456
sm_crop,1726,North Bahr Ghaza,2001,0.29680645161290325,0.181,0.389,1.0016569084492373,-0.5829875936147708,31,0.0
sm_crop,1726,North Bahr Ghaza,2002,0.2718709677419355,0.159,0.369,0.20469046668299026,-1.32713916826909,31,0.06451612903225806
sm_crop,1726,North Bahr Ghaza,2003,0.299483870967742,0.18,0.397,1.097844338436809,-1.1910319605940731,31,0.03225806451612903
sm_crop,1726,North Bahr Ghaza,2004,0.27474193548387094,0.162,0.374,0.3249661039043857,-1.5681839077716662,31,0.06451612903225806
sm_crop,1726,North Bahr Ghaza,2005,0.2888064516129032,0.171,0.393,0.6357226529228036,-0.681950340710807,31,0.0
sm_crop,1726,North Bahr Ghaza,2006,0.2950645161290323,0.178,0.387,0.8843128160069513,-1.4331905885162475,31,0.03225806451612903
sm_crop,1726,North Bahr Ghaza,2007,0.2876774193548387,0.159,0.387,0.500584233638265,-0.8482149102344695,31,0.0
sm_crop,1726,North Bahr Ghaza,2008,0.3025483870967742,0.16,0.41,0.9613974212280053,-0.6532451502939737,31,0.0
sm_crop,1726,North Bahr Ghaza,2009,0.25790322580645164,0.151,0.356,-0.4961400669814693,-1.4044240463195383,31,0.25806451612903225
sm_crop,1726,North Bahr Ghaza,2010,0.29687096774193544,0.153,0.377,0.8678109844669469,-1.0684727247854386,31,0.03225806451612903
sm_crop,1726,North Bahr Ghaza,2011,0.26870967741935486,0.177,0.357,0.06771268681606867,-1.0992494010693776,31,0.06451612903225806
sm_crop,1726,North Bahr Ghaza,2012,0.2665483870967742,0.16,0.374,-0.04346384018060089,-1.0173049985999867,31,0.03225806451612903
sm_crop,1726,North Bahr Ghaza,2013,0.27180645161290323,0.154,0.393,-0.13245585821921652,-1.1516344197160755,31,0.0967741935483871
sm_crop,1726,North Bahr Ghaza,2014,0.27203225806451614,0.149,0.359,-0.2410778661396888,-1.4609377166465978,31,0.1935483870967742
sm_crop,1726,North Bahr Ghaza,2015,0.24658064516129033,0.153,0.338,-0.9505164795232257,-2.596830606872357,31,0.5161290322580645
sm_crop,1726,North Bahr Ghaza,2016,0.25461290322580643,0.143,0.359,-0.6142328382595462,-1.5145213970289204,31,0.25806451612903225
sm_crop,1726,North Bahr Ghaza,2017,0.2525806451612903,0.148,0.358,-0.7963765256929946,-1.4438461306148678,31,0.3870967741935484
sm_crop,1726,North Bahr Ghaza,2018,0.2507741935483871,0.136,0.364,-0.7749525529548328,-1.7428187040424372,31,0.3870967741935484
sm_crop,1726,North Bahr Ghaza,2019,0.27241935483870966,0.141,0.366,-0.17568583036465157,-1.8698272683745176,31,0.22580645161290322
sm_crop,1726,North Bahr Ghaza,2020,0.2573548387096774,0.157,0.348,-0.5822043841903883,-1.5608493331186963,31,0.1935483870967742
sm_crop,1726,North Bahr Ghaza,2021,0.2803548387096774,0.159,0.385,0.19740914900679873,-1.5201504381463733,31,0.03225806451612903
sm_crop,1726,North Bahr Ghaza,2022,0.2854516129032258,0.15,0.399,0.36606091299758037,-1.0553728335557497,31,0.03225806451612903
sm_crop,1726,North Bahr Ghaza,2023,0.2554193548387097,0.154,0.35,-0.6454050272219231,-1.7552775118090334,31,0.2903225806451613
sm_crop,1726,North Bahr Ghaza,2024,0.2767096774193548,0.152,0.385,0.08770993698751575,-1.5850424727217212,31,0.12903225806451613
sm_crop,1726,North Bahr Ghaza,2025,0.2359032258064516,0.157,0.336,-1.2740206072243103,-2.85169786955947,31,0.6129032258064516
sm_crop,1726,North Bahr Ghaza,2026,0.21564285714285716,0.153,0.313,-0.9496898225882328,-2.2207808645734444,14,0.2857142857142857
sm_crop,1727,Warab,2000,0.3240909090909091,0.184,0.387,0.19895959419169154,-0.8295821851951054,22,0.0
sm_crop,1727,Warab,2001,0.29976470588235293,0.16,0.395,0.7405903771845924,-0.47376812077820385,34,0.0
sm_crop,1727,Warab,2002,0.2791176470588235,0.169,0.375,0.15985741256149189,-0.9652325913882429,34,0.0
sm_crop,1727,Warab,2003,0.30073529411764705,0.164,0.404,0.8354569583223133,-1.1580998507911653,34,0.029411764705882353
sm_crop,1727,Warab,2004,0.28079411764705886,0.161,0.383,0.25378030812226937,-1.3163720232636567,34,0.029411764705882353
sm_crop,1727,Warab,2005,0.28773529411764703,0.16,0.388,0.3928401708994638,-1.3768321709794618,34,0.058823529411764705
sm_crop,1727,Warab,2006,0.3029117647058823,0.169,0.401,0.8317653756061305,-1.2122464480501662,34,0.029411764705882353
sm_crop,1727,Warab,2007,0.3021470588235294,0.164,0.399,0.8627041172403065,-0.7187873833789842,34,0.0
sm_crop,1727,Warab,2008,0.3052941176470588,0.172,0.392,0.9471813859794156,0.2581253921560319,34,0.0
sm_crop,1727,Warab,2009,0.27347058823529413,0.169,0.368,-0.10444575925673263,-1.5127704756196019,34,0.11764705882352941
sm_crop,1727,Warab,2010,0.2984705882352941,0.157,0.395,0.7149029823345027,-0.7064382801803915,34,0.0
sm_crop,1727,Warab,2011,0.2812058823529412,0.169,0.39,0.2890134727341591,-0.9433999500056208,34,0.0
sm_crop,1727,Warab,2012,0.2767352941176471,0.155,0.38,-0.07687590496118393,-1.0538249955969725,34,0.029411764705882353
sm_crop,1727,Warab,2013,0.28008823529411764,0.143,0.399,-0.10416926287296964,-1.675576967579325,34,0.2647058823529412
sm_crop,1727,Warab,2014,0.29144117647058826,0.143,0.375,0.21411529679241917,-1.2683213106110756,34,0.11764705882352941
sm_crop,1727,Warab,2015,0.25529411764705884,0.151,0.352,-0.9021225570127138,-2.7299554001915687,34,0.5
sm_crop,1727,Warab,2016,0.2628823529411765,0.147,0.37,-0.5953125885487799,-1.8157975226277299,34,0.23529411764705882
sm_crop,1727,Warab,2017,0.2576470588235294,0.142,0.365,-0.8752064263197021,-1.4744305859448883,34,0.47058823529411764
sm_crop,1727,Warab,2018,0.2595882352941177,0.143,0.362,-0.7703142567330258,-1.7015858020784391,34,0.4411764705882353
sm_crop,1727,Warab,2019,0.2690294117647059,0.139,0.379,-0.5121409023233532,-2.037200032587739,34,0.29411764705882354
sm_crop,1727,Warab,2020,0.26785294117647057,0.152,0.358,-0.5299518470700326,-1.6074591392724618,34,0.17647058823529413
sm_crop,1727,Warab,2021,0.2807647058823529,0.142,0.397,0.025376281441287594,-1.943379244044609,34,0.058823529411764705
sm_crop,1727,Warab,2022,0.28441176470588236,0.138,0.394,0.1550972749798054,-1.5813595651942942,34,0.14705882352941177
sm_crop,1727,Warab,2023,0.2708823529411765,0.159,0.359,-0.2909448204253048,-2.2324895338099733,34,0.2647058823529412
sm_crop,1727,Warab,2024,0.279235294117647,0.149,0.385,-0.10873084033946202,-2.022542275152993,34,0.058823529411764705
sm_crop,1727,Warab,2025,0.2442058823529412,0.132,0.338,-1.2354265863380907,-3.1920285609284806,34,0.7058823529411765
sm_crop,1727,Warab,2026,0.22647058823529412,0.132,0.324,-0.8915564458887358,-1.949039893015453,17,0.47058823529411764
sm_crop,1728,West Bahr Ghazal,2000,0.23427272727272727,0.096,0.344,-0.01210117495485506,-1.5129272329987833,22,0.13636363636363635
sm_crop,1728,West Bahr Ghazal,2001,0.23560714285714288,0.099,0.326,0.40036115490647123,-0.9387220748863312,28,0.0
sm_crop,1728,West Bahr Ghazal,2002,0.22924999999999998,0.098,0.301,0.054656631642348304,-1.4268525982986333,28,0.03571428571428571
sm_crop,1728,West Bahr Ghazal,2003,0.24232142857142858,0.106,0.32,0.7098699298055016,-1.4158954666987005,28,0.07142857142857142
sm_crop,1728,West Bahr Ghazal,2004,0.2290357142857143,0.101,0.313,-0.008862909466540433,-1.679008188504541,28,0.07142857142857142
sm_crop,1728,West Bahr Ghazal,2005,0.23989285714285713,0.097,0.318,0.4818967948881438,-0.6763967750377315,28,0.0
sm_crop,1728,West Bahr Ghazal,2006,0.24860714285714286,0.097,0.349,1.05798828234859,-1.1590400999360109,28,0.03571428571428571
sm_crop,1728,West Bahr Ghazal,2007,0.2285714285714286,0.093,0.306,0.08740629456573977,-1.6397346310420198,28,0.17857142857142858
sm_crop,1728,West Bahr Ghazal,2008,0.24035714285714288,0.092,0.345,0.43800271107730954,-0.7631929653023417,28,0.0
sm_crop,1728,West Bahr Ghazal,2009,0.22567857142857142,0.097,0.298,-0.25627355488737635,-1.5273187726525013,28,0.07142857142857142
sm_crop,1728,West Bahr Ghazal,2010,0.23467857142857143,0.093,0.313,0.24308241834493632,-1.1536468639513393,28,0.03571428571428571
sm_crop,1728,West Bahr Ghazal,2011,0.2262142857142857,0.098,0.303,-0.04051613357684913,-1.2194987406988604,28,0.07142857142857142
sm_crop,1728,West Bahr Ghazal,2012,0.23275,0.096,0.326,0.15479491697510137,-0.9538060353833521,28,0.0
sm_crop,1728,West Bahr Ghazal,2013,0.22660714285714284,0.093,0.331,-0.03101711269896758,-1.4476252231230933,28,0.07142857142857142
sm_crop,1728,West Bahr Ghazal,2014,0.24903571428571428,0.094,0.34,0.7981403696240317,-1.2741719463631374,28,0.03571428571428571
sm_crop,1728,West Bahr Ghazal,2015,0.21121428571428572,0.094,0.314,-1.0454335369665109,-3.510240394099484,28,0.5
sm_crop,1728,West Bahr Ghazal,2016,0.22432142857142856,0.088,0.319,-0.3416794142751222,-1.6365225230175073,28,0.32142857142857145
sm_crop,1728,West Bahr Ghazal,2017,0.21546428571428572,0.089,0.298,-0.7451917158851529,-1.6999877639138004,28,0.2857142857142857
sm_crop,1728,West Bahr Ghazal,2018,0.22510714285714287,0.09,0.317,-0.3039009129089202,-1.170012594798957,28,0.14285714285714285
sm_crop,1728,West Bahr Ghazal,2019,0.23157142857142857,0.09,0.303,0.044695314187784906,-1.6875503597044508,28,0.14285714285714285
sm_crop,1728,West Bahr Ghazal,2020,0.228,0.096,0.311,-0.0197108164528999,-1.1858734408550489,28,0.03571428571428571
sm_crop,1728,West Bahr Ghazal,2021,0.22867857142857143,0.091,0.32,-0.0870929355614543,-1.67956850160944,28,0.10714285714285714
sm_crop,1728,West Bahr Ghazal,2022,0.23432142857142857,0.096,0.31,0.24749633049377293,-1.0264571508514786,28,0.03571428571428571
sm_crop,1728,West Bahr Ghazal,2023,0.2317857142857143,0.096,0.301,0.04447142812093178,-1.650556505499908,28,0.14285714285714285
sm_crop,1728,West Bahr Ghazal,2024,0.2317142857142857,0.097,0.31,0.29933884681649386,-2.2427291545036985,28,0.07142857142857142
sm_crop,1728,West Bahr Ghazal,2025,0.19503571428571428,0.077,0.286,-1.7509907227990382,-4.0393414219160615,28,0.7857142857142857
sm_crop,1728,West Bahr Ghazal,2026,0.2159090909090909,0.081,0.292,-1.0742418712642032,-2.5298971993446235,11,0.5454545454545454
sm_crop,1729,W.Equatoria,2000,0.28354545454545454,0.225,0.311,0.4382366749233766,-1.1751281268350375,22,0.045454545454545456
sm_crop,1729,W.Equatoria,2001,0.2727,0.164,0.325,0.6164381601124075,-1.9740628914465626,30,0.06666666666666667
sm_crop,1729,W.Equatoria,2002,0.2718333333333333,0.163,0.325,0.295293124213863,-1.6265892736340095,30,0.13333333333333333
sm_crop,1729,W.Equatoria,2003,0.2734333333333333,0.171,0.366,0.5918352918140527,-1.3419967125288887,30,0.13333333333333333
sm_crop,1729,W.Equatoria,2004,0.27576666666666666,0.145,0.37,0.6305956907491498,-1.367560617218538,30,0.13333333333333333
sm_crop,1729,W.Equatoria,2005,0.25703333333333334,0.154,0.309,-0.18573050190980758,-1.5379114930658864,30,0.16666666666666666
sm_crop,1729,W.Equatoria,2006,0.2697333333333333,0.146,0.324,0.3826645870802726,-2.310688471125582,30,0.06666666666666667
sm_crop,1729,W.Equatoria,2007,0.25933333333333336,0.147,0.308,0.16972019673106803,-1.6032859116731244,30,0.1
sm_crop,1729,W.Equatoria,2008,0.2726,0.164,0.306,0.6339297478989475,-1.4477187095508823,30,0.03333333333333333
sm_crop,1729,W.Equatoria,2009,0.2664666666666667,0.178,0.313,0.17800965068275149,-1.883893585636897,30,0.16666666666666666
sm_crop,1729,W.Equatoria,2010,0.2672,0.165,0.309,0.5596404165085409,-1.14520422262366,30,0.03333333333333333
sm_crop,1729,W.Equatoria,2011,0.24853333333333333,0.142,0.301,-0.5824657119510732,-1.9093449161996394,30,0.23333333333333334
sm_crop,1729,W.Equatoria,2012,0.2533333333333333,0.145,0.294,-0.3698721747594756,-1.9433555593467813,30,0.16666666666666666
sm_crop,1729,W.Equatoria,2013,0.2617333333333333,0.154,0.302,0.10903956360905306,-1.3741037744430573,30,0.06666666666666667
sm_crop,1729,W.Equatoria,2014,0.26613333333333333,0.173,0.3,0.3432959593046911,-0.6437500454514106,30,0.0
sm_crop,1729,W.Equatoria,2015,0.25683333333333336,0.183,0.305,-0.4203664890762521,-2.1965397551681276,30,0.2
sm_crop,1729,W.Equatoria,2016,0.25536666666666663,0.144,0.298,-0.2904144201786279,-2.1228484351656673,30,0.16666666666666666
sm_crop,1729,W.Equatoria,2017,0.2479,0.133,0.298,-0.5898009169493932,-1.5680488586693193,30,0.26666666666666666
sm_crop,1729,W.Equatoria,2018,0.24783333333333335,0.157,0.289,-0.8925556637259124,-2.5296591587423993,30,0.5333333333333333
sm_crop,1729,W.Equatoria,2019,0.25776666666666664,0.133,0.304,-0.1281324374931071,-2.413915103856278,30,0.13333333333333333
sm_crop,1729,W.Equatoria,2020,0.255,0.138,0.298,-0.1276219669250055,-1.1573441850200386,30,0.06666666666666667
sm_crop,1729,W.Equatoria,2021,0.26063333333333333,0.141,0.301,0.032187613750476116,-0.9853959061027772,30,0.0
sm_crop,1729,W.Equatoria,2022,0.25786666666666663,0.148,0.297,-0.1341078083035421,-1.6920212417875937,30,0.16666666666666666
sm_crop,1729,W.Equatoria,2023,0.2603666666666667,0.153,0.302,-0.17690755952338683,-2.717616704386845,30,0.1
sm_crop,1729,W.Equatoria,2024,0.26026666666666665,0.158,0.303,-0.06276111453825416,-1.9227345203758306,30,0.06666666666666667
sm_crop,1729,W.Equatoria,2025,0.25006666666666666,0.146,0.298,-0.5991574237026572,-1.5973601324265847,30,0.26666666666666666
sm_crop,1729,W.Equatoria,2026,0.2326153846153846,0.154,0.272,-0.7018370192982876,-3.161067559294977,13,0.3076923076923077
sm_crop,2242,Upper Nile,2000,0.30218181818181816,0.172,0.395,0.19221587590510128,-0.8647838833459026,22,0.0
sm_crop,2242,Upper Nile,2001,0.2743939393939394,0.163,0.388,0.3455543884128467,-1.4522129605706173,33,0.030303030303030304
sm_crop,2242,Upper Nile,2002,0.26466666666666666,0.15,0.366,0.03772810011973726,-1.3287393206110625,33,0.12121212121212122
sm_crop,2242,Upper Nile,2003,0.273,0.173,0.39,0.3579229587351177,-2.054030944230514,33,0.09090909090909091
sm_crop,2242,Upper Nile,2004,0.26866666666666666,0.164,0.376,0.15880308192512052,-1.4287733724845344,33,0.06060606060606061
sm_crop,2242,Upper Nile,2005,0.27199999999999996,0.169,0.384,0.32502451695613094,-2.3255477744763624,33,0.06060606060606061
sm_crop,2242,Upper Nile,2006,0.28315151515151515,0.143,0.399,0.7430459844839808,-2.1864998421833457,33,0.06060606060606061
sm_crop,2242,Upper Nile,2007,0.2946666666666667,0.174,0.42,1.152577149079385,-0.4252977684390413,33,0.0
sm_crop,2242,Upper Nile,2008,0.2877272727272727,0.176,0.389,0.8087800111195996,-0.06877861291917062,33,0.0
sm_crop,2242,Upper Nile,2009,0.2698787878787879,0.161,0.378,0.1626496312487133,-1.3566176343268617,33,0.06060606060606061
sm_crop,2242,Upper Nile,2010,0.27890909090909094,0.171,0.385,0.5232573712045796,-1.3407686154532001,33,0.030303030303030304
sm_crop,2242,Upper Nile,2011,0.27133333333333337,0.175,0.384,0.3332609542928213,-1.231942108826304,33,0.09090909090909091
sm_crop,2242,Upper Nile,2012,0.2731818181818182,0.17,0.389,0.28775454094095265,-0.7166375921496786,33,0.0
sm_crop,2242,Upper Nile,2013,0.2533030303030303,0.145,0.369,-0.4145090427419934,-1.5391125157689967,33,0.2727272727272727
sm_crop,2242,Upper Nile,2014,0.28630303030303034,0.166,0.399,0.7038982937082363,-0.1439129960925839,33,0.0
sm_crop,2242,Upper Nile,2015,0.2566363636363636,0.164,0.357,-0.323100526934259,-1.5814829982341774,33,0.18181818181818182
sm_crop,2242,Upper Nile,2016,0.24963636363636363,0.141,0.365,-0.8202914261109461,-1.4639362707137737,33,0.5454545454545454
sm_crop,2242,Upper Nile,2017,0.251,0.141,0.355,-0.7894916307518121,-1.6446270481662324,33,0.3939393939393939
sm_crop,2242,Upper Nile,2018,0.25645454545454544,0.14,0.367,-0.5351157275883884,-1.7211213294762877,33,0.15151515151515152
sm_crop,2242,Upper Nile,2019,0.25915151515151513,0.143,0.365,-0.45258040027426694,-1.6556766990656835,33,0.30303030303030304
sm_crop,2242,Upper Nile,2020,0.25587878787878787,0.145,0.364,-0.5446920285368884,-1.6590500305277842,33,0.30303030303030304
sm_crop,2242,Upper Nile,2021,0.26430303030303026,0.157,0.389,-0.23580464978377114,-1.1851251769485076,33,0.12121212121212122
sm_crop,2242,Upper Nile,2022,0.2770909090909091,0.152,0.383,0.2964529683680171,-0.9114088147844939,33,0.0
sm_crop,2242,Upper Nile,2023,0.2637575757575758,0.163,0.366,-0.06119149155904268,-1.869788879233692,33,0.18181818181818182
sm_crop,2242,Upper Nile,2024,0.2708484848484849,0.141,0.394,0.05077864800942494,-1.7230263295600292,33,0.21212121212121213
sm_crop,2242,Upper Nile,2025,0.2261818181818182,0.147,0.338,-1.6585877592667788,-3.730538614101497,33,0.6363636363636364
sm_crop,2242,Upper Nile,2026,0.225875,0.115,0.361,-1.196802404173569,-2.735889400271462,16,0.6875
spi3_crop,558,Jonglei,1989,0.21233333333333332,-0.718,1.003,0.21233333333333332,-0.718,27,0.0
spi3_crop,558,Jonglei,1990,-0.10406451612903224,-1.58,2.48,-0.10406451612903224,-1.58,31,0.12903225806451613
spi3_crop,558,Jonglei,1991,0.8356774193548386,-0.548,2.289,0.8356774193548386,-0.548,31,0.0
spi3_crop,558,Jonglei,1992,-0.4074516129032258,-1.326,0.532,-0.4074516129032258,-1.326,31,0.1935483870967742
spi3_crop,558,Jonglei,1993,-0.3400967741935484,-1.838,0.993,-0.3400967741935484,-1.838,31,0.2903225806451613
spi3_crop,558,Jonglei,1994,0.022419354838709684,-1.684,0.822,0.022419354838709684,-1.684,31,0.06451612903225806
spi3_crop,558,Jonglei,1995,0.23780645161290323,-1.09,1.25,0.23780645161290323,-1.09,31,0.03225806451612903
spi3_crop,558,Jonglei,1996,0.7470967741935484,-0.583,1.829,0.7470967741935484,-0.583,31,0.0
spi3_crop,558,Jonglei,1997,-0.04787096774193548,-1.659,1.953,-0.04787096774193548,-1.659,31,0.25806451612903225
spi3_crop,558,Jonglei,1998,0.2988387096774193,-0.61,2.461,0.2988387096774193,-0.61,31,0.0
spi3_crop,558,Jonglei,1999,0.09674193548387097,-1.172,0.696,0.09674193548387097,-1.172,31,0.0967741935483871
spi3_crop,558,Jonglei,2000,-0.22709677419354843,-1.371,0.769,-0.22709677419354843,-1.371,31,0.1935483870967742
spi3_crop,558,Jonglei,2001,0.2639677419354839,-0.809,0.943,0.2639677419354839,-0.809,31,0.0
spi3_crop,558,Jonglei,2002,-0.4554516129032258,-1.835,0.777,-0.4554516129032258,-1.835,31,0.1935483870967742
spi3_crop,558,Jonglei,2003,0.49909677419354836,-0.338,1.386,0.49909677419354836,-0.338,31,0.0
spi3_crop,558,Jonglei,2004,-0.07325806451612904,-1.564,1.34,-0.07325806451612904,-1.564,31,0.16129032258064516
spi3_crop,558,Jonglei,2005,-0.8012903225806451,-1.894,0.508,-0.8012903225806451,-1.894,31,0.2903225806451613
spi3_crop,558,Jonglei,2006,-0.9087096774193549,-1.617,0.081,-0.9087096774193549,-1.617,31,0.3548387096774194
spi3_crop,558,Jonglei,2007,0.09016129032258066,-0.839,1.812,0.09016129032258066,-0.839,31,0.0
spi3_crop,558,Jonglei,2008,-0.9551935483870968,-1.73,0.024,-0.9551935483870968,-1.73,31,0.4838709677419355
spi3_crop,558,Jonglei,2009,-1.2881612903225805,-2.455,1.244,-1.2881612903225805,-2.455,31,0.7096774193548387
spi3_crop,558,Jonglei,2010,0.2329032258064516,-1.009,1.143,0.2329032258064516,-1.009,31,0.03225806451612903
spi3_crop,558,Jonglei,2011,-0.1470967741935484,-1.396,0.663,-0.1470967741935484,-1.396,31,0.1935483870967742
spi3_crop,558,Jonglei,2012,0.5704193548387096,-1.906,1.377,0.5704193548387096,-1.906,31,0.06451612903225806
spi3_crop,558,Jonglei,2013,0.2815806451612903,-1.058,1.098,0.2815806451612903,-1.058,31,0.06451612903225806
spi3_crop,558,Jonglei,2014,0.764483870967742,-0.081,1.679,0.764483870967742,-0.081,31,0.0
spi3_crop,558,Jonglei,2015,0.028032258064516133,-0.766,1.09,0.028032258064516133,-0.766,31,0.0
spi3_crop,558,Jonglei,2016,0.1845483870967742,-1.434,1.787,0.1845483870967742,-1.434,31,0.1935483870967742
spi3_crop,558,Jonglei,2017,0.19599999999999998,-1.303,0.909,0.19599999999999998,-1.303,31,0.0967741935483871
spi3_crop,558,Jonglei,2018,0.29712903225806453,-0.643,1.54,0.29712903225806453,-0.643,31,0.0
spi3_crop,558,Jonglei,2019,0.4878387096774193,-0.557,1.588,0.4878387096774193,-0.557,31,0.0
spi3_crop,558,Jonglei,2020,0.6061290322580645,0.042,1.88,0.6061290322580645,0.042,31,0.0
spi3_crop,558,Jonglei,2021,-0.024000000000000004,-0.731,0.872,-0.024000000000000004,-0.731,31,0.0
spi3_crop,558,Jonglei,2022,-0.09416129032258064,-1.239,0.555,-0.09416129032258064,-1.239,31,0.03225806451612903
spi3_crop,558,Jonglei,2023,0.13635483870967743,-0.872,1.616,0.13635483870967743,-0.872,31,0.0
spi3_crop,558,Jonglei,2024,0.19261290322580646,-0.82,1.688,0.19261290322580646,-0.82,31,0.0
spi3_crop,558,Jonglei,2025,0.2260967741935484,-0.736,1.376,0.2260967741935484,-0.736,31,0.0
spi3_crop,558,Jonglei,2026,0.5144,-0.837,2.141,0.5144,-0.837,15,0.0
spi3_crop,599,El Buheyrat,1989,-0.1718076923076923,-1.499,0.56,-0.1718076923076923,-1.499,26,0.07692307692307693
spi3_crop,599,El Buheyrat,1990,-0.31589285714285714,-2.12,0.373,-0.31589285714285714,-2.12,28,0.10714285714285714
spi3_crop,599,El Buheyrat,1991,0.1702857142857143,-0.561,0.752,0.1702857142857143,-0.561,28,0.0
spi3_crop,599,El Buheyrat,1992,0.48225,-0.325,1.343,0.48225,-0.325,28,0.0
spi3_crop,599,El Buheyrat,1993,0.24071428571428571,-0.772,1.669,0.24071428571428571,-0.772,28,0.0
spi3_crop,599,El Buheyrat,1994,-0.03675000000000001,-1.568,1.15,-0.03675000000000001,-1.568,28,0.10714285714285714
spi3_crop,599,El Buheyrat,1995,0.444,-0.746,1.423,0.444,-0.746,28,0.0
spi3_crop,599,El Buheyrat,1996,0.31760714285714287,-1.197,1.106,0.31760714285714287,-1.197,28,0.03571428571428571
spi3_crop,599,El Buheyrat,1997,-0.09414285714285713,-1.786,2.092,-0.09414285714285713,-1.786,28,0.25
spi3_crop,599,El Buheyrat,1998,0.59275,-0.487,2.197,0.59275,-0.487,28,0.0
spi3_crop,599,El Buheyrat,1999,0.14289285714285715,-1.051,2.33,0.14289285714285715,-1.051,28,0.03571428571428571
spi3_crop,599,El Buheyrat,2000,0.18592857142857142,-1.046,1.103,0.18592857142857142,-1.046,28,0.03571428571428571
spi3_crop,599,El Buheyrat,2001,1.0793928571428573,-0.418,2.092,1.0793928571428573,-0.418,28,0.0
spi3_crop,599,El Buheyrat,2002,-0.9237142857142857,-1.958,0.354,-0.9237142857142857,-1.958,28,0.5
spi3_crop,599,El Buheyrat,2003,0.8935714285714286,-0.902,2.161,0.8935714285714286,-0.902,28,0.0
spi3_crop,599,El Buheyrat,2004,-0.7226071428571429,-2.171,1.671,-0.7226071428571429,-2.171,28,0.5357142857142857
spi3_crop,599,El Buheyrat,2005,-0.6777142857142857,-1.419,0.321,-0.6777142857142857,-1.419,28,0.2857142857142857
spi3_crop,599,El Buheyrat,2006,-0.3143928571428572,-2.092,0.338,-0.3143928571428572,-2.092,28,0.07142857142857142
spi3_crop,599,El Buheyrat,2007,-0.31425000000000003,-2.333,1.66,-0.31425000000000003,-2.333,28,0.2857142857142857
spi3_crop,599,El Buheyrat,2008,-1.2425714285714287,-1.964,0.404,-1.2425714285714287,-1.964,28,0.6785714285714286
spi3_crop,599,El Buheyrat,2009,-1.1398214285714285,-2.249,0.579,-1.1398214285714285,-2.249,28,0.5714285714285714
spi3_crop,599,El Buheyrat,2010,-0.025750000000000002,-1.1,0.621,-0.025750000000000002,-1.1,28,0.03571428571428571
spi3_crop,599,El Buheyrat,2011,-0.24082142857142858,-2.079,0.737,-0.24082142857142858,-2.079,28,0.17857142857142858
spi3_crop,599,El Buheyrat,2012,0.5368571428571428,-0.72,1.537,0.5368571428571428,-0.72,28,0.0
spi3_crop,599,El Buheyrat,2013,0.5940000000000001,-0.396,1.516,0.5940000000000001,-0.396,28,0.0
spi3_crop,599,El Buheyrat,2014,0.5622142857142857,-1.113,2.227,0.5622142857142857,-1.113,28,0.03571428571428571
spi3_crop,599,El Buheyrat,2015,-0.1822857142857143,-0.923,0.732,-0.1822857142857143,-0.923,28,0.0
spi3_crop,599,El Buheyrat,2016,0.2239642857142857,-2.073,1.921,0.2239642857142857,-2.073,28,0.25
spi3_crop,599,El Buheyrat,2017,-0.0012499999999999953,-0.708,0.719,-0.0012499999999999953,-0.708,28,0.0
spi3_crop,599,El Buheyrat,2018,-0.07514285714285716,-0.807,1.148,-0.07514285714285716,-0.807,28,0.0
spi3_crop,599,El Buheyrat,2019,0.016000000000000004,-1.265,1.021,0.016000000000000004,-1.265,28,0.10714285714285714
spi3_crop,599,El Buheyrat,2020,0.1359642857142857,-0.649,1.354,0.1359642857142857,-0.649,28,0.0
spi3_crop,599,El Buheyrat,2021,0.009892857142857144,-0.826,0.968,0.009892857142857144,-0.826,28,0.0
spi3_crop,599,El Buheyrat,2022,-0.4458214285714286,-1.935,0.815,-0.4458214285714286,-1.935,28,0.2857142857142857
spi3_crop,599,El Buheyrat,2023,0.015857142857142847,-0.949,1.759,0.015857142857142847,-0.949,28,0.0
spi3_crop,599,El Buheyrat,2024,-0.19192857142857142,-1.494,1.559,-0.19192857142857142,-1.494,28,0.14285714285714285
spi3_crop,599,El Buheyrat,2025,0.13746428571428573,-0.999,1.488,0.13746428571428573,-0.999,28,0.0
spi3_crop,599,El Buheyrat,2026,-0.7639166666666667,-2.09,0.4,-0.7639166666666667,-2.09,12,0.4166666666666667
spi3_crop,622,Unity,1989,0.13476,-0.92,0.982,0.13476,-0.92,25,0.0
spi3_crop,622,Unity,1990,-0.7463214285714285,-2.192,0.342,-0.7463214285714285,-2.192,28,0.2857142857142857
spi3_crop,622,Unity,1991,-0.016464285714285716,-1.508,1.781,-0.016464285714285716,-1.508,28,0.2857142857142857
spi3_crop,622,Unity,1992,0.1645,-0.464,0.76,0.1645,-0.464,28,0.0
spi3_crop,622,Unity,1993,0.1510357142857143,-1.242,1.325,0.1510357142857143,-1.242,28,0.07142857142857142
spi3_crop,622,Unity,1994,0.31124999999999997,-0.981,1.184,0.31124999999999997,-0.981,28,0.0
spi3_crop,622,Unity,1995,1.2097142857142857,0.329,2.041,1.2097142857142857,0.329,28,0.0
spi3_crop,622,Unity,1996,0.3201785714285714,-0.653,1.704,0.3201785714285714,-0.653,28,0.0
spi3_crop,622,Unity,1997,0.30860714285714286,-1.062,2.36,0.30860714285714286,-1.062,28,0.03571428571428571
spi3_crop,622,Unity,1998,0.17832142857142858,-1.331,2.111,0.17832142857142858,-1.331,28,0.14285714285714285
spi3_crop,622,Unity,1999,0.6363214285714286,-1.45,1.68,0.6363214285714286,-1.45,28,0.03571428571428571
spi3_crop,622,Unity,2000,-0.021392857142857137,-1.23,1.012,-0.021392857142857137,-1.23,28,0.07142857142857142
spi3_crop,622,Unity,2001,0.3702857142857143,-1.352,1.749,0.3702857142857143,-1.352,28,0.14285714285714285
spi3_crop,622,Unity,2002,-0.42974999999999997,-2.289,1.095,-0.42974999999999997,-2.289,28,0.2857142857142857
spi3_crop,622,Unity,2003,-0.21992857142857145,-1.302,1.229,-0.21992857142857145,-1.302,28,0.07142857142857142
spi3_crop,622,Unity,2004,-0.8961071428571429,-1.942,1.462,-0.8961071428571429,-1.942,28,0.5714285714285714
spi3_crop,622,Unity,2005,-0.3892142857142857,-1.719,0.288,-0.3892142857142857,-1.719,28,0.10714285714285714
spi3_crop,622,Unity,2006,-0.4630714285714285,-1.744,1.353,-0.4630714285714285,-1.744,28,0.32142857142857145
spi3_crop,622,Unity,2007,0.4421071428571429,-1.15,1.619,0.4421071428571429,-1.15,28,0.03571428571428571
spi3_crop,622,Unity,2008,-1.0311785714285713,-2.423,1.31,-1.0311785714285713,-2.423,28,0.5
spi3_crop,622,Unity,2009,-1.4831785714285715,-2.259,0.44,-1.4831785714285715,-2.259,28,0.7857142857142857
spi3_crop,622,Unity,2010,0.08325,-0.79,1.033,0.08325,-0.79,28,0.0
spi3_crop,622,Unity,2011,0.41210714285714284,-1.726,1.617,0.41210714285714284,-1.726,28,0.10714285714285714
spi3_crop,622,Unity,2012,-0.22,-1.604,0.82,-0.22,-1.604,28,0.14285714285714285
spi3_crop,622,Unity,2013,-0.2887857142857143,-1.43,2.366,-0.2887857142857143,-1.43,28,0.14285714285714285
spi3_crop,622,Unity,2014,0.9627857142857142,-1.271,2.443,0.9627857142857142,-1.271,28,0.07142857142857142
spi3_crop,622,Unity,2015,-0.11682142857142856,-1.268,1.192,-0.11682142857142856,-1.268,28,0.10714285714285714
spi3_crop,622,Unity,2016,0.032249999999999994,-1.193,1.74,0.032249999999999994,-1.193,28,0.07142857142857142
spi3_crop,622,Unity,2017,0.6101071428571428,-0.881,1.882,0.6101071428571428,-0.881,28,0.0
spi3_crop,622,Unity,2018,0.10267857142857142,-1.0,0.792,0.10267857142857142,-1.0,28,0.0
spi3_crop,622,Unity,2019,0.5906785714285715,-1.138,1.526,0.5906785714285715,-1.138,28,0.03571428571428571
spi3_crop,622,Unity,2020,0.07967857142857142,-0.902,0.803,0.07967857142857142,-0.902,28,0.0
spi3_crop,622,Unity,2021,0.16775,-0.83,1.323,0.16775,-0.83,28,0.0
spi3_crop,622,Unity,2022,0.21296428571428572,-0.566,2.059,0.21296428571428572,-0.566,28,0.0
spi3_crop,622,Unity,2023,-0.11825,-1.167,0.931,-0.11825,-1.167,28,0.07142857142857142
spi3_crop,622,Unity,2024,-0.03660714285714287,-1.56,2.5,-0.03660714285714287,-1.56,28,0.10714285714285714
spi3_crop,622,Unity,2025,-0.019357142857142847,-1.259,0.674,-0.019357142857142847,-1.259,28,0.10714285714285714
spi3_crop,622,Unity,2026,0.2535,-0.547,0.862,0.2535,-0.547,12,0.0
spi3_crop,623,C. Equatoria,1989,0.310962962962963,-0.505,1.155,0.310962962962963,-0.505,27,0.0
spi3_crop,623,C. Equatoria,1990,0.22723529411764706,-0.795,2.114,0.22723529411764706,-0.795,34,0.0
spi3_crop,623,C. Equatoria,1991,1.0380294117647058,-0.741,2.319,1.0380294117647058,-0.741,34,0.0
spi3_crop,623,C. Equatoria,1992,-0.3898235294117647,-1.598,0.2,-0.3898235294117647,-1.598,34,0.058823529411764705
spi3_crop,623,C. Equatoria,1993,0.2038235294117647,-1.434,1.72,0.2038235294117647,-1.434,34,0.11764705882352941
spi3_crop,623,C. Equatoria,1994,-0.017147058823529404,-1.493,1.036,-0.017147058823529404,-1.493,34,0.20588235294117646
spi3_crop,623,C. Equatoria,1995,-0.34494117647058825,-1.563,0.358,-0.34494117647058825,-1.563,34,0.14705882352941177
spi3_crop,623,C. Equatoria,1996,0.1760588235294118,-1.388,0.68,0.1760588235294118,-1.388,34,0.029411764705882353
spi3_crop,623,C. Equatoria,1997,0.1612058823529412,-1.012,1.413,0.1612058823529412,-1.012,34,0.058823529411764705
spi3_crop,623,C. Equatoria,1998,0.695235294117647,-0.297,2.173,0.695235294117647,-0.297,34,0.0
spi3_crop,623,C. Equatoria,1999,0.5456764705882353,-1.138,1.204,0.5456764705882353,-1.138,34,0.029411764705882353
spi3_crop,623,C. Equatoria,2000,-0.5169117647058823,-1.449,0.213,-0.5169117647058823,-1.449,34,0.08823529411764706
spi3_crop,623,C. Equatoria,2001,0.4495294117647059,-1.198,1.469,0.4495294117647059,-1.198,34,0.058823529411764705
spi3_crop,623,C. Equatoria,2002,0.4418235294117647,-1.121,1.491,0.4418235294117647,-1.121,34,0.029411764705882353
spi3_crop,623,C. Equatoria,2003,0.6575588235294118,-0.638,1.389,0.6575588235294118,-0.638,34,0.0
spi3_crop,623,C. Equatoria,2004,0.3716176470588235,-1.335,1.938,0.3716176470588235,-1.335,34,0.08823529411764706
spi3_crop,623,C. Equatoria,2005,-1.0354117647058825,-2.151,-0.124,-1.0354117647058825,-2.151,34,0.4411764705882353
spi3_crop,623,C. Equatoria,2006,-1.0753823529411766,-2.233,0.42,-1.0753823529411766,-2.233,34,0.6176470588235294
spi3_crop,623,C. Equatoria,2007,-0.791764705882353,-2.311,0.85,-0.791764705882353,-2.311,34,0.47058823529411764
spi3_crop,623,C. Equatoria,2008,-1.3805588235294117,-2.349,-0.197,-1.3805588235294117,-2.349,34,0.7352941176470589
spi3_crop,623,C. Equatoria,2009,-1.7176176470588236,-2.487,-0.008,-1.7176176470588236,-2.487,34,0.7647058823529411
spi3_crop,623,C. Equatoria,2010,0.38791176470588234,-2.035,1.65,0.38791176470588234,-2.035,34,0.058823529411764705
spi3_crop,623,C. Equatoria,2011,0.05388235294117646,-1.8,1.259,0.05388235294117646,-1.8,34,0.23529411764705882
spi3_crop,623,C. Equatoria,2012,0.11876470588235295,-1.843,1.228,0.11876470588235295,-1.843,34,0.17647058823529413
spi3_crop,623,C. Equatoria,2013,0.6755882352941176,-0.077,1.679,0.6755882352941176,-0.077,34,0.0
spi3_crop,623,C. Equatoria,2014,0.2927941176470588,-0.395,1.224,0.2927941176470588,-0.395,34,0.0
spi3_crop,623,C. Equatoria,2015,0.064,-0.869,1.588,0.064,-0.869,34,0.0
spi3_crop,623,C. Equatoria,2016,0.1794705882352941,-1.245,1.66,0.1794705882352941,-1.245,34,0.14705882352941177
spi3_crop,623,C. Equatoria,2017,0.00855882352941177,-1.496,1.196,0.00855882352941177,-1.496,34,0.08823529411764706
spi3_crop,623,C. Equatoria,2018,0.3206470588235294,-1.406,1.989,0.3206470588235294,-1.406,34,0.058823529411764705
spi3_crop,623,C. Equatoria,2019,0.37173529411764705,-1.224,1.499,0.37173529411764705,-1.224,34,0.029411764705882353
spi3_crop,623,C. Equatoria,2020,0.32311764705882356,-0.757,1.943,0.32311764705882356,-0.757,34,0.0
spi3_crop,623,C. Equatoria,2021,-0.5087058823529411,-1.633,0.55,-0.5087058823529411,-1.633,34,0.20588235294117646
spi3_crop,623,C. Equatoria,2022,-0.6530294117647059,-2.05,0.324,-0.6530294117647059,-2.05,34,0.29411764705882354
spi3_crop,623,C. Equatoria,2023,0.07176470588235295,-1.031,1.315,0.07176470588235295,-1.031,34,0.029411764705882353
spi3_crop,623,C. Equatoria,2024,0.08308823529411766,-2.17,1.521,0.08308823529411766,-2.17,34,0.20588235294117646
spi3_crop,623,C. Equatoria,2025,-0.7055882352941176,-1.823,0.767,-0.7055882352941176,-1.823,34,0.35294117647058826
spi3_crop,623,C. Equatoria,2026,0.1356111111111111,-1.975,1.726,0.1356111111111111,-1.975,18,0.16666666666666666
spi3_crop,1721,East Equatoria,1989,0.37474074074074076,-0.966,1.455,0.37474074074074076,-0.966,27,0.0
spi3_crop,1721,East Equatoria,1990,0.21963888888888888,-0.826,2.207,0.21963888888888888,-0.826,36,0.0
spi3_crop,1721,East Equatoria,1991,0.7337777777777778,-0.663,1.952,0.7337777777777778,-0.663,36,0.0
spi3_crop,1721,East Equatoria,1992,-0.3015,-1.505,1.411,-0.3015,-1.505,36,0.16666666666666666
spi3_crop,1721,East Equatoria,1993,-0.7421388888888889,-2.425,1.23,-0.7421388888888889,-2.425,36,0.4722222222222222
spi3_crop,1721,East Equatoria,1994,0.15308333333333335,-1.645,1.658,0.15308333333333335,-1.645,36,0.2222222222222222
spi3_crop,1721,East Equatoria,1995,-0.41383333333333333,-1.848,0.733,-0.41383333333333333,-1.848,36,0.16666666666666666
spi3_crop,1721,East Equatoria,1996,-0.08172222222222222,-0.895,0.936,-0.08172222222222222,-0.895,36,0.0
spi3_crop,1721,East Equatoria,1997,-0.24225,-1.773,1.601,-0.24225,-1.773,36,0.2222222222222222
spi3_crop,1721,East Equatoria,1998,0.34694444444444444,-1.209,2.361,0.34694444444444444,-1.209,36,0.027777777777777776
spi3_crop,1721,East Equatoria,1999,-0.4113888888888889,-1.42,0.58,-0.4113888888888889,-1.42,36,0.19444444444444445
spi3_crop,1721,East Equatoria,2000,-0.8386388888888888,-1.65,-0.133,-0.8386388888888888,-1.65,36,0.3333333333333333
spi3_crop,1721,East Equatoria,2001,0.16936111111111113,-0.948,1.081,0.16936111111111113,-0.948,36,0.0
spi3_crop,1721,East Equatoria,2002,-0.3331111111111111,-1.112,1.296,-0.3331111111111111,-1.112,36,0.1111111111111111
spi3_crop,1721,East Equatoria,2003,0.3108333333333333,-0.476,1.27,0.3108333333333333,-0.476,36,0.0
spi3_crop,1721,East Equatoria,2004,-0.007944444444444445,-1.77,1.004,-0.007944444444444445,-1.77,36,0.08333333333333333
spi3_crop,1721,East Equatoria,2005,-0.5076111111111111,-1.577,1.005,-0.5076111111111111,-1.577,36,0.2222222222222222
spi3_crop,1721,East Equatoria,2006,-0.04183333333333334,-1.383,1.073,-0.04183333333333334,-1.383,36,0.16666666666666666
spi3_crop,1721,East Equatoria,2007,0.613638888888889,-1.056,2.242,0.613638888888889,-1.056,36,0.05555555555555555
spi3_crop,1721,East Equatoria,2008,-0.6193055555555556,-1.745,0.392,-0.6193055555555556,-1.745,36,0.2777777777777778
spi3_crop,1721,East Equatoria,2009,-0.9897222222222223,-2.076,0.329,-0.9897222222222223,-2.076,36,0.5277777777777778
spi3_crop,1721,East Equatoria,2010,0.21191666666666667,-0.783,1.997,0.21191666666666667,-0.783,36,0.0
spi3_crop,1721,East Equatoria,2011,0.37966666666666665,-1.254,1.749,0.37966666666666665,-1.254,36,0.05555555555555555
spi3_crop,1721,East Equatoria,2012,1.103888888888889,-1.897,2.035,1.103888888888889,-1.897,36,0.1111111111111111
spi3_crop,1721,East Equatoria,2013,0.48050000000000004,-0.208,1.272,0.48050000000000004,-0.208,36,0.0
spi3_crop,1721,East Equatoria,2014,0.1621388888888889,-1.044,0.838,0.1621388888888889,-1.044,36,0.027777777777777776
spi3_crop,1721,East Equatoria,2015,0.03988888888888886,-1.096,1.162,0.03988888888888886,-1.096,36,0.05555555555555555
spi3_crop,1721,East Equatoria,2016,-0.03005555555555554,-1.029,1.364,-0.03005555555555554,-1.029,36,0.05555555555555555
spi3_crop,1721,East Equatoria,2017,-0.10186111111111111,-1.318,0.898,-0.10186111111111111,-1.318,36,0.1388888888888889
spi3_crop,1721,East Equatoria,2018,0.6107777777777778,-1.224,2.477,0.6107777777777778,-1.224,36,0.05555555555555555
spi3_crop,1721,East Equatoria,2019,0.2008888888888889,-1.236,1.674,0.2008888888888889,-1.236,36,0.08333333333333333
spi3_crop,1721,East Equatoria,2020,1.1925833333333333,0.117,2.321,1.1925833333333333,0.117,36,0.0
spi3_crop,1721,East Equatoria,2021,-0.19,-1.11,0.654,-0.19,-1.11,36,0.05555555555555555
spi3_crop,1721,East Equatoria,2022,-0.40902777777777777,-1.377,0.754,-0.40902777777777777,-1.377,36,0.08333333333333333
spi3_crop,1721,East Equatoria,2023,0.19919444444444442,-1.076,1.654,0.19919444444444442,-1.076,36,0.08333333333333333
spi3_crop,1721,East Equatoria,2024,0.6488333333333334,0.035,1.393,0.6488333333333334,0.035,36,0.0
spi3_crop,1721,East Equatoria,2025,0.4080833333333333,-1.897,2.077,0.4080833333333333,-1.897,36,0.08333333333333333
spi3_crop,1721,East Equatoria,2026,1.13205,-0.49,2.423,1.13205,-0.49,20,0.0
spi3_crop,1726,North Bahr Ghaza,1989,0.6759999999999999,-0.402,1.519,0.6759999999999999,-0.402,25,0.0
spi3_crop,1726,North Bahr Ghaza,1990,-0.4889655172413793,-1.312,0.624,-0.4889655172413793,-1.312,29,0.13793103448275862
spi3_crop,1726,North Bahr Ghaza,1991,-0.14758620689655172,-1.221,1.319,-0.14758620689655172,-1.221,29,0.1724137931034483
spi3_crop,1726,North Bahr Ghaza,1992,-0.26906896551724135,-1.153,0.421,-0.26906896551724135,-1.153,29,0.06896551724137931
spi3_crop,1726,North Bahr Ghaza,1993,0.4327241379310345,-0.323,1.251,0.4327241379310345,-0.323,29,0.0
spi3_crop,1726,North Bahr Ghaza,1994,0.24244827586206896,-0.619,1.41,0.24244827586206896,-0.619,29,0.0
spi3_crop,1726,North Bahr Ghaza,1995,0.3305172413793103,-1.167,1.564,0.3305172413793103,-1.167,29,0.034482758620689655
spi3_crop,1726,North Bahr Ghaza,1996,0.766448275862069,-0.251,1.722,0.766448275862069,-0.251,29,0.0
spi3_crop,1726,North Bahr Ghaza,1997,0.7856206896551725,-0.529,2.395,0.7856206896551725,-0.529,29,0.0
spi3_crop,1726,North Bahr Ghaza,1998,0.29931034482758617,-0.925,2.457,0.29931034482758617,-0.925,29,0.0
spi3_crop,1726,North Bahr Ghaza,1999,0.660655172413793,-2.5,2.327,0.660655172413793,-2.5,29,0.06896551724137931
spi3_crop,1726,North Bahr Ghaza,2000,0.10272413793103449,-0.803,1.139,0.10272413793103449,-0.803,29,0.0
spi3_crop,1726,North Bahr Ghaza,2001,0.24289655172413796,-2.013,1.344,0.24289655172413796,-2.013,29,0.10344827586206896
spi3_crop,1726,North Bahr Ghaza,2002,-0.9696206896551725,-2.485,1.221,-0.9696206896551725,-2.485,29,0.5862068965517241
spi3_crop,1726,North Bahr Ghaza,2003,0.5387586206896552,-0.61,1.564,0.5387586206896552,-0.61,29,0.0
spi3_crop,1726,North Bahr Ghaza,2004,-1.1800344827586209,-2.47,1.884,-1.1800344827586209,-2.47,29,0.6206896551724138
spi3_crop,1726,North Bahr Ghaza,2005,-0.5903793103448277,-1.734,1.133,-0.5903793103448277,-1.734,29,0.41379310344827586
spi3_crop,1726,North Bahr Ghaza,2006,-0.22786206896551725,-1.565,1.058,-0.22786206896551725,-1.565,29,0.13793103448275862
spi3_crop,1726,North Bahr Ghaza,2007,-0.03424137931034482,-2.033,0.88,-0.03424137931034482,-2.033,29,0.13793103448275862
spi3_crop,1726,North Bahr Ghaza,2008,-1.1178275862068967,-2.447,0.92,-1.1178275862068967,-2.447,29,0.5517241379310345
spi3_crop,1726,North Bahr Ghaza,2009,-0.8720344827586207,-2.451,0.196,-0.8720344827586207,-2.451,29,0.3793103448275862
spi3_crop,1726,North Bahr Ghaza,2010,-0.1373793103448276,-1.454,1.696,-0.1373793103448276,-1.454,29,0.20689655172413793
spi3_crop,1726,North Bahr Ghaza,2011,0.24248275862068966,-1.88,1.735,0.24248275862068966,-1.88,29,0.10344827586206896
spi3_crop,1726,North Bahr Ghaza,2012,-0.00913793103448276,-1.068,1.081,-0.00913793103448276,-1.068,29,0.06896551724137931
spi3_crop,1726,North Bahr Ghaza,2013,0.7416551724137931,-1.868,1.766,0.7416551724137931,-1.868,29,0.034482758620689655
spi3_crop,1726,North Bahr Ghaza,2014,0.09351724137931033,-1.481,2.088,0.09351724137931033,-1.481,29,0.06896551724137931
spi3_crop,1726,North Bahr Ghaza,2015,-0.14003448275862068,-1.242,1.616,-0.14003448275862068,-1.242,29,0.034482758620689655
spi3_crop,1726,North Bahr Ghaza,2016,0.051931034482758626,-1.07,1.877,0.051931034482758626,-1.07,29,0.034482758620689655
spi3_crop,1726,North Bahr Ghaza,2017,-0.11093103448275861,-0.834,0.433,-0.11093103448275861,-0.834,29,0.0
spi3_crop,1726,North Bahr Ghaza,2018,0.28272413793103446,-0.58,1.139,0.28272413793103446,-0.58,29,0.0
spi3_crop,1726,North Bahr Ghaza,2019,0.6953448275862069,-0.439,1.926,0.6953448275862069,-0.439,29,0.0
spi3_crop,1726,North Bahr Ghaza,2020,-0.524551724137931,-1.409,0.627,-0.524551724137931,-1.409,29,0.13793103448275862
spi3_crop,1726,North Bahr Ghaza,2021,0.3616896551724138,-0.538,1.452,0.3616896551724138,-0.538,29,0.0
spi3_crop,1726,North Bahr Ghaza,2022,0.2306206896551724,-0.413,0.536,0.2306206896551724,-0.413,29,0.0
spi3_crop,1726,North Bahr Ghaza,2023,-0.06789655172413794,-0.839,1.24,-0.06789655172413794,-0.839,29,0.0
spi3_crop,1726,North Bahr Ghaza,2024,-0.056758620689655176,-1.451,2.5,-0.056758620689655176,-1.451,29,0.1724137931034483
spi3_crop,1726,North Bahr Ghaza,2025,-0.5723448275862069,-1.688,0.617,-0.5723448275862069,-1.688,29,0.27586206896551724
spi3_crop,1726,North Bahr Ghaza,2026,-0.46407692307692305,-1.645,1.08,-0.46407692307692305,-1.645,13,0.07692307692307693
spi3_crop,1727,Warab,1989,0.5587777777777778,-0.512,1.363,0.5587777777777778,-0.512,27,0.0
spi3_crop,1727,Warab,1990,-0.22051612903225806,-1.116,0.615,-0.22051612903225806,-1.116,31,0.03225806451612903
spi3_crop,1727,Warab,1991,0.1285806451612903,-0.873,1.071,0.1285806451612903,-0.873,31,0.0
spi3_crop,1727,Warab,1992,-0.04516129032258064,-0.97,0.584,-0.04516129032258064,-0.97,31,0.0
spi3_crop,1727,Warab,1993,0.796258064516129,-0.19,1.66,0.796258064516129,-0.19,31,0.0
spi3_crop,1727,Warab,1994,0.03538709677419355,-1.216,1.28,0.03538709677419355,-1.216,31,0.03225806451612903
spi3_crop,1727,Warab,1995,0.5802903225806452,-0.093,1.619,0.5802903225806452,-0.093,31,0.0
spi3_crop,1727,Warab,1996,0.47558064516129034,-0.301,1.543,0.47558064516129034,-0.301,31,0.0
spi3_crop,1727,Warab,1997,0.8236774193548386,-0.801,2.158,0.8236774193548386,-0.801,31,0.0
spi3_crop,1727,Warab,1998,0.1445483870967742,-1.171,2.449,0.1445483870967742,-1.171,31,0.03225806451612903
spi3_crop,1727,Warab,1999,-0.029225806451612914,-1.49,1.882,-0.029225806451612914,-1.49,31,0.12903225806451613
spi3_crop,1727,Warab,2000,0.06380645161290323,-1.31,1.059,0.06380645161290323,-1.31,31,0.03225806451612903
spi3_crop,1727,Warab,2001,0.493,-1.493,1.618,0.493,-1.493,31,0.06451612903225806
spi3_crop,1727,Warab,2002,-1.1210322580645162,-2.488,1.118,-1.1210322580645162,-2.488,31,0.6774193548387096
spi3_crop,1727,Warab,2003,0.41174193548387095,-1.31,1.523,0.41174193548387095,-1.31,31,0.03225806451612903
spi3_crop,1727,Warab,2004,-1.214516129032258,-2.5,1.648,-1.214516129032258,-2.5,31,0.5806451612903226
spi3_crop,1727,Warab,2005,-0.9305483870967742,-1.843,0.606,-0.9305483870967742,-1.843,31,0.5806451612903226
spi3_crop,1727,Warab,2006,-0.4152258064516129,-1.748,0.87,-0.4152258064516129,-1.748,31,0.1935483870967742
spi3_crop,1727,Warab,2007,-0.33716129032258063,-1.659,0.897,-0.33716129032258063,-1.659,31,0.12903225806451613
spi3_crop,1727,Warab,2008,-1.455258064516129,-2.5,0.653,-1.455258064516129,-2.5,31,0.6451612903225806
spi3_crop,1727,Warab,2009,-0.8045161290322581,-2.462,0.902,-0.8045161290322581,-2.462,31,0.41935483870967744
spi3_crop,1727,Warab,2010,0.3275483870967742,-0.688,1.798,0.3275483870967742,-0.688,31,0.0
spi3_crop,1727,Warab,2011,0.003967741935483871,-1.907,2.17,0.003967741935483871,-1.907,31,0.16129032258064516
spi3_crop,1727,Warab,2012,0.14487096774193547,-0.929,0.961,0.14487096774193547,-0.929,31,0.0
spi3_crop,1727,Warab,2013,0.4546774193548387,-1.84,2.057,0.4546774193548387,-1.84,31,0.06451612903225806
spi3_crop,1727,Warab,2014,0.4326129032258065,-1.718,2.313,0.4326129032258065,-1.718,31,0.06451612903225806
spi3_crop,1727,Warab,2015,0.029967741935483867,-1.14,1.52,0.029967741935483867,-1.14,31,0.06451612903225806
spi3_crop,1727,Warab,2016,0.4683225806451613,-1.011,2.33,0.4683225806451613,-1.011,31,0.03225806451612903
spi3_crop,1727,Warab,2017,-0.05248387096774194,-0.941,0.358,-0.05248387096774194,-0.941,31,0.0
spi3_crop,1727,Warab,2018,0.5040645161290322,-0.626,2.32,0.5040645161290322,-0.626,31,0.0
spi3_crop,1727,Warab,2019,0.31587096774193546,-0.389,0.954,0.31587096774193546,-0.389,31,0.0
spi3_crop,1727,Warab,2020,-0.09861290322580646,-0.916,1.3,-0.09861290322580646,-0.916,31,0.0
spi3_crop,1727,Warab,2021,0.20093548387096774,-0.816,1.434,0.20093548387096774,-0.816,31,0.0
spi3_crop,1727,Warab,2022,-0.07425806451612903,-0.765,0.374,-0.07425806451612903,-0.765,31,0.0
spi3_crop,1727,Warab,2023,0.24467741935483872,-0.929,1.219,0.24467741935483872,-0.929,31,0.0
spi3_crop,1727,Warab,2024,-0.16315625,-1.5,2.5,-0.16315625,-1.5,32,0.15625
spi3_crop,1727,Warab,2025,-0.14503125,-1.101,0.96,-0.14503125,-1.101,32,0.0625
spi3_crop,1727,Warab,2026,0.10525,-1.721,1.95,0.10525,-1.721,16,0.125
spi3_crop,1728,West Bahr Ghazal,1989,1.15,-0.159,2.178,1.15,-0.159,26,0.0
spi3_crop,1728,West Bahr Ghazal,1990,-0.4656071428571429,-1.05,0.089,-0.4656071428571429,-1.05,28,0.03571428571428571
spi3_crop,1728,West Bahr Ghazal,1991,-0.6664642857142857,-2.042,0.761,-0.6664642857142857,-2.042,28,0.42857142857142855
spi3_crop,1728,West Bahr Ghazal,1992,-0.15132142857142858,-1.034,0.673,-0.15132142857142858,-1.034,28,0.07142857142857142
spi3_crop,1728,West Bahr Ghazal,1993,-0.24046428571428574,-1.496,1.56,-0.24046428571428574,-1.496,28,0.21428571428571427
spi3_crop,1728,West Bahr Ghazal,1994,0.0005714285714285719,-1.469,0.869,0.0005714285714285719,-1.469,28,0.07142857142857142
spi3_crop,1728,West Bahr Ghazal,1995,0.22707142857142856,-0.43,1.92,0.22707142857142856,-0.43,28,0.0
spi3_crop,1728,West Bahr Ghazal,1996,0.4130714285714286,0.02,0.818,0.4130714285714286,0.02,28,0.0
spi3_crop,1728,West Bahr Ghazal,1997,0.49125,-0.15,1.817,0.49125,-0.15,28,0.0
spi3_crop,1728,West Bahr Ghazal,1998,0.05921428571428571,-0.817,0.826,0.05921428571428571,-0.817,28,0.0
spi3_crop,1728,West Bahr Ghazal,1999,0.42450000000000004,-1.363,1.923,0.42450000000000004,-1.363,28,0.03571428571428571
spi3_crop,1728,West Bahr Ghazal,2000,0.8603214285714286,-0.478,2.137,0.8603214285714286,-0.478,28,0.0
spi3_crop,1728,West Bahr Ghazal,2001,0.01742857142857143,-1.23,0.841,0.01742857142857143,-1.23,28,0.07142857142857142
spi3_crop,1728,West Bahr Ghazal,2002,-0.9096428571428571,-2.484,1.227,-0.9096428571428571,-2.484,28,0.6071428571428571
spi3_crop,1728,West Bahr Ghazal,2003,1.039607142857143,-0.463,1.845,1.039607142857143,-0.463,28,0.0
spi3_crop,1728,West Bahr Ghazal,2004,-0.44675000000000004,-1.192,0.871,-0.44675000000000004,-1.192,28,0.10714285714285714
spi3_crop,1728,West Bahr Ghazal,2005,-0.32857142857142857,-1.293,0.62,-0.32857142857142857,-1.293,28,0.03571428571428571
spi3_crop,1728,West Bahr Ghazal,2006,0.3324285714285714,-1.495,1.256,0.3324285714285714,-1.495,28,0.10714285714285714
spi3_crop,1728,West Bahr Ghazal,2007,-0.39,-2.3,0.702,-0.39,-2.3,28,0.25
spi3_crop,1728,West Bahr Ghazal,2008,-1.0310357142857143,-1.754,0.498,-1.0310357142857143,-1.754,28,0.6071428571428571
spi3_crop,1728,West Bahr Ghazal,2009,-0.7501428571428572,-2.322,0.109,-0.7501428571428572,-2.322,28,0.32142857142857145
spi3_crop,1728,West Bahr Ghazal,2010,0.2977142857142857,-0.804,2.014,0.2977142857142857,-0.804,28,0.0
spi3_crop,1728,West Bahr Ghazal,2011,-0.11653571428571428,-1.865,2.035,-0.11653571428571428,-1.865,28,0.17857142857142858
spi3_crop,1728,West Bahr Ghazal,2012,0.19678571428571429,-0.502,1.371,0.19678571428571429,-0.502,28,0.0
spi3_crop,1728,West Bahr Ghazal,2013,0.2503214285714286,-1.297,1.72,0.2503214285714286,-1.297,28,0.03571428571428571
spi3_crop,1728,West Bahr Ghazal,2014,0.048892857142857134,-1.34,1.973,0.048892857142857134,-1.34,28,0.14285714285714285
spi3_crop,1728,West Bahr Ghazal,2015,-0.14264285714285715,-1.12,0.897,-0.14264285714285715,-1.12,28,0.03571428571428571
spi3_crop,1728,West Bahr Ghazal,2016,0.0855357142857143,-1.181,1.705,0.0855357142857143,-1.181,28,0.10714285714285714
spi3_crop,1728,West Bahr Ghazal,2017,-0.4324642857142857,-1.34,0.012,-0.4324642857142857,-1.34,28,0.10714285714285714
spi3_crop,1728,West Bahr Ghazal,2018,0.17557142857142857,-1.157,0.995,0.17557142857142857,-1.157,28,0.10714285714285714
spi3_crop,1728,West Bahr Ghazal,2019,0.09839285714285714,-1.386,1.429,0.09839285714285714,-1.386,28,0.03571428571428571
spi3_crop,1728,West Bahr Ghazal,2020,-0.08539285714285713,-0.898,1.237,-0.08539285714285713,-0.898,28,0.0
spi3_crop,1728,West Bahr Ghazal,2021,0.05042857142857143,-0.767,0.94,0.05042857142857143,-0.767,28,0.0
spi3_crop,1728,West Bahr Ghazal,2022,0.019321428571428576,-0.82,0.458,0.019321428571428576,-0.82,28,0.0
spi3_crop,1728,West Bahr Ghazal,2023,0.13485714285714284,-1.292,1.228,0.13485714285714284,-1.292,28,0.03571428571428571
spi3_crop,1728,West Bahr Ghazal,2024,-0.1694642857142857,-1.55,0.676,-0.1694642857142857,-1.55,28,0.10714285714285714
spi3_crop,1728,West Bahr Ghazal,2025,-0.30089285714285713,-1.363,0.376,-0.30089285714285713,-1.363,28,0.14285714285714285
spi3_crop,1728,West Bahr Ghazal,2026,0.020916666666666667,-0.787,1.165,0.020916666666666667,-0.787,12,0.0
spi3_crop,1729,W.Equatoria,1989,-0.07507407407407408,-1.904,1.357,-0.07507407407407408,-1.904,27,0.14814814814814814
spi3_crop,1729,W.Equatoria,1990,0.003060606060606062,-1.28,0.753,0.003060606060606062,-1.28,33,0.09090909090909091
spi3_crop,1729,W.Equatoria,1991,0.8265151515151514,-0.291,2.44,0.8265151515151514,-0.291,33,0.0
spi3_crop,1729,W.Equatoria,1992,0.28099999999999997,-1.283,1.874,0.28099999999999997,-1.283,33,0.06060606060606061
spi3_crop,1729,W.Equatoria,1993,0.2628787878787879,-2.231,1.896,0.2628787878787879,-2.231,33,0.21212121212121213
spi3_crop,1729,W.Equatoria,1994,-0.2903030303030303,-2.335,1.282,-0.2903030303030303,-2.335,33,0.3333333333333333
spi3_crop,1729,W.Equatoria,1995,-0.003363636363636364,-1.06,0.564,-0.003363636363636364,-1.06,33,0.030303030303030304
spi3_crop,1729,W.Equatoria,1996,0.45227272727272727,-1.132,1.277,0.45227272727272727,-1.132,33,0.030303030303030304
spi3_crop,1729,W.Equatoria,1997,-0.816969696969697,-2.391,0.788,-0.816969696969697,-2.391,33,0.48484848484848486
spi3_crop,1729,W.Equatoria,1998,0.2545151515151515,-1.234,2.494,0.2545151515151515,-1.234,33,0.09090909090909091
spi3_crop,1729,W.Equatoria,1999,0.12618181818181817,-0.975,2.424,0.12618181818181817,-0.975,33,0.0
spi3_crop,1729,W.Equatoria,2000,-0.578,-1.767,0.121,-0.578,-1.767,33,0.18181818181818182
spi3_crop,1729,W.Equatoria,2001,0.47215151515151516,-1.48,1.236,0.47215151515151516,-1.48,33,0.030303030303030304
spi3_crop,1729,W.Equatoria,2002,0.22530303030303028,-0.87,1.023,0.22530303030303028,-0.87,33,0.0
spi3_crop,1729,W.Equatoria,2003,0.7620606060606061,-0.23,1.936,0.7620606060606061,-0.23,33,0.0
spi3_crop,1729,W.Equatoria,2004,-0.33466666666666667,-1.234,0.66,-0.33466666666666667,-1.234,33,0.06060606060606061
spi3_crop,1729,W.Equatoria,2005,-0.9527878787878787,-2.5,0.877,-0.9527878787878787,-2.5,33,0.45454545454545453
spi3_crop,1729,W.Equatoria,2006,-0.6497878787878788,-2.452,0.527,-0.6497878787878788,-2.452,33,0.24242424242424243
spi3_crop,1729,W.Equatoria,2007,-0.5044848484848484,-1.878,1.078,-0.5044848484848484,-1.878,33,0.36363636363636365
spi3_crop,1729,W.Equatoria,2008,-0.754,-1.918,0.273,-0.754,-1.918,33,0.3939393939393939
spi3_crop,1729,W.Equatoria,2009,-1.3822121212121212,-2.5,1.7,-1.3822121212121212,-2.5,33,0.6666666666666666
spi3_crop,1729,W.Equatoria,2010,0.2490909090909091,-1.182,1.435,0.2490909090909091,-1.182,33,0.06060606060606061
spi3_crop,1729,W.Equatoria,2011,0.2334848484848485,-1.925,1.92,0.2334848484848485,-1.925,33,0.2727272727272727
spi3_crop,1729,W.Equatoria,2012,0.5875454545454545,-1.129,1.608,0.5875454545454545,-1.129,33,0.030303030303030304
spi3_crop,1729,W.Equatoria,2013,0.5450303030303031,-0.29,2.435,0.5450303030303031,-0.29,33,0.0
spi3_crop,1729,W.Equatoria,2014,0.42984848484848487,-1.103,1.807,0.42984848484848487,-1.103,33,0.030303030303030304
spi3_crop,1729,W.Equatoria,2015,-0.04624242424242425,-1.846,1.68,-0.04624242424242425,-1.846,33,0.12121212121212122
spi3_crop,1729,W.Equatoria,2016,0.2902121212121212,-2.33,2.072,0.2902121212121212,-2.33,33,0.2727272727272727
spi3_crop,1729,W.Equatoria,2017,-0.15260606060606063,-1.58,1.024,-0.15260606060606063,-1.58,33,0.12121212121212122
spi3_crop,1729,W.Equatoria,2018,0.600030303030303,-0.321,1.472,0.600030303030303,-0.321,33,0.0
spi3_crop,1729,W.Equatoria,2019,0.09981818181818182,-1.085,1.276,0.09981818181818182,-1.085,33,0.030303030303030304
spi3_crop,1729,W.Equatoria,2020,0.27360606060606063,-0.92,1.18,0.27360606060606063,-0.92,33,0.0
spi3_crop,1729,W.Equatoria,2021,-0.7932121212121211,-1.235,0.153,-0.7932121212121211,-1.235,33,0.3333333333333333
spi3_crop,1729,W.Equatoria,2022,-0.8642121212121212,-2.49,0.575,-0.8642121212121212,-2.49,33,0.3939393939393939
spi3_crop,1729,W.Equatoria,2023,0.20872727272727273,-1.244,1.567,0.20872727272727273,-1.244,33,0.12121212121212122
spi3_crop,1729,W.Equatoria,2024,-0.2811818181818182,-2.482,1.376,-0.2811818181818182,-2.482,33,0.24242424242424243
spi3_crop,1729,W.Equatoria,2025,-0.3723939393939394,-1.69,0.557,-0.3723939393939394,-1.69,33,0.18181818181818182
spi3_crop,1729,W.Equatoria,2026,0.11194117647058824,-1.153,1.464,0.11194117647058824,-1.153,17,0.058823529411764705
spi3_crop,2242,Upper Nile,1989,0.5416153846153846,-0.863,1.146,0.5416153846153846,-0.863,26,0.0
spi3_crop,2242,Upper Nile,1990,-1.3209333333333333,-2.134,1.435,-1.3209333333333333,-2.134,30,0.7
spi3_crop,2242,Upper Nile,1991,-0.28883333333333333,-2.425,1.58,-0.28883333333333333,-2.425,30,0.3333333333333333
spi3_crop,2242,Upper Nile,1992,-0.6226333333333333,-1.843,0.793,-0.6226333333333333,-1.843,30,0.3333333333333333
spi3_crop,2242,Upper Nile,1993,0.42693333333333333,-1.058,1.399,0.42693333333333333,-1.058,30,0.03333333333333333
spi3_crop,2242,Upper Nile,1994,0.03813333333333333,-1.595,1.335,0.03813333333333333,-1.595,30,0.06666666666666667
spi3_crop,2242,Upper Nile,1995,-0.12156666666666664,-1.442,1.444,-0.12156666666666664,-1.442,30,0.2
spi3_crop,2242,Upper Nile,1996,0.2670666666666666,-1.098,1.65,0.2670666666666666,-1.098,30,0.03333333333333333
spi3_crop,2242,Upper Nile,1997,0.7214333333333334,-0.597,1.952,0.7214333333333334,-0.597,30,0.0
spi3_crop,2242,Upper Nile,1998,0.40873333333333334,-1.24,2.417,0.40873333333333334,-1.24,30,0.06666666666666667
spi3_crop,2242,Upper Nile,1999,0.39799999999999996,-0.746,1.938,0.39799999999999996,-0.746,30,0.0
spi3_crop,2242,Upper Nile,2000,0.2393,-0.771,1.435,0.2393,-0.771,30,0.0
spi3_crop,2242,Upper Nile,2001,-0.2852,-1.236,0.313,-0.2852,-1.236,30,0.06666666666666667
spi3_crop,2242,Upper Nile,2002,-0.5398666666666667,-2.094,0.584,-0.5398666666666667,-2.094,30,0.2
spi3_crop,2242,Upper Nile,2003,-0.20976666666666668,-1.88,0.957,-0.20976666666666668,-1.88,30,0.1
spi3_crop,2242,Upper Nile,2004,-0.9300999999999999,-2.38,1.041,-0.9300999999999999,-2.38,30,0.4
spi3_crop,2242,Upper Nile,2005,-0.5585,-1.714,0.087,-0.5585,-1.714,30,0.16666666666666666
spi3_crop,2242,Upper Nile,2006,-0.3098,-2.22,1.413,-0.3098,-2.22,30,0.13333333333333333
spi3_crop,2242,Upper Nile,2007,0.6342333333333333,-0.815,2.329,0.6342333333333333,-0.815,30,0.0
spi3_crop,2242,Upper Nile,2008,-0.15423333333333333,-1.137,1.08,-0.15423333333333333,-1.137,30,0.06666666666666667
spi3_crop,2242,Upper Nile,2009,-0.8460000000000001,-1.859,1.76,-0.8460000000000001,-1.859,30,0.6666666666666666
spi3_crop,2242,Upper Nile,2010,-0.3554333333333333,-1.32,0.736,-0.3554333333333333,-1.32,30,0.16666666666666666
spi3_crop,2242,Upper Nile,2011,0.022299999999999993,-1.588,0.789,0.022299999999999993,-1.588,30,0.06666666666666667
spi3_crop,2242,Upper Nile,2012,0.38233333333333336,-1.48,1.322,0.38233333333333336,-1.48,30,0.06666666666666667
spi3_crop,2242,Upper Nile,2013,-0.21466666666666667,-1.994,2.405,-0.21466666666666667,-1.994,30,0.3
spi3_crop,2242,Upper Nile,2014,0.6047999999999999,-1.6,1.969,0.6047999999999999,-1.6,30,0.03333333333333333
spi3_crop,2242,Upper Nile,2015,0.5591,-0.726,1.871,0.5591,-0.726,30,0.0
spi3_crop,2242,Upper Nile,2016,0.7532666666666666,-0.269,2.079,0.7532666666666666,-0.269,30,0.0
spi3_crop,2242,Upper Nile,2017,0.33713333333333334,-1.133,2.067,0.33713333333333334,-1.133,30,0.03333333333333333
spi3_crop,2242,Upper Nile,2018,0.4885333333333333,-1.054,1.525,0.4885333333333333,-1.054,30,0.03333333333333333
spi3_crop,2242,Upper Nile,2019,0.37220000000000003,-0.355,1.314,0.37220000000000003,-0.355,30,0.0
spi3_crop,2242,Upper Nile,2020,0.13863333333333333,-0.92,1.44,0.13863333333333333,-0.92,30,0.0
spi3_crop,2242,Upper Nile,2021,0.24456666666666665,-0.936,1.329,0.24456666666666665,-0.936,30,0.0
spi3_crop,2242,Upper Nile,2022,0.2873,-1.067,1.344,0.2873,-1.067,30,0.03333333333333333
spi3_crop,2242,Upper Nile,2023,-0.4113,-1.72,0.602,-0.4113,-1.72,30,0.1
spi3_crop,2242,Upper Nile,2024,0.3098666666666666,-1.463,2.099,0.3098666666666666,-1.463,30,0.03333333333333333
spi3_crop,2242,Upper Nile,2025,0.039966666666666685,-1.771,1.472,0.039966666666666685,-1.771,30,0.16666666666666666
spi3_crop,2242,Upper Nile,2026,0.655142857142857,-0.801,2.32,0.655142857142857,-0.801,14,0.0
spi3_range,558,Jonglei,1989,0.06433333333333334,-0.797,1.034,0.06433333333333334,-0.797,27,0.0
spi3_range,558,Jonglei,1990,-0.04119444444444445,-1.458,2.285,-0.04119444444444445,-1.458,36,0.1388888888888889
spi3_range,558,Jonglei,1991,0.4765,-0.635,1.858,0.4765,-0.635,36,0.0
spi3_range,558,Jonglei,1992,-0.3297222222222222,-1.32,0.617,-0.3297222222222222,-1.32,36,0.2222222222222222
spi3_range,558,Jonglei,1993,-0.5728611111111112,-2.186,0.796,-0.5728611111111112,-2.186,36,0.3888888888888889
spi3_range,558,Jonglei,1994,0.09891666666666668,-1.62,0.921,0.09891666666666668,-1.62,36,0.08333333333333333
spi3_range,558,Jonglei,1995,-0.026777777777777772,-0.649,1.49,-0.026777777777777772,-0.649,36,0.0
spi3_range,558,Jonglei,1996,0.6198055555555555,-1.402,1.909,0.6198055555555555,-1.402,36,0.05555555555555555
spi3_range,558,Jonglei,1997,-0.3585555555555555,-1.836,1.479,-0.3585555555555555,-1.836,36,0.3333333333333333
spi3_range,558,Jonglei,1998,0.3241388888888889,-0.883,2.079,0.3241388888888889,-0.883,36,0.0
spi3_range,558,Jonglei,1999,0.06688888888888889,-1.226,1.914,0.06688888888888889,-1.226,36,0.027777777777777776
spi3_range,558,Jonglei,2000,-0.34508333333333335,-1.469,0.604,-0.34508333333333335,-1.469,36,0.1388888888888889
spi3_range,558,Jonglei,2001,0.3218888888888889,-0.558,1.177,0.3218888888888889,-0.558,36,0.0
spi3_range,558,Jonglei,2002,-0.5870277777777777,-1.572,0.342,-0.5870277777777777,-1.572,36,0.25
spi3_range,558,Jonglei,2003,0.2855833333333333,-0.804,1.908,0.2855833333333333,-0.804,36,0.0
spi3_range,558,Jonglei,2004,-0.05383333333333332,-1.203,2.112,-0.05383333333333332,-1.203,36,0.1111111111111111
spi3_range,558,Jonglei,2005,-0.4621388888888889,-1.541,1.776,-0.4621388888888889,-1.541,36,0.1388888888888889
spi3_range,558,Jonglei,2006,-0.17647222222222222,-1.338,0.587,-0.17647222222222222,-1.338,36,0.05555555555555555
spi3_range,558,Jonglei,2007,0.4409722222222222,-0.575,1.813,0.4409722222222222,-0.575,36,0.0
spi3_range,558,Jonglei,2008,-0.24708333333333332,-0.917,1.59,-0.24708333333333332,-0.917,36,0.0
spi3_range,558,Jonglei,2009,-0.9620833333333333,-2.381,1.663,-0.9620833333333333,-2.381,36,0.6111111111111112
spi3_range,558,Jonglei,2010,0.1268888888888889,-1.707,1.092,0.1268888888888889,-1.707,36,0.05555555555555555
spi3_range,558,Jonglei,2011,0.10102777777777777,-1.554,0.936,0.10102777777777777,-1.554,36,0.08333333333333333
spi3_range,558,Jonglei,2012,0.35025,-2.08,1.645,0.35025,-2.08,36,0.1388888888888889
spi3_range,558,Jonglei,2013,0.2931944444444444,-1.417,1.494,0.2931944444444444,-1.417,36,0.027777777777777776
spi3_range,558,Jonglei,2014,0.6055277777777778,-0.862,2.305,0.6055277777777778,-0.862,36,0.0
spi3_range,558,Jonglei,2015,0.17269444444444443,-0.862,1.974,0.17269444444444443,-0.862,36,0.0
spi3_range,558,Jonglei,2016,-0.02227777777777779,-1.654,2.392,-0.02227777777777779,-1.654,36,0.2222222222222222
spi3_range,558,Jonglei,2017,0.22177777777777777,-1.148,2.263,0.22177777777777777,-1.148,36,0.027777777777777776
spi3_range,558,Jonglei,2018,0.34741666666666665,-0.723,1.695,0.34741666666666665,-0.723,36,0.0
spi3_range,558,Jonglei,2019,0.6227222222222222,-0.832,2.039,0.6227222222222222,-0.832,36,0.0
spi3_range,558,Jonglei,2020,0.8117777777777778,0.228,2.009,0.8117777777777778,0.228,36,0.0
spi3_range,558,Jonglei,2021,-0.30525,-1.186,0.492,-0.30525,-1.186,36,0.027777777777777776
spi3_range,558,Jonglei,2022,0.10152777777777777,-1.157,0.97,0.10152777777777777,-1.157,36,0.027777777777777776
spi3_range,558,Jonglei,2023,0.1285,-0.797,1.983,0.1285,-0.797,36,0.0
spi3_range,558,Jonglei,2024,0.5863055555555555,-0.38,2.28,0.5863055555555555,-0.38,36,0.0
spi3_range,558,Jonglei,2025,0.2733333333333333,-0.798,1.025,0.2733333333333333,-0.798,36,0.0
spi3_range,558,Jonglei,2026,0.6926,-0.554,2.106,0.6926,-0.554,20,0.0
spi3_range,599,El Buheyrat,1989,-0.12551851851851853,-1.354,0.461,-0.12551851851851853,-1.354,27,0.037037037037037035
spi3_range,599,El Buheyrat,1990,-0.15808333333333333,-1.244,1.562,-0.15808333333333333,-1.244,36,0.08333333333333333
spi3_range,599,El Buheyrat,1991,0.4377222222222222,-0.138,1.833,0.4377222222222222,-0.138,36,0.0
spi3_range,599,El Buheyrat,1992,0.3029722222222222,-1.102,1.575,0.3029722222222222,-1.102,36,0.027777777777777776
spi3_range,599,El Buheyrat,1993,0.2093611111111111,-1.074,1.642,0.2093611111111111,-1.074,36,0.027777777777777776
spi3_range,599,El Buheyrat,1994,-0.019944444444444445,-1.507,1.048,-0.019944444444444445,-1.507,36,0.16666666666666666
spi3_range,599,El Buheyrat,1995,0.3056388888888889,-0.899,1.202,0.3056388888888889,-0.899,36,0.0
spi3_range,599,El Buheyrat,1996,0.40830555555555553,-1.349,1.285,0.40830555555555553,-1.349,36,0.027777777777777776
spi3_range,599,El Buheyrat,1997,-0.005666666666666665,-1.507,2.062,-0.005666666666666665,-1.507,36,0.19444444444444445
spi3_range,599,El Buheyrat,1998,0.3538611111111111,-1.479,1.611,0.3538611111111111,-1.479,36,0.027777777777777776
spi3_range,599,El Buheyrat,1999,0.16094444444444445,-1.03,1.322,0.16094444444444445,-1.03,36,0.027777777777777776
spi3_range,599,El Buheyrat,2000,-0.046249999999999986,-1.607,0.974,-0.046249999999999986,-1.607,36,0.16666666666666666
spi3_range,599,El Buheyrat,2001,0.6871111111111111,-1.391,1.821,0.6871111111111111,-1.391,36,0.027777777777777776
spi3_range,599,El Buheyrat,2002,-0.7157222222222221,-1.706,0.709,-0.7157222222222221,-1.706,36,0.3611111111111111
spi3_range,599,El Buheyrat,2003,0.6136944444444444,-1.011,1.892,0.6136944444444444,-1.011,36,0.027777777777777776
spi3_range,599,El Buheyrat,2004,-0.6471944444444444,-2.043,2.427,-0.6471944444444444,-2.043,36,0.4444444444444444
spi3_range,599,El Buheyrat,2005,-0.6341666666666667,-1.892,0.431,-0.6341666666666667,-1.892,36,0.25
spi3_range,599,El Buheyrat,2006,-0.4199166666666667,-2.245,1.005,-0.4199166666666667,-2.245,36,0.16666666666666666
spi3_range,599,El Buheyrat,2007,-0.4869722222222222,-1.953,1.542,-0.4869722222222222,-1.953,36,0.2777777777777778
spi3_range,599,El Buheyrat,2008,-0.9057499999999999,-1.822,0.365,-0.9057499999999999,-1.822,36,0.5
spi3_range,599,El Buheyrat,2009,-1.0805,-2.139,0.215,-1.0805,-2.139,36,0.5277777777777778
spi3_range,599,El Buheyrat,2010,-0.04861111111111111,-1.633,1.531,-0.04861111111111111,-1.633,36,0.1111111111111111
spi3_range,599,El Buheyrat,2011,-0.3428611111111111,-2.18,0.787,-0.3428611111111111,-2.18,36,0.3333333333333333
spi3_range,599,El Buheyrat,2012,0.3354722222222222,-1.257,1.578,0.3354722222222222,-1.257,36,0.027777777777777776
spi3_range,599,El Buheyrat,2013,0.5064722222222222,-0.339,1.41,0.5064722222222222,-0.339,36,0.0
spi3_range,599,El Buheyrat,2014,0.6296944444444444,-1.023,2.205,0.6296944444444444,-1.023,36,0.027777777777777776
spi3_range,599,El Buheyrat,2015,0.007583333333333325,-1.048,1.397,0.007583333333333325,-1.048,36,0.027777777777777776
spi3_range,599,El Buheyrat,2016,0.5020833333333333,-1.832,2.268,0.5020833333333333,-1.832,36,0.16666666666666666
spi3_range,599,El Buheyrat,2017,-0.1056111111111111,-1.269,1.009,-0.1056111111111111,-1.269,36,0.027777777777777776
spi3_range,599,El Buheyrat,2018,0.1636111111111111,-1.039,2.426,0.1636111111111111,-1.039,36,0.027777777777777776
spi3_range,599,El Buheyrat,2019,0.1482222222222222,-1.068,1.327,0.1482222222222222,-1.068,36,0.027777777777777776
spi3_range,599,El Buheyrat,2020,0.20522222222222222,-0.793,1.595,0.20522222222222222,-0.793,36,0.0
spi3_range,599,El Buheyrat,2021,-0.10741666666666666,-0.818,0.903,-0.10741666666666666,-0.818,36,0.0
spi3_range,599,El Buheyrat,2022,-0.3111111111111111,-1.593,0.829,-0.3111111111111111,-1.593,36,0.16666666666666666
spi3_range,599,El Buheyrat,2023,0.13116666666666668,-1.02,1.607,0.13116666666666668,-1.02,36,0.027777777777777776
spi3_range,599,El Buheyrat,2024,0.014388888888888875,-1.357,2.215,0.014388888888888875,-1.357,36,0.1111111111111111
spi3_range,599,El Buheyrat,2025,-0.16852777777777778,-1.212,1.018,-0.16852777777777778,-1.212,36,0.08333333333333333
spi3_range,599,El Buheyrat,2026,-0.23040000000000002,-1.491,1.231,-0.23040000000000002,-1.491,20,0.2
spi3_range,622,Unity,1989,0.060444444444444446,-0.957,0.968,0.060444444444444446,-0.957,27,0.0
spi3_range,622,Unity,1990,-0.7625757575757576,-1.938,1.222,-0.7625757575757576,-1.938,33,0.3333333333333333
spi3_range,622,Unity,1991,0.15354545454545454,-1.292,1.872,0.15354545454545454,-1.292,33,0.12121212121212122
spi3_range,622,Unity,1992,0.14896969696969697,-0.851,0.883,0.14896969696969697,-0.851,33,0.0
spi3_range,622,Unity,1993,0.33015151515151514,-0.683,1.711,0.33015151515151514,-0.683,33,0.0
spi3_range,622,Unity,1994,0.32939393939393935,-1.337,1.081,0.32939393939393935,-1.337,33,0.06060606060606061
spi3_range,622,Unity,1995,0.7836060606060605,-0.673,1.413,0.7836060606060605,-0.673,33,0.0
spi3_range,622,Unity,1996,0.3481818181818182,-1.059,1.152,0.3481818181818182,-1.059,33,0.030303030303030304
spi3_range,622,Unity,1997,0.15133333333333332,-1.23,1.822,0.15133333333333332,-1.23,33,0.09090909090909091
spi3_range,622,Unity,1998,0.2661818181818182,-0.887,1.877,0.2661818181818182,-0.887,33,0.0
spi3_range,622,Unity,1999,0.4174848484848485,-1.19,1.588,0.4174848484848485,-1.19,33,0.06060606060606061
spi3_range,622,Unity,2000,0.12587878787878787,-0.986,1.811,0.12587878787878787,-0.986,33,0.0
spi3_range,622,Unity,2001,0.5536060606060605,-0.539,1.588,0.5536060606060605,-0.539,33,0.0
spi3_range,622,Unity,2002,-0.7433030303030304,-2.334,0.385,-0.7433030303030304,-2.334,33,0.3333333333333333
spi3_range,622,Unity,2003,0.03366666666666666,-1.061,1.612,0.03366666666666666,-1.061,33,0.030303030303030304
spi3_range,622,Unity,2004,-0.6794545454545454,-2.227,2.343,-0.6794545454545454,-2.227,33,0.5454545454545454
spi3_range,622,Unity,2005,-0.3956363636363637,-1.537,0.578,-0.3956363636363637,-1.537,33,0.15151515151515152
spi3_range,622,Unity,2006,-0.3659090909090909,-1.357,0.817,-0.3659090909090909,-1.357,33,0.15151515151515152
spi3_range,622,Unity,2007,0.16160606060606061,-0.971,1.228,0.16160606060606061,-0.971,33,0.0
spi3_range,622,Unity,2008,-0.7427272727272727,-2.053,2.0,-0.7427272727272727,-2.053,33,0.48484848484848486
spi3_range,622,Unity,2009,-1.3541818181818182,-2.127,-0.055,-1.3541818181818182,-2.127,33,0.6363636363636364
spi3_range,622,Unity,2010,-0.03263636363636364,-1.058,1.206,-0.03263636363636364,-1.058,33,0.06060606060606061
spi3_range,622,Unity,2011,0.13484848484848486,-2.017,1.345,0.13484848484848486,-2.017,33,0.12121212121212122
spi3_range,622,Unity,2012,-0.007060606060606066,-1.104,1.143,-0.007060606060606066,-1.104,33,0.030303030303030304
spi3_range,622,Unity,2013,-0.16081818181818183,-1.048,1.351,-0.16081818181818183,-1.048,33,0.06060606060606061
spi3_range,622,Unity,2014,0.8918484848484849,-1.241,2.449,0.8918484848484849,-1.241,33,0.030303030303030304
spi3_range,622,Unity,2015,-0.10354545454545455,-1.261,1.629,-0.10354545454545455,-1.261,33,0.09090909090909091
spi3_range,622,Unity,2016,0.18145454545454545,-1.342,1.593,0.18145454545454545,-1.342,33,0.12121212121212122
spi3_range,622,Unity,2017,0.30154545454545456,-0.767,1.387,0.30154545454545456,-0.767,33,0.0
spi3_range,622,Unity,2018,0.129,-1.203,0.788,0.129,-1.203,33,0.06060606060606061
spi3_range,622,Unity,2019,0.39748484848484844,-0.653,1.417,0.39748484848484844,-0.653,33,0.0
spi3_range,622,Unity,2020,0.03118181818181818,-0.868,0.906,0.03118181818181818,-0.868,33,0.0
spi3_range,622,Unity,2021,0.00024242424242423927,-0.943,0.93,0.00024242424242423927,-0.943,33,0.0
spi3_range,622,Unity,2022,-0.19490909090909092,-1.119,0.696,-0.19490909090909092,-1.119,33,0.12121212121212122
spi3_range,622,Unity,2023,-0.1397878787878788,-0.989,1.461,-0.1397878787878788,-0.989,33,0.0
spi3_range,622,Unity,2024,0.157,-1.437,2.368,0.157,-1.437,33,0.09090909090909091
spi3_range,622,Unity,2025,-0.03945454545454545,-0.967,1.848,-0.03945454545454545,-0.967,33,0.0
spi3_range,622,Unity,2026,0.2023529411764706,-0.728,1.567,0.2023529411764706,-0.728,17,0.0
spi3_range,623,C. Equatoria,1989,0.20566666666666666,-0.492,0.935,0.20566666666666666,-0.492,27,0.0
spi3_range,623,C. Equatoria,1990,0.12905714285714284,-1.155,2.002,0.12905714285714284,-1.155,35,0.02857142857142857
spi3_range,623,C. Equatoria,1991,0.9587428571428571,-0.559,2.259,0.9587428571428571,-0.559,35,0.0
spi3_range,623,C. Equatoria,1992,-0.2999428571428571,-1.334,0.383,-0.2999428571428571,-1.334,35,0.05714285714285714
spi3_range,623,C. Equatoria,1993,0.09965714285714286,-1.751,1.286,0.09965714285714286,-1.751,35,0.08571428571428572
spi3_range,623,C. Equatoria,1994,0.15400000000000003,-1.722,1.383,0.15400000000000003,-1.722,35,0.14285714285714285
spi3_range,623,C. Equatoria,1995,-0.308,-1.407,0.367,-0.308,-1.407,35,0.11428571428571428
spi3_range,623,C. Equatoria,1996,0.21928571428571428,-0.674,0.957,0.21928571428571428,-0.674,35,0.0
spi3_range,623,C. Equatoria,1997,0.11688571428571429,-1.462,1.878,0.11688571428571429,-1.462,35,0.17142857142857143
spi3_range,623,C. Equatoria,1998,0.7352571428571428,-0.331,2.223,0.7352571428571428,-0.331,35,0.0
spi3_range,623,C. Equatoria,1999,0.5592857142857143,-0.943,1.185,0.5592857142857143,-0.943,35,0.0
spi3_range,623,C. Equatoria,2000,-0.5693714285714286,-1.506,0.459,-0.5693714285714286,-1.506,35,0.2571428571428571
spi3_range,623,C. Equatoria,2001,0.19628571428571429,-1.322,1.041,0.19628571428571429,-1.322,35,0.02857142857142857
spi3_range,623,C. Equatoria,2002,0.504,-0.847,1.355,0.504,-0.847,35,0.0
spi3_range,623,C. Equatoria,2003,0.7049142857142857,-0.387,1.425,0.7049142857142857,-0.387,35,0.0
spi3_range,623,C. Equatoria,2004,0.5178285714285714,-1.069,2.5,0.5178285714285714,-1.069,35,0.02857142857142857
spi3_range,623,C. Equatoria,2005,-1.0522857142857143,-2.347,0.441,-1.0522857142857143,-2.347,35,0.4857142857142857
spi3_range,623,C. Equatoria,2006,-1.0774857142857144,-1.85,0.568,-1.0774857142857144,-1.85,35,0.6
spi3_range,623,C. Equatoria,2007,-0.7291142857142857,-2.194,0.761,-0.7291142857142857,-2.194,35,0.42857142857142855
spi3_range,623,C. Equatoria,2008,-1.3359999999999999,-2.389,0.257,-1.3359999999999999,-2.389,35,0.6
spi3_range,623,C. Equatoria,2009,-1.4683142857142857,-2.474,0.142,-1.4683142857142857,-2.474,35,0.6571428571428571
spi3_range,623,C. Equatoria,2010,0.2889714285714286,-2.372,1.603,0.2889714285714286,-2.372,35,0.08571428571428572
spi3_range,623,C. Equatoria,2011,0.027485714285714287,-1.423,0.994,0.027485714285714287,-1.423,35,0.2
spi3_range,623,C. Equatoria,2012,0.14422857142857143,-1.818,1.048,0.14422857142857143,-1.818,35,0.2
spi3_range,623,C. Equatoria,2013,0.5577428571428572,-0.075,1.537,0.5577428571428572,-0.075,35,0.0
spi3_range,623,C. Equatoria,2014,0.37460000000000004,-0.287,1.344,0.37460000000000004,-0.287,35,0.0
spi3_range,623,C. Equatoria,2015,-0.05834285714285714,-1.097,1.421,-0.05834285714285714,-1.097,35,0.02857142857142857
spi3_range,623,C. Equatoria,2016,0.2319428571428571,-1.46,1.729,0.2319428571428571,-1.46,35,0.2
spi3_range,623,C. Equatoria,2017,-0.00011428571428571756,-1.67,1.001,-0.00011428571428571756,-1.67,35,0.05714285714285714
spi3_range,623,C. Equatoria,2018,0.3151428571428571,-1.235,1.895,0.3151428571428571,-1.235,35,0.02857142857142857
spi3_range,623,C. Equatoria,2019,0.19637142857142856,-1.126,1.323,0.19637142857142856,-1.126,35,0.08571428571428572
spi3_range,623,C. Equatoria,2020,0.34077142857142856,-0.438,1.852,0.34077142857142856,-0.438,35,0.0
spi3_range,623,C. Equatoria,2021,-0.46562857142857145,-1.485,0.188,-0.46562857142857145,-1.485,35,0.11428571428571428
spi3_range,623,C. Equatoria,2022,-0.6051428571428571,-1.7,0.132,-0.6051428571428571,-1.7,35,0.22857142857142856
spi3_range,623,C. Equatoria,2023,-0.020057142857142857,-0.884,1.411,-0.020057142857142857,-0.884,35,0.0
spi3_range,623,C. Equatoria,2024,0.040285714285714286,-1.538,1.902,0.040285714285714286,-1.538,35,0.08571428571428572
spi3_range,623,C. Equatoria,2025,-0.3945142857142857,-1.675,0.762,-0.3945142857142857,-1.675,35,0.17142857142857143
spi3_range,623,C. Equatoria,2026,0.19957894736842105,-1.48,1.995,0.19957894736842105,-1.48,19,0.15789473684210525
spi3_range,1721,East Equatoria,1989,0.5107407407407408,-0.603,1.619,0.5107407407407408,-0.603,27,0.0
spi3_range,1721,East Equatoria,1990,0.2396111111111111,-1.11,2.233,0.2396111111111111,-1.11,36,0.05555555555555555
spi3_range,1721,East Equatoria,1991,0.7596944444444444,-0.579,2.062,0.7596944444444444,-0.579,36,0.0
spi3_range,1721,East Equatoria,1992,-0.34491666666666665,-1.515,1.452,-0.34491666666666665,-1.515,36,0.25
spi3_range,1721,East Equatoria,1993,-0.5928055555555556,-2.353,1.369,-0.5928055555555556,-2.353,36,0.4166666666666667
spi3_range,1721,East Equatoria,1994,0.17000000000000004,-1.432,1.551,0.17000000000000004,-1.432,36,0.16666666666666666
spi3_range,1721,East Equatoria,1995,-0.31030555555555556,-1.537,0.785,-0.31030555555555556,-1.537,36,0.08333333333333333
spi3_range,1721,East Equatoria,1996,-0.04497222222222222,-1.196,0.879,-0.04497222222222222,-1.196,36,0.05555555555555555
spi3_range,1721,East Equatoria,1997,-0.29894444444444446,-1.771,1.91,-0.29894444444444446,-1.771,36,0.3055555555555556
spi3_range,1721,East Equatoria,1998,0.42533333333333334,-1.092,2.417,0.42533333333333334,-1.092,36,0.027777777777777776
spi3_range,1721,East Equatoria,1999,-0.23169444444444443,-1.265,0.638,-0.23169444444444443,-1.265,36,0.08333333333333333
spi3_range,1721,East Equatoria,2000,-0.7988333333333333,-1.9,-0.004,-0.7988333333333333,-1.9,36,0.3333333333333333
spi3_range,1721,East Equatoria,2001,0.15044444444444446,-1.171,0.826,0.15044444444444446,-1.171,36,0.027777777777777776
spi3_range,1721,East Equatoria,2002,-0.18488888888888888,-1.06,1.199,-0.18488888888888888,-1.06,36,0.027777777777777776
spi3_range,1721,East Equatoria,2003,0.5020833333333333,-0.419,1.078,0.5020833333333333,-0.419,36,0.0
spi3_range,1721,East Equatoria,2004,0.05827777777777779,-1.445,1.258,0.05827777777777779,-1.445,36,0.05555555555555555
spi3_range,1721,East Equatoria,2005,-0.594,-1.618,0.543,-0.594,-1.618,36,0.2777777777777778
spi3_range,1721,East Equatoria,2006,-0.1883611111111111,-1.383,0.968,-0.1883611111111111,-1.383,36,0.1388888888888889
spi3_range,1721,East Equatoria,2007,0.446,-1.016,2.14,0.446,-1.016,36,0.027777777777777776
spi3_range,1721,East Equatoria,2008,-0.6668055555555555,-1.878,0.266,-0.6668055555555555,-1.878,36,0.25
spi3_range,1721,East Equatoria,2009,-1.0296944444444445,-2.169,0.571,-1.0296944444444445,-2.169,36,0.5
spi3_range,1721,East Equatoria,2010,0.21794444444444444,-1.306,2.036,0.21794444444444444,-1.306,36,0.027777777777777776
spi3_range,1721,East Equatoria,2011,0.2848611111111111,-1.085,1.305,0.2848611111111111,-1.085,36,0.027777777777777776
spi3_range,1721,East Equatoria,2012,0.8355833333333333,-1.779,1.742,0.8355833333333333,-1.779,36,0.1111111111111111
spi3_range,1721,East Equatoria,2013,0.47866666666666663,-0.095,1.096,0.47866666666666663,-0.095,36,0.0
spi3_range,1721,East Equatoria,2014,0.20866666666666667,-1.025,0.693,0.20866666666666667,-1.025,36,0.027777777777777776
spi3_range,1721,East Equatoria,2015,-0.09111111111111111,-1.164,1.146,-0.09111111111111111,-1.164,36,0.1111111111111111
spi3_range,1721,East Equatoria,2016,-0.14263888888888887,-1.068,1.306,-0.14263888888888887,-1.068,36,0.05555555555555555
spi3_range,1721,East Equatoria,2017,-0.012361111111111107,-1.152,0.884,-0.012361111111111107,-1.152,36,0.05555555555555555
spi3_range,1721,East Equatoria,2018,0.50575,-1.245,2.383,0.50575,-1.245,36,0.05555555555555555
spi3_range,1721,East Equatoria,2019,0.31030555555555556,-1.136,1.799,0.31030555555555556,-1.136,36,0.08333333333333333
spi3_range,1721,East Equatoria,2020,1.0109166666666667,0.25,2.21,1.0109166666666667,0.25,36,0.0
spi3_range,1721,East Equatoria,2021,-0.30822222222222223,-0.978,0.466,-0.30822222222222223,-0.978,36,0.0
spi3_range,1721,East Equatoria,2022,-0.3760833333333333,-1.378,0.726,-0.3760833333333333,-1.378,36,0.1111111111111111
spi3_range,1721,East Equatoria,2023,0.10325000000000001,-1.349,1.612,0.10325000000000001,-1.349,36,0.1111111111111111
spi3_range,1721,East Equatoria,2024,0.5990555555555556,-0.194,1.216,0.5990555555555556,-0.194,36,0.0
spi3_range,1721,East Equatoria,2025,0.2198888888888889,-1.839,1.689,0.2198888888888889,-1.839,36,0.08333333333333333
spi3_range,1721,East Equatoria,2026,1.1227,-0.415,2.424,1.1227,-0.415,20,0.0
spi3_range,1726,North Bahr Ghaza,1989,0.6295185185185185,-0.482,1.625,0.6295185185185185,-0.482,27,0.0
spi3_range,1726,North Bahr Ghaza,1990,-0.5824117647058823,-1.614,0.703,-0.5824117647058823,-1.614,34,0.2647058823529412
spi3_range,1726,North Bahr Ghaza,1991,-0.12029411764705882,-1.688,1.289,-0.12029411764705882,-1.688,34,0.11764705882352941
spi3_range,1726,North Bahr Ghaza,1992,-0.32173529411764706,-1.033,0.247,-0.32173529411764706,-1.033,34,0.08823529411764706
spi3_range,1726,North Bahr Ghaza,1993,0.3028529411764706,-0.447,1.28,0.3028529411764706,-0.447,34,0.0
spi3_range,1726,North Bahr Ghaza,1994,0.051794117647058824,-1.482,1.402,0.051794117647058824,-1.482,34,0.11764705882352941
spi3_range,1726,North Bahr Ghaza,1995,0.2088235294117647,-0.921,1.452,0.2088235294117647,-0.921,34,0.0
spi3_range,1726,North Bahr Ghaza,1996,0.6707647058823529,-0.385,1.605,0.6707647058823529,-0.385,34,0.0
spi3_range,1726,North Bahr Ghaza,1997,0.6417058823529412,-0.369,2.419,0.6417058823529412,-0.369,34,0.0
spi3_range,1726,North Bahr Ghaza,1998,0.25782352941176473,-0.997,2.338,0.25782352941176473,-0.997,34,0.0
spi3_range,1726,North Bahr Ghaza,1999,0.39755882352941174,-2.134,2.067,0.39755882352941174,-2.134,34,0.17647058823529413
spi3_range,1726,North Bahr Ghaza,2000,-0.010970588235294107,-1.308,1.327,-0.010970588235294107,-1.308,34,0.08823529411764706
spi3_range,1726,North Bahr Ghaza,2001,0.013470588235294104,-1.911,1.203,0.013470588235294104,-1.911,34,0.11764705882352941
spi3_range,1726,North Bahr Ghaza,2002,-0.8456470588235294,-2.475,1.47,-0.8456470588235294,-2.475,34,0.5
spi3_range,1726,North Bahr Ghaza,2003,0.5540882352941177,-1.41,1.437,0.5540882352941177,-1.41,34,0.058823529411764705
spi3_range,1726,North Bahr Ghaza,2004,-0.940735294117647,-2.301,2.168,-0.940735294117647,-2.301,34,0.5882352941176471
spi3_range,1726,North Bahr Ghaza,2005,-0.6991470588235295,-1.587,1.039,-0.6991470588235295,-1.587,34,0.38235294117647056
spi3_range,1726,North Bahr Ghaza,2006,-0.13594117647058823,-1.466,2.5,-0.13594117647058823,-1.466,34,0.058823529411764705
spi3_range,1726,North Bahr Ghaza,2007,0.2194705882352941,-1.502,1.806,0.2194705882352941,-1.502,34,0.058823529411764705
spi3_range,1726,North Bahr Ghaza,2008,-0.7819117647058824,-2.288,1.027,-0.7819117647058824,-2.288,34,0.47058823529411764
spi3_range,1726,North Bahr Ghaza,2009,-0.6593823529411765,-2.194,0.339,-0.6593823529411765,-2.194,34,0.3235294117647059
spi3_range,1726,North Bahr Ghaza,2010,0.07885294117647058,-1.32,2.201,0.07885294117647058,-1.32,34,0.08823529411764706
spi3_range,1726,North Bahr Ghaza,2011,-0.08458823529411764,-1.774,1.623,-0.08458823529411764,-1.774,34,0.14705882352941177
spi3_range,1726,North Bahr Ghaza,2012,-0.010794117647058829,-1.183,1.147,-0.010794117647058829,-1.183,34,0.058823529411764705
spi3_range,1726,North Bahr Ghaza,2013,0.5248235294117647,-1.93,1.498,0.5248235294117647,-1.93,34,0.029411764705882353
spi3_range,1726,North Bahr Ghaza,2014,0.14579411764705885,-1.565,2.192,0.14579411764705885,-1.565,34,0.08823529411764706
spi3_range,1726,North Bahr Ghaza,2015,0.16055882352941178,-1.224,2.5,0.16055882352941178,-1.224,34,0.029411764705882353
spi3_range,1726,North Bahr Ghaza,2016,0.2266470588235294,-1.253,1.782,0.2266470588235294,-1.253,34,0.058823529411764705
spi3_range,1726,North Bahr Ghaza,2017,-0.10214705882352941,-0.825,0.881,-0.10214705882352941,-0.825,34,0.0
spi3_range,1726,North Bahr Ghaza,2018,0.35650000000000004,-0.61,1.983,0.35650000000000004,-0.61,34,0.0
spi3_range,1726,North Bahr Ghaza,2019,0.4196764705882353,-0.514,1.564,0.4196764705882353,-0.514,34,0.0
spi3_range,1726,North Bahr Ghaza,2020,-0.3427941176470588,-1.475,2.426,-0.3427941176470588,-1.475,34,0.14705882352941177
spi3_range,1726,North Bahr Ghaza,2021,0.2564705882352941,-0.763,1.351,0.2564705882352941,-0.763,34,0.0
spi3_range,1726,North Bahr Ghaza,2022,0.2193235294117647,-0.392,0.698,0.2193235294117647,-0.392,34,0.0
spi3_range,1726,North Bahr Ghaza,2023,0.031205882352941163,-0.87,1.642,0.031205882352941163,-0.87,34,0.0
spi3_range,1726,North Bahr Ghaza,2024,-0.08014705882352943,-1.49,2.173,-0.08014705882352943,-1.49,34,0.23529411764705882
spi3_range,1726,North Bahr Ghaza,2025,-0.5295,-1.939,0.442,-0.5295,-1.939,34,0.23529411764705882
spi3_range,1726,North Bahr Ghaza,2026,0.007611111111111118,-1.253,1.846,0.007611111111111118,-1.253,18,0.05555555555555555
spi3_range,1727,Warab,1989,0.40974074074074074,-0.188,1.202,0.40974074074074074,-0.188,27,0.0
spi3_range,1727,Warab,1990,-0.22525,-1.025,0.754,-0.22525,-1.025,36,0.05555555555555555
spi3_range,1727,Warab,1991,0.1715,-0.596,1.793,0.1715,-0.596,36,0.0
spi3_range,1727,Warab,1992,0.04338888888888889,-1.106,0.977,0.04338888888888889,-1.106,36,0.027777777777777776
spi3_range,1727,Warab,1993,0.7362222222222222,-0.335,1.8,0.7362222222222222,-0.335,36,0.0
spi3_range,1727,Warab,1994,-0.036444444444444446,-1.268,1.196,-0.036444444444444446,-1.268,36,0.05555555555555555
spi3_range,1727,Warab,1995,0.47125,-0.432,1.42,0.47125,-0.432,36,0.0
spi3_range,1727,Warab,1996,0.385,-1.06,1.487,0.385,-1.06,36,0.027777777777777776
spi3_range,1727,Warab,1997,0.5330833333333334,-0.949,2.235,0.5330833333333334,-0.949,36,0.0
spi3_range,1727,Warab,1998,0.22991666666666666,-1.604,2.198,0.22991666666666666,-1.604,36,0.027777777777777776
spi3_range,1727,Warab,1999,-0.04483333333333334,-1.08,1.654,-0.04483333333333334,-1.08,36,0.027777777777777776
spi3_range,1727,Warab,2000,-0.07508333333333334,-1.775,1.063,-0.07508333333333334,-1.775,36,0.16666666666666666
spi3_range,1727,Warab,2001,0.3956388888888889,-1.739,1.711,0.3956388888888889,-1.739,36,0.08333333333333333
spi3_range,1727,Warab,2002,-1.05575,-2.477,1.143,-1.05575,-2.477,36,0.5555555555555556
spi3_range,1727,Warab,2003,0.4529444444444445,-0.942,1.544,0.4529444444444445,-0.942,36,0.0
spi3_range,1727,Warab,2004,-1.236138888888889,-2.498,2.287,-1.236138888888889,-2.498,36,0.5833333333333334
spi3_range,1727,Warab,2005,-0.8254166666666667,-1.962,0.403,-0.8254166666666667,-1.962,36,0.4166666666666667
spi3_range,1727,Warab,2006,-0.34461111111111115,-1.761,0.994,-0.34461111111111115,-1.761,36,0.1111111111111111
spi3_range,1727,Warab,2007,-0.4606388888888888,-1.516,0.268,-0.4606388888888888,-1.516,36,0.1388888888888889
spi3_range,1727,Warab,2008,-1.2816944444444445,-2.465,2.045,-1.2816944444444445,-2.465,36,0.5555555555555556
spi3_range,1727,Warab,2009,-0.7154444444444444,-2.364,0.921,-0.7154444444444444,-2.364,36,0.3611111111111111
spi3_range,1727,Warab,2010,0.27997222222222223,-0.431,1.458,0.27997222222222223,-0.431,36,0.0
spi3_range,1727,Warab,2011,-0.06772222222222221,-2.257,1.148,-0.06772222222222221,-2.257,36,0.16666666666666666
spi3_range,1727,Warab,2012,0.2086111111111111,-0.832,1.142,0.2086111111111111,-0.832,36,0.0
spi3_range,1727,Warab,2013,0.4566944444444444,-1.176,1.656,0.4566944444444444,-1.176,36,0.027777777777777776
spi3_range,1727,Warab,2014,0.6214166666666667,-1.291,2.382,0.6214166666666667,-1.291,36,0.027777777777777776
spi3_range,1727,Warab,2015,0.2549166666666667,-0.898,1.83,0.2549166666666667,-0.898,36,0.0
spi3_range,1727,Warab,2016,0.5021111111111112,-1.172,2.151,0.5021111111111112,-1.172,36,0.08333333333333333
spi3_range,1727,Warab,2017,-0.051527777777777777,-0.876,1.034,-0.051527777777777777,-0.876,36,0.0
spi3_range,1727,Warab,2018,0.5191111111111111,-0.802,2.197,0.5191111111111111,-0.802,36,0.0
spi3_range,1727,Warab,2019,0.20441666666666666,-0.568,1.097,0.20441666666666666,-0.568,36,0.0
spi3_range,1727,Warab,2020,0.007972222222222235,-0.585,1.245,0.007972222222222235,-0.585,36,0.0
spi3_range,1727,Warab,2021,0.012527777777777775,-0.905,1.047,0.012527777777777775,-0.905,36,0.0
spi3_range,1727,Warab,2022,-0.1902777777777778,-1.088,0.742,-0.1902777777777778,-1.088,36,0.08333333333333333
spi3_range,1727,Warab,2023,0.23883333333333331,-0.924,1.439,0.23883333333333331,-0.924,36,0.0
spi3_range,1727,Warab,2024,-0.08969444444444444,-1.438,2.121,-0.08969444444444444,-1.438,36,0.1388888888888889
spi3_range,1727,Warab,2025,-0.29991666666666666,-1.013,0.543,-0.29991666666666666,-1.013,36,0.027777777777777776
spi3_range,1727,Warab,2026,-0.016500000000000004,-1.431,1.706,-0.016500000000000004,-1.431,20,0.1
spi3_range,1728,West Bahr Ghazal,1989,0.5238888888888888,-0.536,1.107,0.5238888888888888,-0.536,27,0.0
spi3_range,1728,West Bahr Ghazal,1990,-0.5518888888888889,-1.496,0.71,-0.5518888888888889,-1.496,36,0.25
spi3_range,1728,West Bahr Ghazal,1991,0.07772222222222222,-0.835,1.47,0.07772222222222222,-0.835,36,0.0
spi3_range,1728,West Bahr Ghazal,1992,-0.10513888888888889,-0.79,0.82,-0.10513888888888889,-0.79,36,0.0
spi3_range,1728,West Bahr Ghazal,1993,0.17541666666666667,-0.641,1.43,0.17541666666666667,-0.641,36,0.0
spi3_range,1728,West Bahr Ghazal,1994,-0.10758333333333332,-1.295,1.661,-0.10758333333333332,-1.295,36,0.05555555555555555
spi3_range,1728,West Bahr Ghazal,1995,0.25922222222222224,-0.666,1.62,0.25922222222222224,-0.666,36,0.0
spi3_range,1728,West Bahr Ghazal,1996,0.4271388888888889,-0.71,1.291,0.4271388888888889,-0.71,36,0.0
spi3_range,1728,West Bahr Ghazal,1997,0.40599999999999997,-1.056,1.966,0.40599999999999997,-1.056,36,0.027777777777777776
spi3_range,1728,West Bahr Ghazal,1998,0.25277777777777777,-1.498,2.5,0.25277777777777777,-1.498,36,0.1111111111111111
spi3_range,1728,West Bahr Ghazal,1999,0.24961111111111112,-1.432,1.741,0.24961111111111112,-1.432,36,0.05555555555555555
spi3_range,1728,West Bahr Ghazal,2000,0.035888888888888894,-1.629,1.334,0.035888888888888894,-1.629,36,0.1111111111111111
spi3_range,1728,West Bahr Ghazal,2001,0.06363888888888888,-1.575,1.191,0.06363888888888888,-1.575,36,0.08333333333333333
spi3_range,1728,West Bahr Ghazal,2002,-0.8076111111111111,-2.342,1.291,-0.8076111111111111,-2.342,36,0.5277777777777778
spi3_range,1728,West Bahr Ghazal,2003,0.6639444444444444,-0.694,1.574,0.6639444444444444,-0.694,36,0.0
spi3_range,1728,West Bahr Ghazal,2004,-0.6727222222222222,-1.602,0.954,-0.6727222222222222,-1.602,36,0.4166666666666667
spi3_range,1728,West Bahr Ghazal,2005,-0.47052777777777777,-1.308,1.027,-0.47052777777777777,-1.308,36,0.05555555555555555
spi3_range,1728,West Bahr Ghazal,2006,-0.19127777777777777,-1.42,0.613,-0.19127777777777777,-1.42,36,0.08333333333333333
spi3_range,1728,West Bahr Ghazal,2007,-0.08861111111111113,-1.652,1.156,-0.08861111111111113,-1.652,36,0.05555555555555555
spi3_range,1728,West Bahr Ghazal,2008,-0.66925,-1.9,1.606,-0.66925,-1.9,36,0.4166666666666667
spi3_range,1728,West Bahr Ghazal,2009,-0.3715277777777778,-1.572,0.639,-0.3715277777777778,-1.572,36,0.19444444444444445
spi3_range,1728,West Bahr Ghazal,2010,0.23458333333333334,-0.728,2.18,0.23458333333333334,-0.728,36,0.0
spi3_range,1728,West Bahr Ghazal,2011,-0.3204166666666667,-1.707,1.831,-0.3204166666666667,-1.707,36,0.2222222222222222
spi3_range,1728,West Bahr Ghazal,2012,0.06783333333333334,-1.137,1.242,0.06783333333333334,-1.137,36,0.05555555555555555
spi3_range,1728,West Bahr Ghazal,2013,0.31683333333333336,-1.68,2.46,0.31683333333333336,-1.68,36,0.05555555555555555
spi3_range,1728,West Bahr Ghazal,2014,0.22527777777777777,-1.556,2.441,0.22527777777777777,-1.556,36,0.1111111111111111
spi3_range,1728,West Bahr Ghazal,2015,0.18766666666666668,-1.26,1.998,0.18766666666666668,-1.26,36,0.027777777777777776
spi3_range,1728,West Bahr Ghazal,2016,0.1295277777777778,-1.666,1.932,0.1295277777777778,-1.666,36,0.1111111111111111
spi3_range,1728,West Bahr Ghazal,2017,-0.2544444444444445,-1.26,1.761,-0.2544444444444445,-1.26,36,0.05555555555555555
spi3_range,1728,West Bahr Ghazal,2018,0.4516666666666667,-1.26,2.354,0.4516666666666667,-1.26,36,0.08333333333333333
spi3_range,1728,West Bahr Ghazal,2019,0.10905555555555556,-0.977,1.959,0.10905555555555556,-0.977,36,0.0
spi3_range,1728,West Bahr Ghazal,2020,-0.1726388888888889,-1.2,1.544,-0.1726388888888889,-1.2,36,0.027777777777777776
spi3_range,1728,West Bahr Ghazal,2021,-0.06075,-1.16,1.119,-0.06075,-1.16,36,0.027777777777777776
spi3_range,1728,West Bahr Ghazal,2022,0.14547222222222222,-0.818,0.674,0.14547222222222222,-0.818,36,0.0
spi3_range,1728,West Bahr Ghazal,2023,0.15563888888888888,-1.14,1.495,0.15563888888888888,-1.14,36,0.05555555555555555
spi3_range,1728,West Bahr Ghazal,2024,-0.11822222222222223,-1.603,2.495,-0.11822222222222223,-1.603,36,0.16666666666666666
spi3_range,1728,West Bahr Ghazal,2025,-0.45875,-1.648,0.168,-0.45875,-1.648,36,0.16666666666666666
spi3_range,1728,West Bahr Ghazal,2026,0.10625,-1.1,1.663,0.10625,-1.1,20,0.05
spi3_range,1729,W.Equatoria,1989,0.07251851851851852,-0.622,0.811,0.07251851851851852,-0.622,27,0.0
spi3_range,1729,W.Equatoria,1990,0.05402857142857142,-0.924,1.219,0.05402857142857142,-0.924,35,0.0
spi3_range,1729,W.Equatoria,1991,0.6635714285714286,-0.2,1.862,0.6635714285714286,-0.2,35,0.0
spi3_range,1729,W.Equatoria,1992,0.2953142857142857,-0.984,1.461,0.2953142857142857,-0.984,35,0.0
spi3_range,1729,W.Equatoria,1993,0.17225714285714286,-1.133,1.667,0.17225714285714286,-1.133,35,0.05714285714285714
spi3_range,1729,W.Equatoria,1994,-0.5457428571428571,-1.775,0.519,-0.5457428571428571,-1.775,35,0.2857142857142857
spi3_range,1729,W.Equatoria,1995,0.22222857142857144,-1.114,0.886,0.22222857142857144,-1.114,35,0.02857142857142857
spi3_range,1729,W.Equatoria,1996,0.30325714285714284,-0.896,1.086,0.30325714285714284,-0.896,35,0.0
spi3_range,1729,W.Equatoria,1997,-0.17765714285714285,-1.729,1.512,-0.17765714285714285,-1.729,35,0.17142857142857143
spi3_range,1729,W.Equatoria,1998,0.16219999999999998,-1.2,1.638,0.16219999999999998,-1.2,35,0.05714285714285714
spi3_range,1729,W.Equatoria,1999,0.21051428571428574,-1.114,1.031,0.21051428571428574,-1.114,35,0.05714285714285714
spi3_range,1729,W.Equatoria,2000,-0.28094285714285716,-1.879,0.764,-0.28094285714285716,-1.879,35,0.14285714285714285
spi3_range,1729,W.Equatoria,2001,0.41194285714285717,-1.894,1.428,0.41194285714285717,-1.894,35,0.05714285714285714
spi3_range,1729,W.Equatoria,2002,-0.2762857142857143,-1.571,1.149,-0.2762857142857143,-1.571,35,0.14285714285714285
spi3_range,1729,W.Equatoria,2003,0.6121428571428572,-0.329,1.451,0.6121428571428572,-0.329,35,0.0
spi3_range,1729,W.Equatoria,2004,-0.7541428571428571,-1.884,1.592,-0.7541428571428571,-1.884,35,0.5142857142857142
spi3_range,1729,W.Equatoria,2005,-0.55,-1.757,1.079,-0.55,-1.757,35,0.22857142857142856
spi3_range,1729,W.Equatoria,2006,-0.3453428571428571,-2.108,0.877,-0.3453428571428571,-2.108,35,0.11428571428571428
spi3_range,1729,W.Equatoria,2007,-0.43739999999999996,-2.419,1.167,-0.43739999999999996,-2.419,35,0.2857142857142857
spi3_range,1729,W.Equatoria,2008,-0.8898571428571428,-1.771,1.427,-0.8898571428571428,-1.771,35,0.5142857142857142
spi3_range,1729,W.Equatoria,2009,-0.8791142857142856,-1.822,0.895,-0.8791142857142856,-1.822,35,0.5142857142857142
spi3_range,1729,W.Equatoria,2010,0.15268571428571429,-0.878,1.593,0.15268571428571429,-0.878,35,0.0
spi3_range,1729,W.Equatoria,2011,-0.005857142857142852,-1.642,1.134,-0.005857142857142852,-1.642,35,0.22857142857142856
spi3_range,1729,W.Equatoria,2012,0.4446,-1.019,1.473,0.4446,-1.019,35,0.02857142857142857
spi3_range,1729,W.Equatoria,2013,0.5955142857142857,-0.391,2.135,0.5955142857142857,-0.391,35,0.0
spi3_range,1729,W.Equatoria,2014,0.41568571428571427,-0.998,2.012,0.41568571428571427,-0.998,35,0.0
spi3_range,1729,W.Equatoria,2015,0.1492,-0.756,1.892,0.1492,-0.756,35,0.0
spi3_range,1729,W.Equatoria,2016,0.1956285714285714,-1.478,2.034,0.1956285714285714,-1.478,35,0.2571428571428571
spi3_range,1729,W.Equatoria,2017,-0.21645714285714285,-1.39,0.491,-0.21645714285714285,-1.39,35,0.08571428571428572
spi3_range,1729,W.Equatoria,2018,0.2988,-1.181,1.671,0.2988,-1.181,35,0.02857142857142857
spi3_range,1729,W.Equatoria,2019,0.11257142857142859,-0.969,1.542,0.11257142857142859,-0.969,35,0.0
spi3_range,1729,W.Equatoria,2020,-0.04037142857142857,-1.256,0.845,-0.04037142857142857,-1.256,35,0.05714285714285714
spi3_range,1729,W.Equatoria,2021,-0.3768,-2.024,0.413,-0.3768,-2.024,35,0.05714285714285714
spi3_range,1729,W.Equatoria,2022,-0.5134000000000001,-1.737,1.426,-0.5134000000000001,-1.737,35,0.2571428571428571
spi3_range,1729,W.Equatoria,2023,0.12942857142857145,-1.301,1.93,0.12942857142857145,-1.301,35,0.08571428571428572
spi3_range,1729,W.Equatoria,2024,-0.2749714285714286,-1.929,2.141,-0.2749714285714286,-1.929,35,0.2
spi3_range,1729,W.Equatoria,2025,-0.5264285714285715,-1.503,0.42,-0.5264285714285715,-1.503,35,0.2571428571428571
spi3_range,1729,W.Equatoria,2026,-0.01026315789473681,-1.162,1.338,-0.01026315789473681,-1.162,19,0.10526315789473684
spi3_range,2242,Upper Nile,1989,0.6339999999999999,-0.295,1.424,0.6339999999999999,-0.295,27,0.0
spi3_range,2242,Upper Nile,1990,-0.5117499999999999,-1.654,0.805,-0.5117499999999999,-1.654,36,0.3055555555555556
spi3_range,2242,Upper Nile,1991,0.14383333333333334,-1.551,1.822,0.14383333333333334,-1.551,36,0.1388888888888889
spi3_range,2242,Upper Nile,1992,-0.5533333333333333,-1.697,1.184,-0.5533333333333333,-1.697,36,0.3055555555555556
spi3_range,2242,Upper Nile,1993,-0.1807777777777778,-1.342,0.83,-0.1807777777777778,-1.342,36,0.05555555555555555
spi3_range,2242,Upper Nile,1994,-0.044888888888888895,-0.865,0.588,-0.044888888888888895,-0.865,36,0.0
spi3_range,2242,Upper Nile,1995,0.44075000000000003,-0.572,1.636,0.44075000000000003,-0.572,36,0.0
spi3_range,2242,Upper Nile,1996,0.8025277777777778,-1.436,2.154,0.8025277777777778,-1.436,36,0.027777777777777776
spi3_range,2242,Upper Nile,1997,0.30922222222222223,-1.458,1.27,0.30922222222222223,-1.458,36,0.027777777777777776
spi3_range,2242,Upper Nile,1998,0.10116666666666667,-1.33,1.438,0.10116666666666667,-1.33,36,0.08333333333333333
spi3_range,2242,Upper Nile,1999,0.3979722222222222,-0.801,1.473,0.3979722222222222,-0.801,36,0.0
spi3_range,2242,Upper Nile,2000,0.18291666666666667,-1.309,1.578,0.18291666666666667,-1.309,36,0.027777777777777776
spi3_range,2242,Upper Nile,2001,-0.057694444444444444,-1.343,0.807,-0.057694444444444444,-1.343,36,0.05555555555555555
spi3_range,2242,Upper Nile,2002,-0.5273333333333333,-1.9,1.6,-0.5273333333333333,-1.9,36,0.19444444444444445
spi3_range,2242,Upper Nile,2003,-0.4481944444444445,-1.822,0.888,-0.4481944444444445,-1.822,36,0.1388888888888889
spi3_range,2242,Upper Nile,2004,-0.6531111111111111,-1.771,1.182,-0.6531111111111111,-1.771,36,0.25
spi3_range,2242,Upper Nile,2005,-0.5845555555555556,-1.799,0.194,-0.5845555555555556,-1.799,36,0.19444444444444445
spi3_range,2242,Upper Nile,2006,-0.7509166666666667,-2.384,0.054,-0.7509166666666667,-2.384,36,0.2222222222222222
spi3_range,2242,Upper Nile,2007,0.19341666666666668,-1.248,1.249,0.19341666666666668,-1.248,36,0.027777777777777776
spi3_range,2242,Upper Nile,2008,-0.3533611111111111,-1.453,1.306,-0.3533611111111111,-1.453,36,0.16666666666666666
spi3_range,2242,Upper Nile,2009,-1.0411944444444443,-1.824,1.72,-1.0411944444444443,-1.824,36,0.6666666666666666
spi3_range,2242,Upper Nile,2010,0.03377777777777778,-1.292,1.99,0.03377777777777778,-1.292,36,0.08333333333333333
spi3_range,2242,Upper Nile,2011,0.12608333333333333,-1.518,1.111,0.12608333333333333,-1.518,36,0.05555555555555555
spi3_range,2242,Upper Nile,2012,-0.028666666666666674,-1.737,1.005,-0.028666666666666674,-1.737,36,0.19444444444444445
spi3_range,2242,Upper Nile,2013,-0.11641666666666667,-1.806,1.484,-0.11641666666666667,-1.806,36,0.08333333333333333
spi3_range,2242,Upper Nile,2014,0.7574166666666666,-0.368,2.154,0.7574166666666666,-0.368,36,0.0
spi3_range,2242,Upper Nile,2015,0.6471111111111111,-0.42,1.79,0.6471111111111111,-0.42,36,0.0
spi3_range,2242,Upper Nile,2016,0.64625,-0.65,2.013,0.64625,-0.65,36,0.0
spi3_range,2242,Upper Nile,2017,0.47563888888888894,-1.691,2.495,0.47563888888888894,-1.691,36,0.027777777777777776
spi3_range,2242,Upper Nile,2018,0.2752777777777778,-0.832,1.419,0.2752777777777778,-0.832,36,0.0
spi3_range,2242,Upper Nile,2019,0.4158611111111111,-1.84,1.538,0.4158611111111111,-1.84,36,0.05555555555555555
spi3_range,2242,Upper Nile,2020,0.40900000000000003,-0.328,1.521,0.40900000000000003,-0.328,36,0.0
spi3_range,2242,Upper Nile,2021,0.19841666666666666,-0.791,1.279,0.19841666666666666,-0.791,36,0.0
spi3_range,2242,Upper Nile,2022,0.3313055555555555,-1.292,1.817,0.3313055555555555,-1.292,36,0.05555555555555555
spi3_range,2242,Upper Nile,2023,-0.18033333333333335,-1.344,1.496,-0.18033333333333335,-1.344,36,0.05555555555555555
spi3_range,2242,Upper Nile,2024,0.24075,-1.338,2.405,0.24075,-1.338,36,0.027777777777777776
spi3_range,2242,Upper Nile,2025,0.012444444444444445,-1.313,1.407,0.012444444444444445,-1.313,36,0.08333333333333333
spi3_range,2242,Upper Nile,2026,0.7077500000000001,-0.391,2.332,0.7077500000000001,-0.391,20,0.0
temp_crop,558,Jonglei,1989,26.74367741935484,23.593,29.778,-0.8635242959700474,-2.2985622015087572,31,0.41935483870967744
temp_crop,558,Jonglei,1990,27.498935483870966,25.13,30.097,-0.2621489141558088,-1.5655646388315745,31,0.12903225806451613
temp_crop,558,Jonglei,1991,26.76483870967742,24.969,28.635,-0.8811905731390742,-1.9878500282152531,31,0.3548387096774194
temp_crop,558,Jonglei,1992,26.91267741935484,25.284,30.264,-0.7952631222456417,-1.7853270997695585,31,0.3870967741935484
temp_crop,558,Jonglei,1993,27.354064516129032,24.23,30.584,-0.36522940695431505,-2.2309225201786895,31,0.16129032258064516
temp_crop,558,Jonglei,1994,27.069032258064517,25.422,29.71,-0.6097279430338997,-2.5125495277524807,31,0.3870967741935484
temp_crop,558,Jonglei,1995,27.14851612903226,25.68,30.678,-0.5628123206047692,-1.598999792479188,31,0.22580645161290322
temp_crop,558,Jonglei,1996,26.605516129032257,23.94,29.444,-1.0416931004617542,-2.047860431482498,31,0.45161290322580644
temp_crop,558,Jonglei,1997,27.63648387096774,23.824,30.406,-0.010366948114104654,-2.21243196939445,31,0.1935483870967742
temp_crop,558,Jonglei,1998,27.652935483870966,23.623,31.911,-0.13452702217567244,-2.8246374321507406,31,0.0967741935483871
temp_crop,558,Jonglei,1999,26.968096774193548,25.391,29.141,-0.7169986768821042,-1.7199284575641531,31,0.2903225806451613
temp_crop,558,Jonglei,2000,27.576129032258066,25.558,30.196,-0.2007267601279182,-1.1029978040655,31,0.03225806451612903
temp_crop,558,Jonglei,2001,27.293903225806453,25.103,31.031,-0.4252446189871042,-1.3719017215139337,31,0.25806451612903225
temp_crop,558,Jonglei,2002,28.107354838709675,25.398,31.409,0.3305185244308925,-1.0969633014508122,31,0.06451612903225806
temp_crop,558,Jonglei,2003,27.616032258064514,25.667,30.2,-0.17010682018529535,-1.3287272338995006,31,0.0967741935483871
temp_crop,558,Jonglei,2004,27.987032258064513,25.876,30.599,0.15700175780209968,-1.6006053103381646,31,0.06451612903225806
temp_crop,558,Jonglei,2005,28.06351612903226,26.118,31.123,0.24935875019418113,-0.7515331380493293,31,0.0
temp_crop,558,Jonglei,2006,27.39767741935484,25.669,30.104,-0.3002451677127829,-1.7054315285772053,31,0.16129032258064516
temp_crop,558,Jonglei,2007,27.60241935483871,25.212,30.134,-0.22265406568734084,-1.4064566171124735,31,0.12903225806451613
temp_crop,558,Jonglei,2008,27.526096774193547,25.712,30.155,-0.2514774096594592,-1.6006053103381646,31,0.0967741935483871
temp_crop,558,Jonglei,2009,28.334064516129033,25.929,30.211,0.5883374912765279,-2.1086986075983094,31,0.06451612903225806
temp_crop,558,Jonglei,2010,27.74658064516129,25.284,30.418,-0.009640424731520521,-1.2305222904441202,31,0.06451612903225806
temp_crop,558,Jonglei,2011,27.690322580645162,25.942,30.229,-0.09483577086963793,-1.3929670746774063,31,0.06451612903225806
temp_crop,558,Jonglei,2012,27.54809677419355,25.656,29.884,-0.2776122233080751,-1.471906683004143,31,0.0967741935483871
temp_crop,558,Jonglei,2013,27.608612903225804,25.861,30.744,-0.15089701188256655,-1.164502409040157,31,0.06451612903225806
temp_crop,558,Jonglei,2014,27.90067741935484,25.788,31.49,0.12965532944156113,-0.8466818036028217,31,0.0
temp_crop,558,Jonglei,2015,28.288580645161293,25.704,30.097,0.5984193313867373,-0.8587645654636314,31,0.0
temp_crop,558,Jonglei,2016,28.80925806451613,26.275,31.827,0.9288690884807226,-0.6887863270873349,31,0.0
temp_crop,558,Jonglei,2017,28.52993548387097,26.224,31.402,0.6360126482576607,-0.45124875309895923,31,0.0
temp_crop,558,Jonglei,2018,28.47109677419355,25.541,32.326,0.7102826847977478,-1.2548195941472278,31,0.0967741935483871
temp_crop,558,Jonglei,2019,27.865,26.031,31.883,0.07192527989236706,-1.2060044389457967,31,0.06451612903225806
temp_crop,558,Jonglei,2020,27.671612903225807,25.311,30.627,-0.16743705646572607,-1.8942337292736187,31,0.12903225806451613
temp_crop,558,Jonglei,2021,28.45667741935484,26.089,31.622,0.5742663764510014,-1.3576014806700327,31,0.03225806451612903
temp_crop,558,Jonglei,2022,28.406129032258065,25.443,32.727,0.46170532349812327,-1.144429427834549,31,0.03225806451612903
temp_crop,558,Jonglei,2023,29.286387096774195,25.365,32.911,1.4491781577739744,-1.018321462354495,31,0.03225806451612903
temp_crop,558,Jonglei,2024,29.075870967741935,26.113,33.222,1.1091494633410717,-0.47062115678550753,31,0.0
temp_crop,558,Jonglei,2025,27.93564516129032,25.421,30.766,0.1236448821526043,-1.8068428997649364,31,0.0967741935483871
temp_crop,558,Jonglei,2026,28.6912,24.846,31.423,0.8184714326331695,-1.39329039216322,15,0.13333333333333333
temp_crop,599,El Buheyrat,1989,26.641142857142857,25.101,31.141,-0.9131120164458968,-2.4553665190331717,28,0.42857142857142855
temp_crop,599,El Buheyrat,1990,27.449785714285717,25.39,31.014,-0.1780659516612779,-1.3316427328936096,28,0.03571428571428571
temp_crop,599,El Buheyrat,1991,26.692892857142855,25.238,30.4,-0.9060659428928182,-1.730658987275536,28,0.5357142857142857
temp_crop,599,El Buheyrat,1992,26.613607142857145,25.084,30.173,-1.0406846685795323,-2.538295883031341,28,0.4642857142857143
temp_crop,599,El Buheyrat,1993,26.951392857142856,25.288,29.649,-0.6537528914702009,-1.876398407126563,28,0.21428571428571427
temp_crop,599,El Buheyrat,1994,26.90392857142857,25.159,30.27,-0.7883363968129172,-2.1007853267918732,28,0.4642857142857143
temp_crop,599,El Buheyrat,1995,26.982750000000003,25.456,30.74,-0.6809520789282579,-1.4637805963974313,28,0.2857142857142857
temp_crop,599,El Buheyrat,1996,26.632785714285713,24.87,29.23,-1.061253921946863,-2.30420382444406,28,0.6071428571428571
temp_crop,599,El Buheyrat,1997,27.30535714285714,25.627,29.748,-0.20327655841084472,-1.4486159489078072,28,0.14285714285714285
temp_crop,599,El Buheyrat,1998,27.283785714285717,25.38,31.503,-0.3404119232840131,-1.5933473301944452,28,0.10714285714285714
temp_crop,599,El Buheyrat,1999,26.730785714285712,25.031,30.731,-0.9325327626512372,-1.710784594501821,28,0.4642857142857143
temp_crop,599,El Buheyrat,2000,27.060464285714286,25.149,29.645,-0.5751957999224758,-1.5317913227308226,28,0.10714285714285714
temp_crop,599,El Buheyrat,2001,27.274285714285714,25.368,30.804,-0.3255904575790724,-2.147382016892574,28,0.10714285714285714
temp_crop,599,El Buheyrat,2002,27.349535714285715,25.744,30.705,-0.16517202163687508,-1.855203085612715,28,0.10714285714285714
temp_crop,599,El Buheyrat,2003,27.34164285714286,25.573,30.01,-0.2813777922494048,-1.5150097426028062,28,0.10714285714285714
temp_crop,599,El Buheyrat,2004,27.614749999999997,25.653,31.069,0.0006330821146692187,-0.8840614275038611,28,0.0
temp_crop,599,El Buheyrat,2005,27.716035714285713,25.788,31.455,0.10979686913859583,-0.716324411715525,28,0.0
temp_crop,599,El Buheyrat,2006,27.33657142857143,25.631,31.019,-0.2547057508570593,-1.5569357302936462,28,0.17857142857142858
temp_crop,599,El Buheyrat,2007,27.44617857142857,25.341,30.043,-0.1682464544568964,-1.3421545109377144,28,0.07142857142857142
temp_crop,599,El Buheyrat,2008,27.56867857142857,25.41,30.012,-0.06391409529497326,-1.235363895507819,28,0.03571428571428571
temp_crop,599,El Buheyrat,2009,27.993892857142857,26.135,30.48,0.47791708923105797,-1.2190260365779793,28,0.03571428571428571
temp_crop,599,El Buheyrat,2010,27.676357142857142,25.192,31.651,0.05298269515747741,-1.3442815675791246,28,0.03571428571428571
temp_crop,599,El Buheyrat,2011,27.47025,25.461,30.994,-0.14643619690052187,-1.2716983791352185,28,0.07142857142857142
temp_crop,599,El Buheyrat,2012,27.4215,25.32,31.149,-0.3017745256202078,-1.2885893262728636,28,0.17857142857142858
temp_crop,599,El Buheyrat,2013,27.80535714285714,25.497,31.591,0.13036861452080623,-0.9616327358544635,28,0.0
temp_crop,599,El Buheyrat,2014,27.704928571428574,25.571,31.036,0.08826031579934179,-1.5068461862090146,28,0.10714285714285714
temp_crop,599,El Buheyrat,2015,28.071642857142855,26.539,30.931,0.7644241665534957,-1.0529770924149446,28,0.03571428571428571
temp_crop,599,El Buheyrat,2016,28.46125,25.856,31.76,0.8791935678423669,-0.5680913413207492,28,0.0
temp_crop,599,El Buheyrat,2017,28.577535714285716,26.127,32.1,0.9398263095935365,0.028811557171615484,28,0.0
temp_crop,599,El Buheyrat,2018,28.494642857142857,25.724,31.734,1.018449667402656,-0.9485735965948867,28,0.0
temp_crop,599,El Buheyrat,2019,27.866464285714283,25.75,31.857,0.23530778104869804,-1.1892977604000134,28,0.07142857142857142
temp_crop,599,El Buheyrat,2020,28.03385714285714,25.589,32.394,0.3430640764717186,-0.6111505084653782,28,0.0
temp_crop,599,El Buheyrat,2021,28.554357142857146,25.945,32.624,0.973559814700912,-0.9885442314862,28,0.0
temp_crop,599,El Buheyrat,2022,28.06332142857143,24.97,31.563,0.3336449138170292,-1.392216263868201,28,0.07142857142857142
temp_crop,599,El Buheyrat,2023,29.026714285714288,26.614,32.22,1.6751480040733266,-0.13218422736229468,28,0.0
temp_crop,599,El Buheyrat,2024,28.989285714285717,25.562,33.733,1.3721005370483907,-0.558235188691962,28,0.0
temp_crop,599,El Buheyrat,2025,27.62132142857143,25.231,31.02,0.002450883572388326,-2.0439558376577494,28,0.10714285714285714
temp_crop,599,El Buheyrat,2026,29.41116666666667,27.855,30.92,1.3620362455346997,-0.9886473022030985,12,0.0
temp_crop,622,Unity,1989,27.623533333333334,22.897,31.22,-0.6931625448864062,-2.7703055720170524,30,0.3
temp_crop,622,Unity,1990,28.9812,26.395,31.69,0.1681017282457118,-0.9002676124476554,30,0.0
temp_crop,622,Unity,1991,27.623366666666666,26.186,30.22,-0.7795489893332814,-1.9613527519932037,30,0.4
temp_crop,622,Unity,1992,27.616866666666667,23.864,31.33,-0.7896004375867034,-3.004767951300797,30,0.2
temp_crop,622,Unity,1993,28.0098,24.489,30.981,-0.4205850950280531,-2.6883786916941226,30,0.26666666666666666
temp_crop,622,Unity,1994,27.679399999999998,25.753,31.751,-0.7871751151793857,-2.5902846721298944,30,0.4
temp_crop,622,Unity,1995,27.792933333333334,26.211,30.05,-0.7033362479773623,-1.6841417125003542,30,0.3
temp_crop,622,Unity,1996,27.446233333333332,25.655,31.13,-1.0198563334285853,-2.121473861715885,30,0.6
temp_crop,622,Unity,1997,27.6335,25.637,30.615,-0.7427057382723798,-1.925677064268655,30,0.43333333333333335
temp_crop,622,Unity,1998,28.448266666666665,25.496,33.1,-0.2099329165298525,-1.754025665586222,30,0.13333333333333333
temp_crop,622,Unity,1999,28.1449,26.379,32.08,-0.441500449007707,-1.6147503678071164,30,0.2
temp_crop,622,Unity,2000,28.285833333333336,25.927,31.98,-0.3494986303435248,-1.2896600576784423,30,0.13333333333333333
temp_crop,622,Unity,2001,28.449833333333334,26.049,33.742,-0.2446327906504145,-1.4457345018002565,30,0.13333333333333333
temp_crop,622,Unity,2002,28.754166666666666,25.734,32.217,0.024799465324673045,-2.1851325717977184,30,0.06666666666666667
temp_crop,622,Unity,2003,28.6462,26.281,32.82,-0.13165766100043977,-1.7270466914658225,30,0.03333333333333333
temp_crop,622,Unity,2004,28.912066666666664,26.52,32.152,0.10081075474788828,-1.7168765058123867,30,0.03333333333333333
temp_crop,622,Unity,2005,28.743233333333333,26.767,32.18,0.04051916989821407,-0.8933907345080869,30,0.0
temp_crop,622,Unity,2006,28.592466666666667,26.447,33.035,-0.12667208991820322,-1.9010484499030247,30,0.1
temp_crop,622,Unity,2007,28.58566666666667,25.958,32.38,-0.18127655809272,-1.5506816034292448,30,0.1
temp_crop,622,Unity,2008,28.586533333333332,26.367,30.75,-0.1356250093215324,-1.110035566143937,30,0.03333333333333333
temp_crop,622,Unity,2009,29.512133333333335,27.138,32.958,0.5746128776726384,-0.2597841542980691,30,0.0
temp_crop,622,Unity,2010,29.024833333333333,26.33,33.64,0.12825119003163976,-1.0344228651229033,30,0.03333333333333333
temp_crop,622,Unity,2011,28.369566666666667,26.094,33.295,-0.29914913759738565,-2.2368689932769215,30,0.16666666666666666
temp_crop,622,Unity,2012,28.303066666666666,26.018,31.469,-0.41476674158488086,-1.7366895572195022,30,0.1
temp_crop,622,Unity,2013,29.085433333333334,25.974,32.645,0.13526099992860363,-2.0679171265589558,30,0.03333333333333333
temp_crop,622,Unity,2014,28.635299999999997,25.765,32.542,-0.17028796119276463,-1.7217930489188353,30,0.16666666666666666
temp_crop,622,Unity,2015,29.554233333333332,25.907,33.53,0.7694961938300678,-1.2902104837235586,30,0.13333333333333333
temp_crop,622,Unity,2016,29.7195,26.399,32.93,0.6923083171738482,-1.3399062963587642,30,0.03333333333333333
temp_crop,622,Unity,2017,29.9711,26.703,33.046,0.8278921222828435,-0.3208512809669248,30,0.0
temp_crop,622,Unity,2018,29.569533333333332,26.554,33.77,0.5911295189096037,-0.9488459570634167,30,0.0
temp_crop,622,Unity,2019,28.953166666666668,26.356,33.745,0.040779492158634606,-1.7385987142176522,30,0.1
temp_crop,622,Unity,2020,29.125166666666665,26.095,33.935,0.19962189476709077,-1.544666874521956,30,0.06666666666666667
temp_crop,622,Unity,2021,29.75793333333333,26.116,33.583,0.6222668751734589,-1.0427132580183924,30,0.06666666666666667
temp_crop,622,Unity,2022,29.096,25.534,33.667,0.07822741447774914,-1.561607236165452,30,0.1
temp_crop,622,Unity,2023,31.0459,28.039,34.749,1.9874116531748423,-0.3665197240605726,30,0.0
temp_crop,622,Unity,2024,30.269433333333332,25.916,35.887,1.0043157917805006,-1.0862983942110787,30,0.03333333333333333
temp_crop,622,Unity,2025,29.157966666666667,25.732,32.8,0.18173283857606262,-1.435987600366371,30,0.06666666666666667
temp_crop,622,Unity,2026,30.922785714285713,28.418,33.452,1.0144974616660782,-0.014632265623706028,14,0.0
temp_crop,623,C. Equatoria,1989,23.712676470588235,21.9,27.713,-0.6919974533237278,-2.071564924687668,34,0.4117647058823529
temp_crop,623,C. Equatoria,1990,23.949088235294116,22.19,26.405,-0.39204845520819864,-2.552787768516588,34,0.17647058823529413
temp_crop,623,C. Equatoria,1991,23.78655882352941,21.88,26.967,-0.6705443899545402,-1.980666801599879,34,0.2647058823529412
temp_crop,623,C. Equatoria,1992,23.89370588235294,21.674,28.585,-0.6898510628017811,-1.881141212891232,34,0.4411764705882353
temp_crop,623,C. Equatoria,1993,23.970147058823528,21.984,27.249,-0.4100442116666242,-2.0587162819598284,34,0.23529411764705882
temp_crop,623,C. Equatoria,1994,23.892382352941176,21.792,28.102,-0.6298345047304643,-2.0162023483138367,34,0.29411764705882354
temp_crop,623,C. Equatoria,1995,24.09608823529412,22.248,27.633,-0.34520212204289,-1.3944943779068597,34,0.23529411764705882
temp_crop,623,C. Equatoria,1996,23.732941176470586,21.556,26.978,-0.7748973550136364,-1.9267060716121605,34,0.29411764705882354
temp_crop,623,C. Equatoria,1997,24.354970588235293,22.12,28.841,0.12518704304215478,-1.948664189123503,34,0.2647058823529412
temp_crop,623,C. Equatoria,1998,24.67970588235294,22.43,28.865,0.34449798905580975,-1.9480344301225128,34,0.08823529411764706
temp_crop,623,C. Equatoria,1999,23.746088235294117,21.655,27.717,-0.7813270206829198,-1.9657406233333596,34,0.38235294117647056
temp_crop,623,C. Equatoria,2000,24.175823529411762,21.637,27.69,-0.2826352812164252,-1.7067407821391443,34,0.14705882352941177
temp_crop,623,C. Equatoria,2001,24.020676470588235,21.701,27.618,-0.3608334498111326,-1.7297727183294276,34,0.29411764705882354
temp_crop,623,C. Equatoria,2002,24.179823529411767,22.086,28.888,-0.10792433010648343,-1.8815692757090217,34,0.20588235294117646
temp_crop,623,C. Equatoria,2003,24.159058823529413,22.097,28.192,-0.25321838880498015,-1.6178212752350327,34,0.17647058823529413
temp_crop,623,C. Equatoria,2004,24.348382352941176,21.843,28.416,-0.07241591702435407,-1.6013033233311293,34,0.08823529411764706
temp_crop,623,C. Equatoria,2005,24.633764705882353,22.433,29.611,0.28029300388675654,-1.2764443557071654,34,0.058823529411764705
temp_crop,623,C. Equatoria,2006,23.929323529411764,21.908,27.431,-0.4709319203516222,-1.8372274439980834,34,0.3235294117647059
temp_crop,623,C. Equatoria,2007,24.247882352941176,22.006,28.231,-0.19334253162667348,-1.2415650666580174,34,0.17647058823529413
temp_crop,623,C. Equatoria,2008,24.074382352941175,22.053,27.109,-0.3264356708147393,-2.0829956938815917,34,0.20588235294117646
temp_crop,623,C. Equatoria,2009,24.55629411764706,22.837,27.372,0.3711780560924468,-1.3960300613047842,34,0.058823529411764705
temp_crop,623,C. Equatoria,2010,24.3155,22.173,27.961,-0.0020789632383920926,-1.946276287161847,34,0.058823529411764705
temp_crop,623,C. Equatoria,2011,24.185352941176472,22.152,27.785,-0.19754688001373782,-1.473734976022936,34,0.11764705882352941
temp_crop,623,C. Equatoria,2012,24.18341176470588,22.009,27.868,-0.30300996356543874,-1.2576283819832905,34,0.20588235294117646
temp_crop,623,C. Equatoria,2013,24.20041176470588,22.333,28.59,-0.19864557883377235,-1.2648507192863192,34,0.11764705882352941
temp_crop,623,C. Equatoria,2014,24.579617647058825,21.869,29.07,0.25362559420961606,-1.3696655437888814,34,0.029411764705882353
temp_crop,623,C. Equatoria,2015,24.723264705882354,22.699,29.515,0.5311804339093711,-0.7264233376590868,34,0.0
temp_crop,623,C. Equatoria,2016,25.13126470588235,22.599,29.647,0.9497090271043603,-0.7203100910946509,34,0.0
temp_crop,623,C. Equatoria,2017,24.926088235294117,22.463,28.057,0.6556781015188822,-0.44675826656187145,34,0.0
temp_crop,623,C. Equatoria,2018,24.562117647058823,21.992,29.035,0.45510874659647865,-1.6388505318208189,34,0.14705882352941177
temp_crop,623,C. Equatoria,2019,24.613823529411764,22.286,28.961,0.2663136014838146,-1.3094144574957287,34,0.058823529411764705
temp_crop,623,C. Equatoria,2020,24.555235294117647,21.921,28.56,0.18722882028660334,-1.136431908072818,34,0.029411764705882353
temp_crop,623,C. Equatoria,2021,24.896529411764703,22.26,28.519,0.6691327259052747,-1.5676907199808687,34,0.029411764705882353
temp_crop,623,C. Equatoria,2022,24.50641176470588,21.993,28.51,0.14376613384744286,-1.263331719003325,34,0.08823529411764706
temp_crop,623,C. Equatoria,2023,24.958882352941174,22.904,28.023,0.9781934708364791,-1.909844496645884,34,0.029411764705882353
temp_crop,623,C. Equatoria,2024,25.287176470588236,22.733,29.633,1.1802132973041002,-0.9132064823917924,34,0.0
temp_crop,623,C. Equatoria,2025,24.762470588235292,22.155,29.557,0.4905983315394308,-1.114945651370976,34,0.029411764705882353
temp_crop,623,C. Equatoria,2026,25.19011111111111,23.67,26.32,0.5154042512921606,-1.9232865598148077,18,0.2222222222222222
temp_crop,1721,East Equatoria,1989,25.992194444444447,23.448,29.966,-0.6629869712180528,-3.1081565758541196,36,0.3611111111111111
temp_crop,1721,East Equatoria,1990,26.573444444444444,24.249,30.523,-0.16749181627308557,-3.912454447925977,36,0.1388888888888889
temp_crop,1721,East Equatoria,1991,26.0415,22.823,31.696,-0.6560260147684632,-2.568153912704849,36,0.3333333333333333
temp_crop,1721,East Equatoria,1992,26.40811111111111,23.988,31.998,-0.3349476270602148,-1.5830610859399787,36,0.25
temp_crop,1721,East Equatoria,1993,26.925972222222224,24.246,29.023,0.1585777180521628,-3.236249370457199,36,0.19444444444444445
temp_crop,1721,East Equatoria,1994,26.38861111111111,23.677,32.224,-0.32175700183255784,-2.16215725763467,36,0.2222222222222222
temp_crop,1721,East Equatoria,1995,26.948083333333333,23.832,31.506,0.16280558084893743,-1.8602214572060851,36,0.08333333333333333
temp_crop,1721,East Equatoria,1996,26.380277777777778,23.164,32.259,-0.3207507875744965,-2.19223602870141,36,0.2222222222222222
temp_crop,1721,East Equatoria,1997,26.90325,23.391,31.927,0.09892173605116324,-2.245201408136743,36,0.2777777777777778
temp_crop,1721,East Equatoria,1998,27.03061111111111,24.083,30.88,0.207265362711953,-3.519928814563225,36,0.08333333333333333
temp_crop,1721,East Equatoria,1999,26.559055555555556,23.778,32.078,-0.16295010209957247,-1.9093646609454324,36,0.1111111111111111
temp_crop,1721,East Equatoria,2000,26.912111111111113,23.327,31.737,0.11843358712939861,-1.6205519565638387,36,0.08333333333333333
temp_crop,1721,East Equatoria,2001,26.334055555555555,23.827,30.762,-0.3692602882948154,-1.7538329112349076,36,0.2222222222222222
temp_crop,1721,East Equatoria,2002,27.02461111111111,24.499,32.135,0.2591164184236417,-1.9292845589639218,36,0.1388888888888889
temp_crop,1721,East Equatoria,2003,26.764027777777777,23.443,33.166,-0.04287094538787985,-1.9980092065837862,36,0.1388888888888889
temp_crop,1721,East Equatoria,2004,26.823722222222223,23.775,31.083,0.023346630137182356,-1.4168700791437323,36,0.1111111111111111
temp_crop,1721,East Equatoria,2005,27.185583333333334,24.398,32.03,0.3900420083095198,-2.0949374714530054,36,0.08333333333333333
temp_crop,1721,East Equatoria,2006,26.357777777777777,23.761,32.037,-0.36727497431688216,-1.9024837686517897,36,0.25
temp_crop,1721,East Equatoria,2007,26.44175,23.506,31.405,-0.33267748509289974,-1.731604843567671,36,0.3611111111111111
temp_crop,1721,East Equatoria,2008,26.571416666666668,23.793,31.927,-0.14821639514903218,-1.5044657754362312,36,0.16666666666666666
temp_crop,1721,East Equatoria,2009,27.324666666666666,25.169,31.762,0.5269202652413305,-1.6893705346407863,36,0.1388888888888889
temp_crop,1721,East Equatoria,2010,26.850250000000003,23.68,32.901,0.08271753819979027,-1.5697778280587587,36,0.1388888888888889
temp_crop,1721,East Equatoria,2011,26.537916666666668,23.671,31.613,-0.20311533836202997,-1.7527786643885959,36,0.19444444444444445
temp_crop,1721,East Equatoria,2012,26.26672222222222,23.318,32.091,-0.5218874433658318,-1.8336499960673562,36,0.3055555555555556
temp_crop,1721,East Equatoria,2013,26.37975,23.813,31.329,-0.32161909401581384,-1.3728887761147714,36,0.1111111111111111
temp_crop,1721,East Equatoria,2014,26.83077777777778,23.936,31.759,0.1114372030482124,-1.216821169145843,36,0.08333333333333333
temp_crop,1721,East Equatoria,2015,26.97352777777778,24.378,32.1,0.17373503080905273,-1.475407884175847,36,0.1111111111111111
temp_crop,1721,East Equatoria,2016,27.597694444444446,24.026,32.668,0.7038648830492965,-0.8235548894544895,36,0.0
temp_crop,1721,East Equatoria,2017,26.98261111111111,23.781,31.759,0.17749344413845106,-1.3391015055306386,36,0.05555555555555555
temp_crop,1721,East Equatoria,2018,26.69325,23.39,31.808,-0.04097209143711998,-2.0858187302477647,36,0.2222222222222222
temp_crop,1721,East Equatoria,2019,26.732666666666667,23.424,32.626,-0.06284709098356164,-1.8527582314344602,36,0.2777777777777778
temp_crop,1721,East Equatoria,2020,26.02938888888889,23.347,30.597,-0.679924352793559,-2.2767917796442783,36,0.3333333333333333
temp_crop,1721,East Equatoria,2021,27.162444444444443,23.859,32.196,0.3486154335893659,-1.3408245868972184,36,0.027777777777777776
temp_crop,1721,East Equatoria,2022,27.221666666666668,23.835,32.493,0.36870979142949184,-1.606321997106319,36,0.05555555555555555
temp_crop,1721,East Equatoria,2023,27.545416666666668,24.471,32.087,0.7527478697173695,-1.9673903385708469,36,0.08333333333333333
temp_crop,1721,East Equatoria,2024,27.560694444444444,24.039,33.569,0.7126811280695158,-1.005098229123643,36,0.027777777777777776
temp_crop,1721,East Equatoria,2025,26.88188888888889,23.716,32.546,0.10666200237687841,-1.21974423908741,36,0.08333333333333333
temp_crop,1721,East Equatoria,2026,27.8219,25.083,31.942,0.4202679396476964,-1.9216960263854497,20,0.15
temp_crop,1726,North Bahr Ghaza,1989,27.348,22.314,30.571,-0.7419016390961216,-2.77856268164008,31,0.3548387096774194
temp_crop,1726,North Bahr Ghaza,1990,28.848774193548387,25.939,31.566,0.22088475048084505,-1.2800811668592296,31,0.06451612903225806
temp_crop,1726,North Bahr Ghaza,1991,27.863935483870968,25.827,32.08,-0.5301995732607874,-1.759574214284396,31,0.25806451612903225
temp_crop,1726,North Bahr Ghaza,1992,27.312096774193545,23.867,30.446,-0.911891186722155,-2.552579129010628,31,0.3870967741935484
temp_crop,1726,North Bahr Ghaza,1993,27.67341935483871,24.229,31.318,-0.5900442651450859,-2.4016471209689354,31,0.22580645161290322
temp_crop,1726,North Bahr Ghaza,1994,27.226967741935486,23.986,31.278,-0.9818641947186865,-3.168030913355444,31,0.3870967741935484
temp_crop,1726,North Bahr Ghaza,1995,27.548032258064516,25.781,30.025,-0.7253992946876453,-1.5911952243643606,31,0.3225806451612903
temp_crop,1726,North Bahr Ghaza,1996,27.11154838709677,24.924,31.06,-1.1250160643652523,-2.384895831263814,31,0.6451612903225806
temp_crop,1726,North Bahr Ghaza,1997,27.38632258064516,24.85,30.538,-0.7157412216636941,-2.192730272438308,31,0.3870967741935484
temp_crop,1726,North Bahr Ghaza,1998,28.062096774193545,25.119,32.314,-0.31218389540140357,-1.843391441666961,31,0.12903225806451613
temp_crop,1726,North Bahr Ghaza,1999,27.7761935483871,25.859,32.12,-0.5720331683625192,-1.760004681801931,31,0.2903225806451613
temp_crop,1726,North Bahr Ghaza,2000,27.870354838709677,25.5,31.098,-0.47304893077294097,-1.4354800824200717,31,0.12903225806451613
temp_crop,1726,North Bahr Ghaza,2001,28.16190322580645,25.374,33.474,-0.23017540651346202,-1.7499364336307008,31,0.0967741935483871
temp_crop,1726,North Bahr Ghaza,2002,28.661129032258064,24.877,32.68,0.19360911329352118,-1.730741451936915,31,0.06451612903225806
temp_crop,1726,North Bahr Ghaza,2003,28.589354838709678,25.755,32.462,-0.05343709257243376,-1.1379294201236274,31,0.0967741935483871
temp_crop,1726,North Bahr Ghaza,2004,28.690225806451615,26.172,31.797,0.13459825689611982,-1.5822775549437755,31,0.06451612903225806
temp_crop,1726,North Bahr Ghaza,2005,28.531354838709678,26.384,34.85,-0.00809635805282522,-1.1772050326331929,31,0.12903225806451613
temp_crop,1726,North Bahr Ghaza,2006,28.36529032258065,25.263,32.31,-0.1650307907067737,-2.3892165709084887,31,0.0967741935483871
temp_crop,1726,North Bahr Ghaza,2007,28.21590322580645,24.905,32.116,-0.27300045110289434,-1.9269099777156202,31,0.0967741935483871
temp_crop,1726,North Bahr Ghaza,2008,28.545225806451615,25.957,31.269,0.03371365815075808,-1.3997048990346657,31,0.06451612903225806
temp_crop,1726,North Bahr Ghaza,2009,29.358290322580643,26.637,32.871,0.6536930526375768,-0.3797730014937796,31,0.0
temp_crop,1726,North Bahr Ghaza,2010,28.855354838709676,26.127,33.311,0.13890779661451214,-1.0113110029951293,31,0.03225806451612903
temp_crop,1726,North Bahr Ghaza,2011,28.481387096774192,25.823,32.38,-0.014015753479261131,-1.8563173781637088,31,0.12903225806451613
temp_crop,1726,North Bahr Ghaza,2012,28.297387096774195,25.548,32.12,-0.2912399865038573,-1.5102065275107053,31,0.12903225806451613
temp_crop,1726,North Bahr Ghaza,2013,29.190032258064516,25.469,33.64,0.38906489447940956,-1.773045285215665,31,0.06451612903225806
temp_crop,1726,North Bahr Ghaza,2014,28.930709677419355,25.663,32.9,0.22249737168381103,-1.2540003422431112,31,0.03225806451612903
temp_crop,1726,North Bahr Ghaza,2015,29.196258064516126,25.235,33.408,0.7473942519255624,-1.4121494235673195,31,0.16129032258064516
temp_crop,1726,North Bahr Ghaza,2016,29.279967741935483,26.16,32.51,0.5969219019790707,-1.3967989890264767,31,0.03225806451612903
temp_crop,1726,North Bahr Ghaza,2017,29.444709677419358,26.623,31.982,0.694879962243839,-0.5343800683982758,31,0.0
temp_crop,1726,North Bahr Ghaza,2018,29.22974193548387,25.954,34.036,0.5244727217061512,-1.2946104211564076,31,0.03225806451612903
temp_crop,1726,North Bahr Ghaza,2019,29.029806451612902,26.137,33.485,0.3081453361251291,-1.4832265299115424,31,0.12903225806451613
temp_crop,1726,North Bahr Ghaza,2020,28.849709677419355,25.992,32.82,0.19606832011652572,-1.4656228189560632,31,0.03225806451612903
temp_crop,1726,North Bahr Ghaza,2021,29.400935483870967,26.157,33.271,0.580868034118303,-0.8041138706978055,31,0.0
temp_crop,1726,North Bahr Ghaza,2022,28.697870967741935,25.256,33.777,-0.0231544370388974,-1.624046447412627,31,0.16129032258064516
temp_crop,1726,North Bahr Ghaza,2023,30.317,27.515,34.834,1.6576650393694796,-0.5880899581886252,31,0.0
temp_crop,1726,North Bahr Ghaza,2024,29.87977419354839,25.704,35.384,0.9826105914618848,-0.9004736551651517,31,0.0
temp_crop,1726,North Bahr Ghaza,2025,28.776612903225807,25.518,32.395,0.1460797775643591,-1.7445018680116766,31,0.06451612903225806
temp_crop,1726,North Bahr Ghaza,2026,30.037933333333335,26.941,33.073,0.6518243505943553,-1.7030161182251446,15,0.06666666666666667
temp_crop,1727,Warab,1989,27.50964705882353,22.678,31.358,-0.8389415629387644,-2.7941138327175876,34,0.38235294117647056
temp_crop,1727,Warab,1990,28.820441176470588,25.806,31.97,0.02352226830189097,-1.4020014569204189,34,0.058823529411764705
temp_crop,1727,Warab,1991,27.94420588235294,25.743,32.205,-0.6744279282803067,-1.7699044711909917,34,0.23529411764705882
temp_crop,1727,Warab,1992,27.546470588235294,24.295,32.21,-0.9354190289226172,-2.639768464426279,34,0.38235294117647056
temp_crop,1727,Warab,1993,27.770676470588235,24.569,31.63,-0.7108069966479938,-2.486227088267113,34,0.3235294117647059
temp_crop,1727,Warab,1994,27.718882352941176,24.923,31.743,-0.8555465086780054,-2.876474068612862,34,0.29411764705882354
temp_crop,1727,Warab,1995,27.77635294117647,25.891,31.43,-0.7653238576145842,-1.83454367853325,34,0.35294117647058826
temp_crop,1727,Warab,1996,27.41329411764706,25.309,31.4,-1.13249850958703,-2.365617178528525,34,0.6470588235294118
temp_crop,1727,Warab,1997,27.568823529411766,25.205,30.7,-0.7706478033526728,-2.2119555925782195,34,0.4117647058823529
temp_crop,1727,Warab,1998,28.373088235294116,25.597,33.53,-0.286338085827603,-1.6387287929232819,34,0.11764705882352941
temp_crop,1727,Warab,1999,28.101441176470587,25.922,32.287,-0.556662937294035,-1.4873560037895304,34,0.2647058823529412
temp_crop,1727,Warab,2000,28.113911764705882,25.504,31.62,-0.4907796257591934,-1.4034860218863106,34,0.14705882352941177
temp_crop,1727,Warab,2001,28.314617647058824,25.864,32.202,-0.28219578594382116,-1.7061374279864734,34,0.17647058823529413
temp_crop,1727,Warab,2002,28.80444117647059,25.325,33.04,0.12195349526855734,-1.7020585442598997,34,0.058823529411764705
temp_crop,1727,Warab,2003,28.656764705882352,25.758,33.1,-0.15468005066425078,-1.4745829194766018,34,0.11764705882352941
temp_crop,1727,Warab,2004,28.898558823529413,26.26,33.17,0.10963404813655561,-1.679118251300497,34,0.029411764705882353
temp_crop,1727,Warab,2005,28.961911764705885,26.218,35.13,0.12530994235601303,-1.110391761777365,34,0.029411764705882353
temp_crop,1727,Warab,2006,28.6085,25.924,32.449,-0.1289499145138343,-2.2269377152108802,34,0.08823529411764706
temp_crop,1727,Warab,2007,28.61764705882353,25.454,33.51,-0.13278794885084264,-1.9176927872264822,34,0.08823529411764706
temp_crop,1727,Warab,2008,28.697764705882353,26.288,32.07,-0.01266698688916623,-1.23727482196361,34,0.08823529411764706
temp_crop,1727,Warab,2009,29.544941176470587,26.905,32.52,0.6714657360401934,-1.0191576650929344,34,0.029411764705882353
temp_crop,1727,Warab,2010,29.07594117647059,25.996,33.566,0.16031136365620563,-0.9191065657342263,34,0.0
temp_crop,1727,Warab,2011,28.658470588235296,25.967,32.555,-0.07381205617119602,-1.7562474375618635,34,0.11764705882352941
temp_crop,1727,Warab,2012,28.66779411764706,25.833,32.9,-0.18505142952411785,-1.695925343340545,34,0.08823529411764706
temp_crop,1727,Warab,2013,29.435176470588235,25.97,33.79,0.4269066258101149,-1.4735977220767154,34,0.029411764705882353
temp_crop,1727,Warab,2014,29.020647058823528,25.785,33.21,0.14724409391872254,-1.599306198440905,34,0.08823529411764706
temp_crop,1727,Warab,2015,29.40070588235294,25.634,33.666,0.7392753817978357,-1.3534832535799668,34,0.08823529411764706
temp_crop,1727,Warab,2016,29.605911764705883,26.489,34.44,0.7060149978214048,-1.414969538079214,34,0.029411764705882353
temp_crop,1727,Warab,2017,29.751735294117648,26.724,33.81,0.7350043505015093,-0.50298019981571,34,0.0
temp_crop,1727,Warab,2018,29.442441176470588,26.47,34.191,0.5631296349191567,-1.183156787728156,34,0.058823529411764705
temp_crop,1727,Warab,2019,29.387558823529414,26.15,33.66,0.37432993371867185,-1.5775300324042405,34,0.08823529411764706
temp_crop,1727,Warab,2020,29.259470588235295,25.997,34.62,0.3542000076405509,-1.4923563526725054,34,0.029411764705882353
temp_crop,1727,Warab,2021,29.73144117647059,26.222,34.01,0.7225001230501507,-0.8264533742711182,34,0.0
temp_crop,1727,Warab,2022,29.115058823529413,25.239,34.24,0.148995677762291,-1.8250133282820507,34,0.14705882352941177
temp_crop,1727,Warab,2023,30.404176470588233,27.505,33.829,1.5740157254266398,-0.5661695653243456,34,0.0
temp_crop,1727,Warab,2024,30.33364705882353,25.76,35.507,1.2048582032560733,-1.0139139033588287,34,0.029411764705882353
temp_crop,1727,Warab,2025,28.767411764705884,25.373,32.742,-0.05168597586223398,-2.13438184835944,34,0.08823529411764706
temp_crop,1727,Warab,2026,29.66,27.105,32.252,0.24659705855280117,-1.9889255099272256,18,0.16666666666666666
temp_crop,1728,West Bahr Ghazal,1989,26.77057142857143,19.38,30.992,-0.6112184554767055,-2.6104517008308985,28,0.25
temp_crop,1728,West Bahr Ghazal,1990,27.995857142857144,24.28,31.619,0.2639220803611286,-1.0188093909649925,28,0.03571428571428571
temp_crop,1728,West Bahr Ghazal,1991,27.134642857142858,24.351,29.558,-0.41710132004944445,-1.485200640515716,28,0.17857142857142858
temp_crop,1728,West Bahr Ghazal,1992,26.484178571428572,20.95,29.453,-0.9615752778510107,-2.6366321641232218,28,0.42857142857142855
temp_crop,1728,West Bahr Ghazal,1993,27.113642857142857,21.24,29.883,-0.43096887906499476,-1.8533960986753584,28,0.21428571428571427
temp_crop,1728,West Bahr Ghazal,1994,26.63507142857143,23.246,30.163,-0.8106344144066618,-2.5767964275514013,28,0.32142857142857145
temp_crop,1728,West Bahr Ghazal,1995,26.93525,24.547,30.233,-0.5790744654702532,-1.395999457915738,28,0.2857142857142857
temp_crop,1728,West Bahr Ghazal,1996,26.11432142857143,24.451,28.69,-1.3174363044823567,-2.7723660589103805,28,0.7142857142857143
temp_crop,1728,West Bahr Ghazal,1997,27.07492857142857,25.898,28.405,-0.3537365257150938,-2.0164014322750496,28,0.25
temp_crop,1728,West Bahr Ghazal,1998,27.268892857142855,21.58,31.796,-0.23938683979231876,-1.6897594806726415,28,0.14285714285714285
temp_crop,1728,West Bahr Ghazal,1999,26.74967857142857,22.79,30.98,-0.6945424663822628,-1.5360702869568088,28,0.32142857142857145
temp_crop,1728,West Bahr Ghazal,2000,26.977464285714287,23.909,29.839,-0.5639645087404457,-1.4900575708678048,28,0.21428571428571427
temp_crop,1728,West Bahr Ghazal,2001,27.50746428571429,22.654,31.277,-0.07649712871887827,-1.6709914706281996,28,0.03571428571428571
temp_crop,1728,West Bahr Ghazal,2002,27.66575,22.08,31.771,0.1469319272483114,-2.033379245311078,28,0.07142857142857142
temp_crop,1728,West Bahr Ghazal,2003,27.49139285714286,24.728,30.456,-0.14477441400872548,-1.5075496914725515,28,0.10714285714285714
temp_crop,1728,West Bahr Ghazal,2004,27.704749999999997,25.801,30.806,0.041998520217027435,-1.024402992729771,28,0.03571428571428571
temp_crop,1728,West Bahr Ghazal,2005,27.541214285714286,24.47,31.7,-0.04717389005293772,-1.3234182425498988,28,0.03571428571428571
temp_crop,1728,West Bahr Ghazal,2006,27.209107142857142,22.49,31.98,-0.3324181081778636,-2.720377262957843,28,0.21428571428571427
temp_crop,1728,West Bahr Ghazal,2007,27.21725,22.445,30.556,-0.3673021376560822,-1.7894297951237743,28,0.17857142857142858
temp_crop,1728,West Bahr Ghazal,2008,27.788928571428574,26.069,30.035,0.15707885817078027,-1.0859574603924589,28,0.07142857142857142
temp_crop,1728,West Bahr Ghazal,2009,27.94342857142857,25.643,30.425,0.411821086330277,-0.8594131899433435,28,0.0
temp_crop,1728,West Bahr Ghazal,2010,27.756464285714287,25.792,32.346,0.06654972568935022,-1.1075933713164723,28,0.03571428571428571
temp_crop,1728,West Bahr Ghazal,2011,27.282,23.08,31.272,-0.1940937810539071,-2.4474105418112004,28,0.07142857142857142
temp_crop,1728,West Bahr Ghazal,2012,27.101285714285716,24.09,31.762,-0.540358596853087,-1.9123003616748873,28,0.25
temp_crop,1728,West Bahr Ghazal,2013,27.959321428571428,22.746,32.843,0.23228683398896294,-2.0903026971623406,28,0.07142857142857142
temp_crop,1728,West Bahr Ghazal,2014,27.63132142857143,25.243,30.462,-0.04482084957017058,-1.4618080704136251,28,0.14285714285714285
temp_crop,1728,West Bahr Ghazal,2015,27.739107142857144,22.14,31.809,0.43660246147412446,-1.7118787925626222,28,0.17857142857142858
temp_crop,1728,West Bahr Ghazal,2016,28.000464285714287,25.664,30.885,0.28618040458364724,-0.9750639884860935,28,0.0
temp_crop,1728,West Bahr Ghazal,2017,28.387642857142858,26.276,31.855,0.6272604283401897,-0.4195750587045637,28,0.0
temp_crop,1728,West Bahr Ghazal,2018,27.875,23.037,31.841,0.2254430839955485,-1.4539489908109506,28,0.07142857142857142
temp_crop,1728,West Bahr Ghazal,2019,27.923964285714284,25.756,32.968,0.22071779301186104,-1.2539788912241383,28,0.10714285714285714
temp_crop,1728,West Bahr Ghazal,2020,28.14057142857143,25.14,33.519,0.30620054213376535,-1.0058775173356267,28,0.03571428571428571
temp_crop,1728,West Bahr Ghazal,2021,28.680107142857143,25.848,33.026,0.8553360782803784,-1.0132409696650468,28,0.03571428571428571
temp_crop,1728,West Bahr Ghazal,2022,28.14164285714286,24.982,32.2,0.20087395093761296,-1.8468953761119633,28,0.14285714285714285
temp_crop,1728,West Bahr Ghazal,2023,29.430607142857145,25.481,32.96,1.8267886843703465,-0.06895729192489716,28,0.0
temp_crop,1728,West Bahr Ghazal,2024,29.13492857142857,25.56,35.401,1.2593813776279483,-0.980693510707053,28,0.0
temp_crop,1728,West Bahr Ghazal,2025,28.427,24.491,31.566,0.7334203884350926,-1.0568915648829884,28,0.03571428571428571
temp_crop,1728,West Bahr Ghazal,2026,29.53225,25.42,31.89,0.9993296560959509,-0.1604151019415123,12,0.0
temp_crop,1729,W.Equatoria,1989,24.49178787878788,22.696,29.8,-0.7593791523215778,-2.100157863144433,33,0.42424242424242425
temp_crop,1729,W.Equatoria,1990,24.945090909090908,22.831,29.182,-0.2740655035848707,-1.8844285572627537,33,0.15151515151515152
temp_crop,1729,W.Equatoria,1991,24.617818181818183,22.66,27.61,-0.6452030821325506,-1.9251159566391198,33,0.36363636363636365
temp_crop,1729,W.Equatoria,1992,24.637090909090908,22.627,29.667,-0.755584730745362,-2.4576934007041213,33,0.3333333333333333
temp_crop,1729,W.Equatoria,1993,24.556303030303027,22.81,27.18,-0.6602937879473418,-2.1497136150823755,33,0.3333333333333333
temp_crop,1729,W.Equatoria,1994,24.72681818181818,22.637,28.868,-0.7218397667582348,-2.097156090543768,33,0.36363636363636365
temp_crop,1729,W.Equatoria,1995,24.97139393939394,22.925,29.554,-0.32137731573681766,-1.350380698266951,33,0.06060606060606061
temp_crop,1729,W.Equatoria,1996,24.52009090909091,22.55,28.14,-0.8512589080955045,-1.8678188191864642,33,0.42424242424242425
temp_crop,1729,W.Equatoria,1997,25.00866666666667,23.03,29.611,-0.03213714960462284,-1.70901085724162,33,0.21212121212121213
temp_crop,1729,W.Equatoria,1998,25.412242424242425,23.111,30.301,0.21219419382363383,-1.9231730347946407,33,0.06060606060606061
temp_crop,1729,W.Equatoria,1999,24.425060606060608,22.389,26.856,-0.941624922753874,-1.9211937114910174,33,0.42424242424242425
temp_crop,1729,W.Equatoria,2000,24.872151515151515,22.497,29.104,-0.5008192092003351,-1.736692018320915,33,0.30303030303030304
temp_crop,1729,W.Equatoria,2001,24.759424242424245,22.557,28.78,-0.4507679225967813,-2.182006353649957,33,0.30303030303030304
temp_crop,1729,W.Equatoria,2002,24.786242424242424,22.968,30.8,-0.4242978365784578,-2.194809369700342,33,0.3333333333333333
temp_crop,1729,W.Equatoria,2003,24.880333333333336,22.721,27.882,-0.3602179614523411,-1.6522238742974005,33,0.21212121212121213
temp_crop,1729,W.Equatoria,2004,25.116515151515152,22.755,29.186,-0.19945974867236824,-1.4089772052052403,33,0.09090909090909091
temp_crop,1729,W.Equatoria,2005,25.300424242424242,23.139,31.34,0.1269924611925869,-1.0453668026200675,33,0.030303030303030304
temp_crop,1729,W.Equatoria,2006,24.83221212121212,22.95,28.52,-0.44361317830926544,-1.9889782635128235,33,0.24242424242424243
temp_crop,1729,W.Equatoria,2007,25.035636363636364,22.836,29.133,-0.22238245064974355,-1.2566056255809581,33,0.09090909090909091
temp_crop,1729,W.Equatoria,2008,24.962878787878786,22.849,27.852,-0.2431704158745772,-1.6830519936335466,33,0.12121212121212122
temp_crop,1729,W.Equatoria,2009,25.254151515151513,23.347,28.58,0.17548421303562706,-1.0989411307921801,33,0.030303030303030304
temp_crop,1729,W.Equatoria,2010,25.200363636363637,22.944,28.464,0.04595749503194478,-1.125527457282159,33,0.06060606060606061
temp_crop,1729,W.Equatoria,2011,25.096454545454545,22.943,28.562,-0.04987591923908336,-1.3922185497452633,33,0.09090909090909091
temp_crop,1729,W.Equatoria,2012,25.110151515151514,23.017,29.036,-0.18663443267123664,-1.314820306241828,33,0.09090909090909091
temp_crop,1729,W.Equatoria,2013,25.173363636363636,22.996,31.11,-0.06858575273690777,-1.625714719463429,33,0.030303030303030304
temp_crop,1729,W.Equatoria,2014,25.24642424242424,22.92,30.4,0.05877536054483952,-1.2345595388653294,33,0.09090909090909091
temp_crop,1729,W.Equatoria,2015,25.37630303030303,23.694,28.79,0.48368802711808223,-1.0300046279993038,33,0.030303030303030304
temp_crop,1729,W.Equatoria,2016,26.015727272727272,23.744,32.18,1.0147256943707719,-0.32012421790676626,33,0.0
temp_crop,1729,W.Equatoria,2017,25.915878787878786,23.546,30.3,0.8297086288108045,-0.05818912873418142,33,0.0
temp_crop,1729,W.Equatoria,2018,25.336727272727273,22.86,28.09,0.3850066666685934,-1.1926320753315016,33,0.09090909090909091
temp_crop,1729,W.Equatoria,2019,25.638121212121213,23.121,30.827,0.5218359119057155,-1.1497144530877506,33,0.030303030303030304
temp_crop,1729,W.Equatoria,2020,25.837333333333333,22.91,31.009,0.6620984132606703,-0.862709858548494,33,0.0
temp_crop,1729,W.Equatoria,2021,25.8960303030303,22.967,30.863,0.8499549921148076,-1.1194737891477553,33,0.06060606060606061
temp_crop,1729,W.Equatoria,2022,25.519575757575755,22.67,29.55,0.2893720835127556,-1.3309196871664186,33,0.06060606060606061
temp_crop,1729,W.Equatoria,2023,25.97590909090909,23.805,29.64,1.2493633544825913,-1.4082413750345903,33,0.030303030303030304
temp_crop,1729,W.Equatoria,2024,26.490060606060606,23.527,31.887,1.5786975775856418,-0.9572409539037372,33,0.0
temp_crop,1729,W.Equatoria,2025,25.491878787878786,22.927,30.81,0.2931326815622127,-1.275703814533637,33,0.06060606060606061
temp_crop,1729,W.Equatoria,2026,26.09705882352941,24.782,27.288,0.6514615268905395,-1.9228727443559845,17,0.17647058823529413
temp_crop,2242,Upper Nile,1989,27.039060606060605,21.05,30.626,-0.7918152575685415,-2.3319468917089385,33,0.3939393939393939
temp_crop,2242,Upper Nile,1990,28.444454545454548,23.254,31.894,0.14343545991590534,-2.497398571653189,33,0.09090909090909091
temp_crop,2242,Upper Nile,1991,27.294575757575757,23.29,30.007,-0.7195127641976503,-2.1424966232596416,33,0.3333333333333333
temp_crop,2242,Upper Nile,1992,26.868242424242425,20.683,30.628,-0.9256995797662404,-2.6328255099361644,33,0.36363636363636365
temp_crop,2242,Upper Nile,1993,28.28939393939394,21.642,31.844,-0.02728922876225859,-2.291810279990648,33,0.15151515151515152
temp_crop,2242,Upper Nile,1994,27.874151515151514,25.44,30.191,-0.4582514726777321,-1.8572962114558438,33,0.2727272727272727
temp_crop,2242,Upper Nile,1995,28.11460606060606,24.72,30.528,-0.27339577698795187,-1.3848295302203575,33,0.09090909090909091
temp_crop,2242,Upper Nile,1996,27.98509090909091,25.14,31.583,-0.44455313133715113,-2.352261202277943,33,0.2727272727272727
temp_crop,2242,Upper Nile,1997,27.976151515151514,24.08,30.447,-0.30269284897703913,-2.133754556075718,33,0.2727272727272727
temp_crop,2242,Upper Nile,1998,28.3969696969697,23.539,32.368,0.014404893786418271,-1.3714388713388115,33,0.09090909090909091
temp_crop,2242,Upper Nile,1999,28.073545454545457,24.42,32.25,-0.3875006317496231,-1.7026071901330206,33,0.24242424242424243
temp_crop,2242,Upper Nile,2000,27.81027272727273,25.18,30.447,-0.4088825820447448,-1.674607470645932,33,0.12121212121212122
temp_crop,2242,Upper Nile,2001,28.05730303030303,23.405,31.228,-0.26847612635087886,-1.4922468717803097,33,0.15151515151515152
temp_crop,2242,Upper Nile,2002,28.54372727272727,21.83,33.338,0.20639248763479992,-2.6322187040259712,33,0.12121212121212122
temp_crop,2242,Upper Nile,2003,28.36609090909091,24.88,32.716,-0.08977453670690953,-1.8856809252640163,33,0.06060606060606061
temp_crop,2242,Upper Nile,2004,28.174757575757578,23.165,31.896,-0.13057993691432265,-1.6533779678498903,33,0.030303030303030304
temp_crop,2242,Upper Nile,2005,28.580515151515154,24.091,32.911,0.06793279210365391,-1.3674729416615818,33,0.09090909090909091
temp_crop,2242,Upper Nile,2006,27.92351515151515,23.295,30.347,-0.3049485644224043,-2.5385881887112345,33,0.24242424242424243
temp_crop,2242,Upper Nile,2007,27.405272727272727,22.852,31.488,-0.7074102656209047,-2.0566465734159913,33,0.3333333333333333
temp_crop,2242,Upper Nile,2008,27.723393939393937,23.86,31.052,-0.5038418253005811,-1.9982948681216077,33,0.18181818181818182
temp_crop,2242,Upper Nile,2009,28.474545454545453,25.19,31.979,0.10055790675828973,-1.6179725922243153,33,0.09090909090909091
temp_crop,2242,Upper Nile,2010,28.389484848484848,25.93,30.894,-0.05369922534795355,-1.236386044005682,33,0.06060606060606061
temp_crop,2242,Upper Nile,2011,27.65521212121212,22.814,31.859,-0.5049650456961603,-2.56948384581941,33,0.2727272727272727
temp_crop,2242,Upper Nile,2012,27.53081818181818,23.619,30.608,-0.6127813017108593,-1.8851733266559134,33,0.24242424242424243
temp_crop,2242,Upper Nile,2013,27.961,22.26,31.236,-0.3378017464521896,-2.9562995012038225,33,0.12121212121212122
temp_crop,2242,Upper Nile,2014,28.042848484848484,23.602,31.984,-0.27152939353841266,-1.6686233475888481,33,0.15151515151515152
temp_crop,2242,Upper Nile,2015,29.39309090909091,24.024,34.008,0.7100302081394165,-1.2051332880241548,33,0.06060606060606061
temp_crop,2242,Upper Nile,2016,29.412757575757574,24.412,34.184,0.6099645371663698,-1.1781655903635977,33,0.06060606060606061
temp_crop,2242,Upper Nile,2017,29.650333333333332,25.91,33.063,0.7606186259692077,-0.4074344727268039,33,0.0
temp_crop,2242,Upper Nile,2018,29.310787878787878,25.7,33.674,0.5221890049059192,-1.037817025602512,33,0.030303030303030304
temp_crop,2242,Upper Nile,2019,29.040909090909093,26.764,32.18,0.3147653547011884,-1.4603165368622404,33,0.15151515151515152
temp_crop,2242,Upper Nile,2020,28.757575757575758,24.484,32.611,0.16139280089337404,-2.4098153855943356,33,0.09090909090909091
temp_crop,2242,Upper Nile,2021,29.63160606060606,25.39,33.088,0.7796056015720093,-1.6706594021456014,33,0.06060606060606061
temp_crop,2242,Upper Nile,2022,29.005272727272725,25.593,33.878,0.3000107444413308,-1.7823718245918094,33,0.06060606060606061
temp_crop,2242,Upper Nile,2023,30.590333333333334,25.64,35.101,1.567385486319725,-0.3880415338382439,33,0.0
temp_crop,2242,Upper Nile,2024,29.75212121212121,26.053,33.614,0.8843322033682173,-1.2355944601698914,33,0.030303030303030304
temp_crop,2242,Upper Nile,2025,29.64060606060606,26.35,32.313,0.7764496906260596,-1.0028243250329685,33,0.030303030303030304
temp_crop,2242,Upper Nile,2026,30.06670588235294,26.87,32.883,1.176223743902593,-1.34201511567003,17,0.058823529411764705
wsi_crop,558,Jonglei,1991,92.6182258064516,61.656,99.813,0.534973018554523,-1.7161654033405653,31,0.03225806451612903
wsi_crop,558,Jonglei,1992,89.21896774193549,72.625,96.47,-0.12122290263598531,-1.735111335422444,31,0.03225806451612903
wsi_crop,558,Jonglei,1993,89.00167741935485,66.575,98.744,-0.026412973099621158,-1.3119930137843385,31,0.0967741935483871
wsi_crop,558,Jonglei,1994,92.09483870967742,49.125,99.198,0.41744098146212955,-2.315281498253915,31,0.0967741935483871
wsi_crop,558,Jonglei,1995,93.68238709677419,72.205,99.951,0.5387415906638751,-1.5318142273274398,31,0.03225806451612903
wsi_crop,558,Jonglei,1996,95.15393548387097,76.817,100.0,0.7434976758931733,0.43027005652198086,31,0.0
wsi_crop,558,Jonglei,1997,87.5571935483871,65.125,99.682,-0.18185934049560937,-1.28634646361413,31,0.12903225806451613
wsi_crop,558,Jonglei,1998,90.9933870967742,68.743,97.012,0.17984408712973998,-0.9268759588566733,31,0.0
wsi_crop,558,Jonglei,1999,92.19677419354838,64.878,99.024,0.43115428021303914,-1.0074485726000935,31,0.03225806451612903
wsi_crop,558,Jonglei,2000,86.96845161290322,58.27,98.279,-0.35099497013169445,-1.4085946411225005,31,0.12903225806451613
wsi_crop,558,Jonglei,2001,92.5753870967742,57.176,100.0,0.4375129720723088,-1.4515367849348344,31,0.0967741935483871
wsi_crop,558,Jonglei,2002,80.22180645161289,67.214,100.0,-1.4355907997674384,-4.295882122852278,31,0.6129032258064516
wsi_crop,558,Jonglei,2003,91.54425806451613,61.014,98.902,0.2598537332990515,-1.1944974039080987,31,0.06451612903225806
wsi_crop,558,Jonglei,2004,87.22309677419355,68.934,98.83,-0.2074874257178443,-1.517231176427153,31,0.06451612903225806
wsi_crop,558,Jonglei,2005,85.20319354838709,62.986,100.0,-0.6243950234070684,-2.6626648926822534,31,0.25806451612903225
wsi_crop,558,Jonglei,2006,82.74374193548387,57.0,97.186,-0.8126206673894777,-1.7403824109712327,31,0.4838709677419355
wsi_crop,558,Jonglei,2007,92.723,75.751,99.803,0.40927527932286756,-0.5574472660996092,31,0.0
wsi_crop,558,Jonglei,2008,81.74964516129032,64.696,99.203,-1.0857303591621927,-1.9363301194593832,31,0.6451612903225806
wsi_crop,558,Jonglei,2009,72.60954838709678,50.368,99.921,-2.352217578381507,-4.280641862269796,31,0.6774193548387096
wsi_crop,558,Jonglei,2010,89.85045161290323,56.714,100.0,0.05543648109211168,-2.3119458565801434,31,0.16129032258064516
wsi_crop,558,Jonglei,2011,90.3111935483871,62.625,98.377,-0.005853718898836091,-3.4137033616170718,31,0.0967741935483871
wsi_crop,558,Jonglei,2012,92.74151612903226,44.443,99.498,0.5595111471260054,-2.8997412290776423,31,0.06451612903225806
wsi_crop,558,Jonglei,2013,94.2956129032258,76.607,98.593,0.6610460200349614,-0.7557715543057787,31,0.0
wsi_crop,558,Jonglei,2014,95.05448387096774,74.25,99.643,0.7441659585596085,0.38983902289014044,31,0.0
wsi_crop,558,Jonglei,2015,88.55467741935485,62.18,99.147,-0.04779954046688161,-1.6825056898167723,31,0.03225806451612903
wsi_crop,558,Jonglei,2016,88.76903225806453,61.934,99.463,0.0339866776940675,-1.698307769066492,31,0.1935483870967742
wsi_crop,558,Jonglei,2017,88.37367741935483,52.837,99.131,-0.14864690211208711,-3.315308485922772,31,0.22580645161290322
wsi_crop,558,Jonglei,2018,92.42722580645162,69.0,100.0,0.4225751588806888,-0.5281349557478073,31,0.0
wsi_crop,558,Jonglei,2019,94.73987096774194,66.875,99.153,0.6794056607493116,-0.3686171859062157,31,0.0
wsi_crop,558,Jonglei,2020,97.03064516129032,85.68,100.0,0.9480841274471153,0.5455353932694619,31,0.0
wsi_crop,558,Jonglei,2021,90.42174193548388,73.822,97.85,0.0711484365587371,-1.3893071278582094,31,0.03225806451612903
wsi_crop,558,Jonglei,2022,88.33925806451613,71.25,98.826,-0.1520601789690419,-1.052490310756908,31,0.03225806451612903
wsi_crop,558,Jonglei,2023,85.59512903225807,75.875,100.0,-0.6126102265439107,-2.129323608075822,31,0.25806451612903225
wsi_crop,558,Jonglei,2024,86.06664516129031,72.875,99.391,-0.4991169569637306,-2.7000208552940226,31,0.22580645161290322
wsi_crop,558,Jonglei,2025,91.8946129032258,73.5,99.368,0.3214505489656223,-0.04807585385300561,31,0.0
wsi_crop,558,Jonglei,2026,92.8244,76.75,100.0,0.44539917207627006,-1.363047560259064,15,0.13333333333333333
wsi_crop,599,El Buheyrat,1991,96.07957142857143,71.0,100.0,0.5598361268595415,0.16666666666666685,28,0.0
wsi_crop,599,El Buheyrat,1992,96.05310714285714,72.097,99.961,0.5367302821422305,0.2231025486523622,28,0.0
wsi_crop,599,El Buheyrat,1993,95.13964285714285,72.428,100.0,0.295645044819989,-0.8470220999415288,28,0.0
wsi_crop,599,El Buheyrat,1994,94.04071428571429,65.516,99.236,0.1284219313214719,-1.101291423197384,28,0.03571428571428571
wsi_crop,599,El Buheyrat,1995,96.00535714285715,74.0,99.992,0.5415412098842751,0.33422143099813517,28,0.0
wsi_crop,599,El Buheyrat,1996,95.78610714285715,74.129,99.997,0.48584027335931473,0.10298085723874367,28,0.0
wsi_crop,599,El Buheyrat,1997,95.41953571428571,73.032,100.0,0.34214899951401445,-0.12624603685680638,28,0.0
wsi_crop,599,El Buheyrat,1998,96.12689285714285,68.0,99.909,0.5976738285225698,-0.3333333333333337,28,0.0
wsi_crop,599,El Buheyrat,1999,95.42757142857144,59.89,99.922,0.614102680753955,-1.729971012056722,28,0.03571428571428571
wsi_crop,599,El Buheyrat,2000,95.87932142857143,75.0,99.855,0.528084276583594,0.13588458222119473,28,0.0
wsi_crop,599,El Buheyrat,2001,96.13028571428572,77.871,99.958,0.5862663813720344,0.26724756573359587,28,0.0
wsi_crop,599,El Buheyrat,2002,86.86882142857144,43.216,96.228,-1.5478996090995991,-4.173852748586849,28,0.7142857142857143
wsi_crop,599,El Buheyrat,2003,96.59278571428571,69.484,99.996,0.6594326467498961,-0.3027508852396591,28,0.0
wsi_crop,599,El Buheyrat,2004,92.89367857142858,72.28,99.998,-0.3657970378873971,-1.739269768042004,28,0.25
wsi_crop,599,El Buheyrat,2005,92.58496428571428,54.467,99.802,0.04651662696252571,-2.051930248653678,28,0.03571428571428571
wsi_crop,599,El Buheyrat,2006,93.67228571428572,67.0,99.611,0.14359769431282626,-0.8621118712537889,28,0.0
wsi_crop,599,El Buheyrat,2007,92.95435714285715,68.0,99.565,-0.059911281444424654,-1.1579087015490668,28,0.17857142857142858
wsi_crop,599,El Buheyrat,2008,91.23728571428572,67.774,99.984,-0.755043335730707,-2.010790821804716,28,0.39285714285714285
wsi_crop,599,El Buheyrat,2009,84.96371428571429,58.368,99.946,-2.7116788100976685,-4.946684420599857,28,0.8571428571428571
wsi_crop,599,El Buheyrat,2010,93.88560714285714,48.0,99.844,0.14614054745257604,-3.671996269939323,28,0.07142857142857142
wsi_crop,599,El Buheyrat,2011,88.0645,36.378,97.272,-1.1474535747604928,-4.718339876812801,28,0.42857142857142855
wsi_crop,599,El Buheyrat,2012,95.42946428571429,69.0,99.959,0.42449839391490635,-0.16666666666666685,28,0.0
wsi_crop,599,El Buheyrat,2013,95.47057142857143,72.581,99.889,0.47074930576426716,0.05389570046932368,28,0.0
wsi_crop,599,El Buheyrat,2014,96.08332142857144,72.0,100.0,0.5580882776991258,0.24985289257899268,28,0.0
wsi_crop,599,El Buheyrat,2015,94.64653571428572,70.0,99.617,0.19781642303011604,-0.22401250155200475,28,0.0
wsi_crop,599,El Buheyrat,2016,92.71353571428571,66.0,100.0,-0.22002232738824926,-1.8812517366834347,28,0.25
wsi_crop,599,El Buheyrat,2017,93.68407142857143,61.0,99.878,0.16618397233274634,-2.010114273352903,28,0.07142857142857142
wsi_crop,599,El Buheyrat,2018,94.23457142857144,69.0,99.992,0.14214360138322288,-0.8912792076684884,28,0.0
wsi_crop,599,El Buheyrat,2019,93.977,64.0,98.967,0.0034215970350484942,-1.1980912845452232,28,0.07142857142857142
wsi_crop,599,El Buheyrat,2020,95.78578571428571,73.0,99.984,0.48840232589671145,0.17172470533151282,28,0.0
wsi_crop,599,El Buheyrat,2021,94.7135,70.0,99.834,0.36215824582113204,-0.5254884392964326,28,0.0
wsi_crop,599,El Buheyrat,2022,90.92875000000001,71.0,99.98,-1.0946165060527497,-3.2071454037013734,28,0.4642857142857143
wsi_crop,599,El Buheyrat,2023,93.58228571428572,67.0,99.563,0.011106562499166516,-0.5000000000000006,28,0.0
wsi_crop,599,El Buheyrat,2024,90.17510714285713,65.0,97.907,-0.9681899227543969,-2.9531044661904167,28,0.35714285714285715
wsi_crop,599,El Buheyrat,2025,94.60792857142857,66.0,100.0,0.17418208998032264,-0.6666666666666674,28,0.0
wsi_crop,599,El Buheyrat,2026,91.20291666666667,70.0,99.911,-0.7936061950877158,-3.216616522829881,12,0.3333333333333333
wsi_crop,622,Unity,1991,89.80153333333332,48.0,99.993,0.41366125537529264,-0.9625226589872511,30,0.0
wsi_crop,622,Unity,1992,88.489,52.0,99.704,0.3634632192842215,-0.6487328880135828,30,0.0
wsi_crop,622,Unity,1993,89.4275,53.0,99.902,0.44258792087291343,-0.05242432889523236,30,0.0
wsi_crop,622,Unity,1994,88.75316666666666,47.5,99.985,0.45256460940379883,-1.3549937600914692,30,0.03333333333333333
wsi_crop,622,Unity,1995,91.77666666666667,53.0,99.992,0.8542954650091018,0.5243050634284994,30,0.0
wsi_crop,622,Unity,1996,89.73206666666667,56.0,99.948,0.6527211585167638,-0.5148410528948799,30,0.0
wsi_crop,622,Unity,1997,90.93186666666666,49.0,100.0,0.5347590963763819,-0.47306992142278864,30,0.0
wsi_crop,622,Unity,1998,89.80863333333333,57.0,99.645,0.42849273742189403,-0.6836543678803798,30,0.0
wsi_crop,622,Unity,1999,89.284,52.5,99.943,0.683393455941943,-1.1004020306379574,30,0.03333333333333333
wsi_crop,622,Unity,2000,88.4321,53.0,99.829,0.36806029374518323,-0.6166777446762847,30,0.0
wsi_crop,622,Unity,2001,88.19873333333334,48.0,99.973,0.17789528676445507,-0.8532007547522684,30,0.0
wsi_crop,622,Unity,2002,80.29916666666666,32.5,98.129,-1.2193583379866362,-3.5202278643426768,30,0.5666666666666667
wsi_crop,622,Unity,2003,86.3826,52.0,99.541,0.049587136931600787,-1.5742760856847284,30,0.1
wsi_crop,622,Unity,2004,84.60740000000001,51.0,98.634,-0.9510536845919987,-2.148987294058758,30,0.5666666666666667
wsi_crop,622,Unity,2005,86.99073333333334,48.0,99.858,-0.06624699848342577,-1.5989725722099628,30,0.06666666666666667
wsi_crop,622,Unity,2006,87.5948,47.0,99.941,0.1870669979776231,-1.2145111361197405,30,0.1
wsi_crop,622,Unity,2007,89.52579999999999,54.0,99.812,0.369853133642672,-0.4183750229289246,30,0.0
wsi_crop,622,Unity,2008,85.86266666666667,49.0,99.5,-0.6676417423212082,-2.948281962231388,30,0.26666666666666666
wsi_crop,622,Unity,2009,76.8325,45.0,93.949,-3.218272286285541,-4.863176318349934,30,0.9666666666666667
wsi_crop,622,Unity,2010,87.50013333333332,45.0,99.805,0.06146606313966945,-2.150870835312186,30,0.2
wsi_crop,622,Unity,2011,85.36673333333333,34.5,99.773,0.2214190298260801,-2.3024595631626057,30,0.06666666666666667
wsi_crop,622,Unity,2012,88.72033333333334,50.0,99.955,0.27511097781691124,-0.46137589188261174,30,0.0
wsi_crop,622,Unity,2013,86.47283333333333,39.0,99.958,-0.053468660416900717,-1.7877997001624395,30,0.03333333333333333
wsi_crop,622,Unity,2014,89.48736666666667,46.0,100.0,0.285596187716731,-1.4370614594163962,30,0.13333333333333333
wsi_crop,622,Unity,2015,85.59089999999999,50.0,99.112,-0.2656992819444836,-1.662347428559308,30,0.03333333333333333
wsi_crop,622,Unity,2016,89.04216666666666,53.0,99.956,0.2706341220242913,-1.2183241778457001,30,0.06666666666666667
wsi_crop,622,Unity,2017,85.86893333333335,47.0,99.937,-0.0911814993977729,-1.2276350839496202,30,0.16666666666666666
wsi_crop,622,Unity,2018,86.36133333333333,48.0,99.851,-0.07574431066639814,-1.0560734764328212,30,0.06666666666666667
wsi_crop,622,Unity,2019,87.82386666666666,47.0,99.963,0.28480585970745725,-1.2185196599379005,30,0.16666666666666666
wsi_crop,622,Unity,2020,89.5193,53.0,99.845,0.47468291628895987,-0.025466008441379136,30,0.0
wsi_crop,622,Unity,2021,88.87053333333333,51.0,99.982,0.3844292886496464,-0.3875451881681239,30,0.0
wsi_crop,622,Unity,2022,86.00126666666667,51.0,98.444,-0.610540291757286,-1.999949330774521,30,0.36666666666666664
wsi_crop,622,Unity,2023,86.29490000000001,51.0,98.939,-0.3417856534626359,-1.5030510994272845,30,0.13333333333333333
wsi_crop,622,Unity,2024,84.4677,45.444,98.997,-0.2792137561268156,-2.786803867539554,30,0.06666666666666667
wsi_crop,622,Unity,2025,86.47959999999999,52.0,98.278,-0.5824832829756469,-2.050460768680095,30,0.4
wsi_crop,622,Unity,2026,83.38292857142858,53.0,99.41,0.3988790871067609,-0.0690063363855713,14,0.0
wsi_crop,623,C. Equatoria,1991,91.92861764705881,23.025,97.752,0.730059265134698,-0.8265628744690552,34,0.0
wsi_crop,623,C. Equatoria,1992,83.09108823529411,12.926,95.863,-0.012361062754825352,-1.8072579830171427,34,0.08823529411764706
wsi_crop,623,C. Equatoria,1993,91.71385294117647,42.329,98.419,0.5058135178811848,-0.2890122974479486,34,0.0
wsi_crop,623,C. Equatoria,1994,82.91032352941177,19.038,95.663,-0.10473968585603406,-1.0838648550005399,34,0.08823529411764706
wsi_crop,623,C. Equatoria,1995,84.94688235294117,25.373,96.192,0.13650669399089677,-1.2774950175928521,34,0.058823529411764705
wsi_crop,623,C. Equatoria,1996,91.0150294117647,43.013,98.133,0.7685481927196909,-0.2489800844749396,34,0.0
wsi_crop,623,C. Equatoria,1997,81.10282352941176,22.759,93.489,-0.5014119357916451,-1.3860175829908592,34,0.08823529411764706
wsi_crop,623,C. Equatoria,1998,89.20791176470588,48.031,96.757,0.5139957062918961,-0.30959648698011977,34,0.0
wsi_crop,623,C. Equatoria,1999,90.81138235294118,32.544,97.721,0.6204347917127981,-0.2860983856741751,34,0.0
wsi_crop,623,C. Equatoria,2000,80.8654411764706,34.103,92.686,-0.5137647067351678,-1.4490925568545958,34,0.11764705882352941
wsi_crop,623,C. Equatoria,2001,91.75079411764706,32.952,98.849,0.8596465170204053,-0.9109579371107219,34,0.0
wsi_crop,623,C. Equatoria,2002,92.08626470588236,18.114,98.875,0.8522725572993105,-1.1861777701561693,34,0.058823529411764705
wsi_crop,623,C. Equatoria,2003,89.63232352941176,21.823,96.921,0.6032335059086679,-0.8948093620760985,34,0.0
wsi_crop,623,C. Equatoria,2004,87.73647058823529,44.759,94.306,0.1596707111874343,-0.4822382435990102,34,0.0
wsi_crop,623,C. Equatoria,2005,83.49408823529411,21.177,93.051,-0.4874404150904423,-1.7152950606652593,34,0.14705882352941177
wsi_crop,623,C. Equatoria,2006,86.83711764705882,12.025,97.173,-0.20291940788987675,-1.7685366758502508,34,0.20588235294117646
wsi_crop,623,C. Equatoria,2007,75.87711764705882,39.936,87.83,-1.6552365859808738,-3.2784353278293454,34,0.8235294117647058
wsi_crop,623,C. Equatoria,2008,78.86873529411764,38.293,86.257,-1.418736365620548,-2.3893354765961,34,0.7352941176470589
wsi_crop,623,C. Equatoria,2009,73.85879411764707,37.711,86.654,-2.1753909959163966,-3.911355430352166,34,0.7941176470588235
wsi_crop,623,C. Equatoria,2010,93.30282352941175,71.889,98.983,0.6588215322704878,-2.8026529639789297,34,0.058823529411764705
wsi_crop,623,C. Equatoria,2011,81.5925,18.979,95.447,-0.19709882401754167,-1.6559606514473344,34,0.08823529411764706
wsi_crop,623,C. Equatoria,2012,81.78611764705883,18.013,94.938,-0.2947421618861597,-1.9411169978697045,34,0.11764705882352941
wsi_crop,623,C. Equatoria,2013,92.53544117647058,32.62,98.652,0.8553571815691211,-0.3859143986932796,34,0.0
wsi_crop,623,C. Equatoria,2014,91.79317647058824,30.985,98.371,0.8244664678803828,-1.0045050965370905,34,0.029411764705882353
wsi_crop,623,C. Equatoria,2015,88.31491176470588,40.494,94.985,0.28506860443532167,-0.4409884529905523,34,0.0
wsi_crop,623,C. Equatoria,2016,91.84252941176472,26.772,98.941,0.6968050076679891,-0.8211678827146953,34,0.0
wsi_crop,623,C. Equatoria,2017,82.7895294117647,55.928,93.095,-0.6558469622919196,-2.4409198979778326,34,0.3235294117647059
wsi_crop,623,C. Equatoria,2018,93.6654705882353,19.051,99.859,0.7427277261476215,-1.4260656854193228,34,0.08823529411764706
wsi_crop,623,C. Equatoria,2019,83.73764705882353,25.47,95.331,-0.05312978758390724,-1.7121591679330563,34,0.08823529411764706
wsi_crop,623,C. Equatoria,2020,90.64235294117647,50.16,97.403,0.6881696126641956,-0.09748856146907602,34,0.0
wsi_crop,623,C. Equatoria,2021,80.7600294117647,21.509,92.809,-0.5383042791376593,-1.4379124593288501,34,0.08823529411764706
wsi_crop,623,C. Equatoria,2022,80.8195294117647,25.354,91.086,-0.7285476068364981,-1.4745649034944721,34,0.3235294117647059
wsi_crop,623,C. Equatoria,2023,87.17997058823529,14.633,94.825,0.19007265400142545,-1.3030391839518407,34,0.029411764705882353
wsi_crop,623,C. Equatoria,2024,79.23764705882353,41.042,90.729,-1.1907248769463896,-2.4803539027910113,34,0.7058823529411765
wsi_crop,623,C. Equatoria,2025,82.5630294117647,20.414,93.626,-0.2478651545307147,-1.4833723710009303,34,0.11764705882352941
wsi_crop,623,C. Equatoria,2026,89.35955555555556,60.796,98.099,0.5413377416013617,-0.9314285324414934,18,0.0
wsi_crop,1721,East Equatoria,1991,77.95266666666666,18.375,98.44,0.8366291377344939,-1.0988402016711658,36,0.08333333333333333
wsi_crop,1721,East Equatoria,1992,64.33775,10.289,93.825,-0.3180506542628271,-1.9775135784512758,36,0.1111111111111111
wsi_crop,1721,East Equatoria,1993,58.16305555555555,29.294,82.344,-1.1430286145381692,-2.65412361737289,36,0.5
wsi_crop,1721,East Equatoria,1994,72.17236111111112,14.37,96.98,0.44144789421900144,-2.167573083137827,36,0.19444444444444445
wsi_crop,1721,East Equatoria,1995,63.64016666666666,27.166,94.461,-0.5807317969562504,-2.2882212145516285,36,0.3611111111111111
wsi_crop,1721,East Equatoria,1996,69.40069444444445,19.485,99.538,0.0018492279763529472,-0.9791947146146157,36,0.0
wsi_crop,1721,East Equatoria,1997,63.53563888888888,13.741,98.258,-0.463440852738331,-1.6827823261907362,36,0.2777777777777778
wsi_crop,1721,East Equatoria,1998,67.48750000000001,38.048,93.226,-0.1621376303882079,-1.3453004001607491,36,0.08333333333333333
wsi_crop,1721,East Equatoria,1999,66.70688888888888,20.906,98.265,-0.4365321587427226,-1.118723448263378,36,0.05555555555555555
wsi_crop,1721,East Equatoria,2000,55.07077777777778,13.243,74.268,-1.357377957287695,-2.1510012491783006,36,0.8611111111111112
wsi_crop,1721,East Equatoria,2001,70.07541666666667,15.76,99.728,0.0635811340435672,-1.4803109743974885,36,0.16666666666666666
wsi_crop,1721,East Equatoria,2002,64.17977777777779,20.057,97.382,-0.6854101669169507,-1.3917708047663437,36,0.5277777777777778
wsi_crop,1721,East Equatoria,2003,72.33505555555556,24.515,96.532,0.28622286928100016,-0.8883063357931356,36,0.0
wsi_crop,1721,East Equatoria,2004,65.32816666666666,30.017,95.233,-0.3674515489108076,-1.6133770770686553,36,0.19444444444444445
wsi_crop,1721,East Equatoria,2005,63.772861111111105,26.858,99.119,-0.6219104622985205,-1.8503469379198765,36,0.2222222222222222
wsi_crop,1721,East Equatoria,2006,71.28316666666666,20.285,97.946,0.16742942610521577,-1.3331450427929568,36,0.1111111111111111
wsi_crop,1721,East Equatoria,2007,73.46580555555556,31.126,86.903,0.517777841062306,-2.5176029399384023,36,0.027777777777777776
wsi_crop,1721,East Equatoria,2008,62.68147222222222,15.223,95.438,-0.6414344416442489,-2.098028402458668,36,0.3888888888888889
wsi_crop,1721,East Equatoria,2009,58.437972222222214,17.219,97.468,-1.0711397455376002,-2.2436950967860465,36,0.5555555555555556
wsi_crop,1721,East Equatoria,2010,72.13780555555554,22.109,99.703,0.1535021341592359,-1.3588400639963711,36,0.027777777777777776
wsi_crop,1721,East Equatoria,2011,68.42986111111111,20.734,94.583,0.01229059953534826,-1.6452463349585764,36,0.16666666666666666
wsi_crop,1721,East Equatoria,2012,79.42969444444445,37.575,93.404,1.2169014799000184,-2.8947448934370033,36,0.05555555555555555
wsi_crop,1721,East Equatoria,2013,77.83147222222222,36.053,99.412,0.9021267928798569,-0.3034839306452402,36,0.0
wsi_crop,1721,East Equatoria,2014,70.58569444444444,28.004,99.465,0.0849685686806067,-0.9936546141821961,36,0.0
wsi_crop,1721,East Equatoria,2015,70.70436111111111,28.719,97.754,0.24489331422080055,-2.4783541002762823,36,0.027777777777777776
wsi_crop,1721,East Equatoria,2016,70.76974999999999,34.944,96.419,0.061135697835156294,-1.0275438420235867,36,0.027777777777777776
wsi_crop,1721,East Equatoria,2017,61.19972222222222,19.155,94.435,-0.8268999531070144,-2.4810891937017403,36,0.5
wsi_crop,1721,East Equatoria,2018,77.15327777777777,25.396,99.909,0.6674646717874737,-0.3856737014849841,36,0.0
wsi_crop,1721,East Equatoria,2019,69.19541666666666,23.811,84.16,0.18769738402260275,-1.5869900716659928,36,0.16666666666666666
wsi_crop,1721,East Equatoria,2020,83.39105555555555,47.302,99.761,1.3926692204760396,0.699957667952269,36,0.0
wsi_crop,1721,East Equatoria,2021,67.77180555555555,13.302,92.422,-0.03898279385910766,-1.1928890741270624,36,0.05555555555555555
wsi_crop,1721,East Equatoria,2022,63.31766666666667,24.965,86.738,-0.527240149237332,-1.3540085983830485,36,0.1111111111111111
wsi_crop,1721,East Equatoria,2023,69.14794444444445,16.289,99.837,-0.044950037345595314,-1.0528870964759964,36,0.05555555555555555
wsi_crop,1721,East Equatoria,2024,76.70555555555556,33.309,98.738,0.7771145752170288,-0.3900693748945117,36,0.0
wsi_crop,1721,East Equatoria,2025,76.45963888888889,12.256,97.578,0.8479373187436852,-1.2058087200236305,36,0.027777777777777776
wsi_crop,1721,East Equatoria,2026,75.8803,39.665,99.916,0.7615434166048667,-0.6445296089707987,20,0.0
wsi_crop,1726,North Bahr Ghaza,1991,84.45196774193548,5.0,100.0,0.16826658659524893,-0.7827500181800233,31,0.0
wsi_crop,1726,North Bahr Ghaza,1992,84.1061935483871,6.455,100.0,0.14450367945109338,-0.2907327384491199,31,0.0
wsi_crop,1726,North Bahr Ghaza,1993,86.1871935483871,6.727,100.0,0.5554189309823141,-0.09963193657961653,31,0.0
wsi_crop,1726,North Bahr Ghaza,1994,86.25083870967741,7.909,99.997,0.7687297867347378,-0.8712703782140568,31,0.0
wsi_crop,1726,North Bahr Ghaza,1995,87.07196774193548,11.364,100.0,0.8333014912383386,0.35198239231288514,31,0.0
wsi_crop,1726,North Bahr Ghaza,1996,86.43229032258064,7.682,100.0,0.6329780169601461,0.351436393169358,31,0.0
wsi_crop,1726,North Bahr Ghaza,1997,86.98558064516129,7.455,100.0,0.725580864850056,0.3527103911709223,31,0.0
wsi_crop,1726,North Bahr Ghaza,1998,84.83493548387096,10.864,99.577,0.5992656758287503,-1.1667089993981012,31,0.03225806451612903
wsi_crop,1726,North Bahr Ghaza,1999,85.28925806451613,8.682,99.997,0.748860425673318,-2.2007441735422564,31,0.03225806451612903
wsi_crop,1726,North Bahr Ghaza,2000,85.6661935483871,9.364,99.993,0.5738468106063478,-0.33210484636814863,31,0.0
wsi_crop,1726,North Bahr Ghaza,2001,83.4176129032258,4.727,99.993,0.16921031894990407,-1.5683496745382213,31,0.03225806451612903
wsi_crop,1726,North Bahr Ghaza,2002,77.29170967741936,5.727,98.002,-0.9272196492909034,-3.929992192845543,31,0.41935483870967744
wsi_crop,1726,North Bahr Ghaza,2003,83.83329032258064,7.909,100.0,0.21319083445610568,-0.6741233229214842,31,0.0
wsi_crop,1726,North Bahr Ghaza,2004,79.5075806451613,6.955,100.0,-1.3141756414432273,-3.9064279626378693,31,0.5161290322580645
wsi_crop,1726,North Bahr Ghaza,2005,82.28083870967743,5.727,99.953,-0.26238220826424224,-2.7406364214152754,31,0.16129032258064516
wsi_crop,1726,North Bahr Ghaza,2006,83.5031935483871,4.727,99.993,0.16785550326830645,-1.363668080187464,31,0.06451612903225806
wsi_crop,1726,North Bahr Ghaza,2007,84.09225806451613,6.955,99.999,0.14769340546617563,-0.7817926928442039,31,0.0
wsi_crop,1726,North Bahr Ghaza,2008,79.81529032258064,5.0,100.0,-1.1809198765725444,-3.438550428667805,31,0.3870967741935484
wsi_crop,1726,North Bahr Ghaza,2009,74.42109677419356,3.091,100.0,-2.5939084207794907,-5.146956981863709,31,0.7096774193548387
wsi_crop,1726,North Bahr Ghaza,2010,84.6716129032258,5.727,99.919,0.20111770182030553,-0.46633314194476205,31,0.0
wsi_crop,1726,North Bahr Ghaza,2011,82.60032258064517,9.636,99.906,0.39639356970219525,-2.496182794726301,31,0.06451612903225806
wsi_crop,1726,North Bahr Ghaza,2012,83.42593548387097,5.727,99.812,0.22990527068110114,-1.4464668724013106,31,0.03225806451612903
wsi_crop,1726,North Bahr Ghaza,2013,83.29667741935484,7.455,99.996,0.23087215422413718,-1.6591067013715086,31,0.03225806451612903
wsi_crop,1726,North Bahr Ghaza,2014,84.53622580645161,4.0,100.0,0.15800773742270807,-1.3050089079138958,31,0.06451612903225806
wsi_crop,1726,North Bahr Ghaza,2015,82.40812903225806,4.727,99.142,-0.11006115329278392,-1.75758624176619,31,0.03225806451612903
wsi_crop,1726,North Bahr Ghaza,2016,84.12258064516129,8.364,100.0,0.12318684304797647,-1.0178204011810892,31,0.03225806451612903
wsi_crop,1726,North Bahr Ghaza,2017,82.99841935483872,4.455,99.918,-0.07354809321280277,-1.073869083435725,31,0.06451612903225806
wsi_crop,1726,North Bahr Ghaza,2018,82.8514193548387,4.727,99.875,-3.69687005474168e-05,-0.9253266950773703,31,0.0
wsi_crop,1726,North Bahr Ghaza,2019,85.17306451612903,4.727,99.999,0.40064073392528277,-0.9253266950773703,31,0.0
wsi_crop,1726,North Bahr Ghaza,2020,82.1693870967742,7.455,98.383,-0.24682728528290981,-1.3144283099901233,31,0.16129032258064516
wsi_crop,1726,North Bahr Ghaza,2021,84.06519354838709,5.909,99.999,0.13809002796322267,-0.4745589931775387,31,0.0
wsi_crop,1726,North Bahr Ghaza,2022,84.44625806451613,5.0,99.986,0.09824472706253679,-0.7827500181800233,31,0.0
wsi_crop,1726,North Bahr Ghaza,2023,83.55670967741935,5.909,100.0,-0.07458702807662633,-0.9897882726219861,31,0.0
wsi_crop,1726,North Bahr Ghaza,2024,80.64758064516128,6.455,97.771,-0.5987751088837057,-2.3340597359068678,31,0.3870967741935484
wsi_crop,1726,North Bahr Ghaza,2025,80.45245161290322,6.636,97.785,-0.8638825381345926,-1.809855866704542,31,0.4838709677419355
wsi_crop,1726,North Bahr Ghaza,2026,71.13186666666667,4.727,98.89,-0.3695967249502719,-1.6612593331380734,15,0.06666666666666667
wsi_crop,1727,Warab,1991,87.21629411764705,27.375,99.989,0.37256698400830673,-0.23256916902876745,34,0.0
wsi_crop,1727,Warab,1992,85.46402941176471,19.0,99.437,0.27421943105196667,-1.1506078340156713,34,0.029411764705882353
wsi_crop,1727,Warab,1993,87.62576470588235,28.75,99.941,0.47319716983378096,0.12671892445106517,34,0.0
wsi_crop,1727,Warab,1994,83.94670588235294,19.0,99.877,0.41692219945716247,-1.448630744633666,34,0.11764705882352941
wsi_crop,1727,Warab,1995,88.62314705882352,33.75,99.999,0.7258267162612289,-0.23081251303253966,34,0.0
wsi_crop,1727,Warab,1996,87.34420588235294,29.375,99.966,0.49659945675654904,-0.2006397029087009,34,0.0
wsi_crop,1727,Warab,1997,89.53326470588235,29.75,100.0,0.6794864255845071,0.4081418992854412,34,0.0
wsi_crop,1727,Warab,1998,84.95738235294118,22.75,99.737,0.4953823465626916,-1.4485618928399135,34,0.029411764705882353
wsi_crop,1727,Warab,1999,84.24429411764706,24.0,99.688,0.3869841171585439,-1.32538555596117,34,0.029411764705882353
wsi_crop,1727,Warab,2000,86.13870588235294,21.0,99.932,0.5622233991779475,-1.0593702084109045,34,0.029411764705882353
wsi_crop,1727,Warab,2001,86.86947058823529,27.625,99.836,0.3461118242242873,-0.32946920357276926,34,0.0
wsi_crop,1727,Warab,2002,71.20864705882353,22.594,91.49,-1.4598053828622841,-3.6446921361804736,34,0.7352941176470589
wsi_crop,1727,Warab,2003,83.33435294117646,20.0,99.056,0.02854947791534353,-1.1049890212132878,34,0.029411764705882353
wsi_crop,1727,Warab,2004,75.45838235294117,14.0,99.627,-1.4506274860643038,-3.4437139481077987,34,0.5294117647058824
wsi_crop,1727,Warab,2005,78.04029411764705,15.688,99.725,-0.5778126090391088,-2.8186659405513557,34,0.2647058823529412
wsi_crop,1727,Warab,2006,83.23414705882352,26.125,99.396,0.001684749203882136,-1.823038878434533,34,0.058823529411764705
wsi_crop,1727,Warab,2007,84.59544117647059,29.375,99.769,0.19585991126265015,-0.6201697806684241,34,0.0
wsi_crop,1727,Warab,2008,72.65811764705883,26.125,99.877,-1.884435152781713,-4.1776867949656475,34,0.5294117647058824
wsi_crop,1727,Warab,2009,70.16226470588235,16.0,97.424,-2.0585935901376278,-4.452493239951491,34,0.6470588235294118
wsi_crop,1727,Warab,2010,85.42038235294117,26.875,99.843,0.2687404573571251,-1.0174455842640304,34,0.029411764705882353
wsi_crop,1727,Warab,2011,80.22126470588236,23.855,98.926,0.03852830988801151,-3.3183453727876002,34,0.11764705882352941
wsi_crop,1727,Warab,2012,84.51005882352942,23.875,99.778,0.30853691851909293,-1.4068098493106165,34,0.029411764705882353
wsi_crop,1727,Warab,2013,83.59897058823529,28.5,99.926,0.1836961757792816,-1.4770027420259864,34,0.029411764705882353
wsi_crop,1727,Warab,2014,87.26073529411764,26.625,100.0,0.35276656863386485,-0.49285383488479717,34,0.0
wsi_crop,1727,Warab,2015,84.6599411764706,27.125,98.464,0.0724142683821509,-1.4912579407157869,34,0.029411764705882353
wsi_crop,1727,Warab,2016,87.18538235294118,29.625,99.995,0.3383678249684426,-0.6801453351623774,34,0.0
wsi_crop,1727,Warab,2017,83.83047058823529,25.25,99.647,0.011340203651573566,-0.970042388954185,34,0.0
wsi_crop,1727,Warab,2018,87.81035294117648,26.75,99.67,0.3019497340703681,-0.44947305724212555,34,0.0
wsi_crop,1727,Warab,2019,86.01241176470589,27.875,99.822,0.3590235949873437,-0.3908434567643876,34,0.0
wsi_crop,1727,Warab,2020,86.66408823529412,29.875,99.648,0.387495133405392,-0.19844693433198785,34,0.0
wsi_crop,1727,Warab,2021,82.91411764705882,25.625,99.938,0.03725875285296869,-1.5097692356487944,34,0.058823529411764705
wsi_crop,1727,Warab,2022,82.36079411764706,21.0,99.461,-0.1613749903191096,-1.0593702084109045,34,0.029411764705882353
wsi_crop,1727,Warab,2023,85.94735294117648,26.5,99.728,0.20755427275936106,-0.5362346125274688,34,0.0
wsi_crop,1727,Warab,2024,78.77782352941176,26.0,96.465,-0.5810910816964818,-3.5767967372145493,34,0.20588235294117646
wsi_crop,1727,Warab,2025,83.07614705882352,28.0,99.35,-0.2609210350335289,-1.1456083819164966,34,0.14705882352941177
wsi_crop,1727,Warab,2026,82.06622222222222,27.375,100.0,0.21037481908282693,-0.7910010841957502,18,0.0
wsi_crop,1728,West Bahr Ghazal,1991,89.18849999999999,57.038,99.984,-0.3032080816698181,-2.4857962635285697,28,0.32142857142857145
wsi_crop,1728,West Bahr Ghazal,1992,91.81360714285714,55.478,99.786,0.30311376226554343,-1.3635500565268235,28,0.03571428571428571
wsi_crop,1728,West Bahr Ghazal,1993,91.00864285714286,61.744,99.948,0.1599552747002945,-0.6443129594485489,28,0.0
wsi_crop,1728,West Bahr Ghazal,1994,90.10278571428572,51.714,99.873,0.345462140478677,-1.44258613870011,28,0.07142857142857142
wsi_crop,1728,West Bahr Ghazal,1995,92.14910714285715,65.537,99.927,0.49539649365803184,0.12992188277936828,28,0.0
wsi_crop,1728,West Bahr Ghazal,1996,93.75971428571428,62.904,99.974,0.742638549008322,0.19661368653599529,28,0.0
wsi_crop,1728,West Bahr Ghazal,1997,93.18785714285715,66.0,100.0,0.6219433062198397,0.41290577050762656,28,0.0
wsi_crop,1728,West Bahr Ghazal,1998,90.80164285714285,60.905,99.628,0.3002282925322204,-1.009265758912888,28,0.03571428571428571
wsi_crop,1728,West Bahr Ghazal,1999,91.97317857142856,64.0,99.885,0.6309711024976877,-0.9746895316361633,28,0.0
wsi_crop,1728,West Bahr Ghazal,2000,92.56414285714285,65.98,99.96,0.5551857419825755,0.16585180114020723,28,0.0
wsi_crop,1728,West Bahr Ghazal,2001,91.23239285714286,62.0,99.904,0.24982693766942196,-0.4248136488477689,28,0.0
wsi_crop,1728,West Bahr Ghazal,2002,81.90932142857142,44.536,97.168,-1.630615020305442,-4.009349056078408,28,0.6428571428571429
wsi_crop,1728,West Bahr Ghazal,2003,93.01514285714286,63.0,99.878,0.5932480908278857,-0.0677255198002238,28,0.0
wsi_crop,1728,West Bahr Ghazal,2004,89.32164285714285,59.377,99.397,-0.7465223856018733,-2.1454072705198963,28,0.5357142857142857
wsi_crop,1728,West Bahr Ghazal,2005,88.92542857142858,43.238,99.753,0.04399481699596859,-1.8421970122804052,28,0.07142857142857142
wsi_crop,1728,West Bahr Ghazal,2006,89.25085714285714,34.619,99.845,0.24256611446468154,-2.248549787102086,28,0.07142857142857142
wsi_crop,1728,West Bahr Ghazal,2007,88.74028571428572,57.133,99.796,-0.23446593259339155,-1.7069249370754676,28,0.2857142857142857
wsi_crop,1728,West Bahr Ghazal,2008,84.57153571428572,51.803,99.403,-2.1623770451479305,-4.221063860330508,28,0.75
wsi_crop,1728,West Bahr Ghazal,2009,83.75125,49.459,97.979,-1.470091511155704,-3.6109880488295043,28,0.5357142857142857
wsi_crop,1728,West Bahr Ghazal,2010,92.22303571428571,59.0,99.791,0.5567187985002261,-0.8431105765529425,28,0.0
wsi_crop,1728,West Bahr Ghazal,2011,87.72357142857143,40.095,99.475,0.018682454875253707,-3.1119087998988606,28,0.10714285714285714
wsi_crop,1728,West Bahr Ghazal,2012,93.20664285714285,62.0,99.823,0.6339089310417518,0.007879538098625858,28,0.0
wsi_crop,1728,West Bahr Ghazal,2013,88.58967857142856,59.673,99.941,0.02533966627327406,-1.4390174659761343,28,0.25
wsi_crop,1728,West Bahr Ghazal,2014,90.97121428571428,57.0,100.0,0.15666905281076837,-1.410437319653988,28,0.07142857142857142
wsi_crop,1728,West Bahr Ghazal,2015,90.55600000000001,59.414,99.798,0.24411634800422796,-2.0170007996453454,28,0.03571428571428571
wsi_crop,1728,West Bahr Ghazal,2016,90.59564285714285,60.061,99.874,0.09334828394789853,-0.9691127667105751,28,0.0
wsi_crop,1728,West Bahr Ghazal,2017,89.79017857142857,57.0,99.902,0.011079554251056417,-1.410437319653988,28,0.07142857142857142
wsi_crop,1728,West Bahr Ghazal,2018,90.95310714285714,58.0,99.924,0.1873697530709493,-1.1267739481034653,28,0.03571428571428571
wsi_crop,1728,West Bahr Ghazal,2019,93.23657142857142,58.0,99.942,0.6516551925731008,-1.1267739481034653,28,0.03571428571428571
wsi_crop,1728,West Bahr Ghazal,2020,91.41996428571429,65.293,99.527,0.1915066195841891,-0.29986737850514,28,0.0
wsi_crop,1728,West Bahr Ghazal,2021,88.58603571428571,34.619,99.923,0.03419854380622611,-2.248549787102086,28,0.03571428571428571
wsi_crop,1728,West Bahr Ghazal,2022,90.42835714285715,59.0,99.847,0.06729163835252372,-0.8431105765529425,28,0.0
wsi_crop,1728,West Bahr Ghazal,2023,90.97414285714285,58.0,99.701,0.09465055899806576,-1.1267739481034653,28,0.03571428571428571
wsi_crop,1728,West Bahr Ghazal,2024,85.30178571428571,62.0,98.797,-0.8022751729365447,-3.716814781396001,28,0.35714285714285715
wsi_crop,1728,West Bahr Ghazal,2025,89.13442857142857,61.567,98.467,-0.9069592292042812,-3.243670610708313,28,0.42857142857142855
wsi_crop,1728,West Bahr Ghazal,2026,90.96958333333333,59.0,99.125,0.012712838190104258,-0.8431105765529425,12,0.0
wsi_crop,1729,W.Equatoria,1991,97.55572727272727,79.0,99.981,0.8821315980431944,0.69269250492878,33,0.0
wsi_crop,1729,W.Equatoria,1992,88.38260606060607,21.261,98.13,-0.0410269172259001,-1.8113456978286466,33,0.09090909090909091
wsi_crop,1729,W.Equatoria,1993,95.98366666666668,66.0,99.955,0.6064158165123137,-0.238597717327657,33,0.0
wsi_crop,1729,W.Equatoria,1994,81.70027272727272,32.0,95.918,-1.9530821529791949,-3.1551099484783016,33,0.8484848484848485
wsi_crop,1729,W.Equatoria,1995,91.56618181818182,42.615,98.869,0.24854639059906025,-1.4546931720709009,33,0.09090909090909091
wsi_crop,1729,W.Equatoria,1996,95.06675757575758,61.0,99.711,0.5301098132110317,-0.37970530797204766,33,0.0
wsi_crop,1729,W.Equatoria,1997,88.8879393939394,15.804,97.66,-0.006633414107765981,-1.8503763753890043,33,0.06060606060606061
wsi_crop,1729,W.Equatoria,1998,92.23645454545454,29.0,98.552,0.4334503201814544,-0.9461253457658076,33,0.0
wsi_crop,1729,W.Equatoria,1999,91.13627272727273,64.547,99.0,-0.19919205171442333,-1.8350320721129436,33,0.030303030303030304
wsi_crop,1729,W.Equatoria,2000,84.09075757575758,20.779,96.414,-0.8633152249015342,-2.6276868535602107,33,0.15151515151515152
wsi_crop,1729,W.Equatoria,2001,95.17221212121213,40.0,99.945,0.7251383447312771,-0.5307532427466726,33,0.0
wsi_crop,1729,W.Equatoria,2002,94.47906060606061,36.0,99.782,0.5934258889720228,-0.6817976438445399,33,0.0
wsi_crop,1729,W.Equatoria,2003,96.16524242424242,77.478,99.0,0.7223854339560407,0.16337631664245278,33,0.0
wsi_crop,1729,W.Equatoria,2004,90.9030909090909,42.0,97.622,0.10317154888576487,-1.3555796973683392,33,0.06060606060606061
wsi_crop,1729,W.Equatoria,2005,88.74618181818181,64.679,96.118,-0.9211762507422262,-2.553956471640274,33,0.30303030303030304
wsi_crop,1729,W.Equatoria,2006,92.78990909090909,28.0,98.887,0.3208556306190433,-2.264937541071006,33,0.06060606060606061
wsi_crop,1729,W.Equatoria,2007,84.66845454545455,51.693,96.797,-1.5733544098512904,-2.683953070075143,33,0.8181818181818182
wsi_crop,1729,W.Equatoria,2008,93.07936363636364,53.535,98.884,0.15996043004990176,-1.162238103970275,33,0.09090909090909091
wsi_crop,1729,W.Equatoria,2009,88.60472727272727,60.499,96.326,-0.8095881482076227,-2.379250366945534,33,0.21212121212121213
wsi_crop,1729,W.Equatoria,2010,96.32842424242425,75.172,100.0,0.593520007500732,-0.5616664395319338,33,0.0
wsi_crop,1729,W.Equatoria,2011,87.59257575757576,29.949,96.655,-0.6005161735931815,-2.2276735801788683,33,0.030303030303030304
wsi_crop,1729,W.Equatoria,2012,89.23324242424243,41.074,97.412,-0.391037718214323,-1.408011779545393,33,0.030303030303030304
wsi_crop,1729,W.Equatoria,2013,96.1109696969697,35.0,99.98,0.8162422721303407,-0.7195587441190067,33,0.0
wsi_crop,1729,W.Equatoria,2014,95.24345454545455,31.0,99.825,0.6271494348165438,-0.870603145216874,33,0.0
wsi_crop,1729,W.Equatoria,2015,96.88396969696969,75.385,99.942,0.646913926249653,-0.28267535046395503,33,0.0
wsi_crop,1729,W.Equatoria,2016,95.13693939393939,31.0,99.998,0.4457507012144289,-1.2471755407135807,33,0.12121212121212122
wsi_crop,1729,W.Equatoria,2017,90.47948484848484,37.0,98.409,-0.00403542279746381,-1.6159497970766683,33,0.06060606060606061
wsi_crop,1729,W.Equatoria,2018,97.40478787878789,73.565,99.987,0.6406614913368995,-0.8210732854173931,33,0.0
wsi_crop,1729,W.Equatoria,2019,91.63993939393939,54.185,98.04,0.017842485183035103,-1.1704520214362062,33,0.030303030303030304
wsi_crop,1729,W.Equatoria,2020,93.50457575757575,29.0,99.31,0.5721690991984808,-0.9461253457658076,33,0.0
wsi_crop,1729,W.Equatoria,2021,88.4089696969697,21.768,97.799,-0.15680766021111833,-1.6532597542371545,33,0.06060606060606061
wsi_crop,1729,W.Equatoria,2022,88.04387878787878,29.0,95.209,-0.9354926255307164,-1.6175337557448215,33,0.5757575757575758
wsi_crop,1729,W.Equatoria,2023,93.8459393939394,20.0,99.584,0.6305015158523467,-1.285975248236009,33,0.030303030303030304
wsi_crop,1729,W.Equatoria,2024,82.32436363636364,50.05,91.685,-2.297928941210618,-3.5539674790340716,33,0.7878787878787878
wsi_crop,1729,W.Equatoria,2025,91.07272727272728,30.0,98.598,0.1758021100701007,-0.9685465506708397,33,0.0
wsi_crop,1729,W.Equatoria,2026,92.12364705882354,44.542,99.562,0.506730242066595,-0.726082202160157,17,0.0
wsi_crop,2242,Upper Nile,1991,69.17484848484848,1.905,100.0,-0.8805888396851224,-2.3973416383992348,33,0.5454545454545454
wsi_crop,2242,Upper Nile,1992,70.70369696969698,2.043,99.025,-0.62706963112152,-1.719295783566944,33,0.2727272727272727
wsi_crop,2242,Upper Nile,1993,76.63666666666667,3.103,100.0,0.43535742277761136,-1.0662137395873743,33,0.030303030303030304
wsi_crop,2242,Upper Nile,1994,74.95369696969698,3.509,99.934,0.4615553432567428,-0.7596095027767155,33,0.0
wsi_crop,2242,Upper Nile,1995,73.15257575757575,2.483,99.987,-0.08727837352038742,-1.50090081218511,33,0.06060606060606061
wsi_crop,2242,Upper Nile,1996,74.57712121212121,2.819,100.0,0.061861978269984894,-1.1324004124564993,33,0.06060606060606061
wsi_crop,2242,Upper Nile,1997,77.06875757575759,2.284,100.0,0.46189849622569934,-0.8310005784783705,33,0.0
wsi_crop,2242,Upper Nile,1998,74.36736363636363,3.526,99.753,0.3979497626695655,-1.3271667916438459,33,0.09090909090909091
wsi_crop,2242,Upper Nile,1999,77.19575757575758,3.388,99.843,0.7754902781234847,-1.2621114100940931,33,0.030303030303030304
wsi_crop,2242,Upper Nile,2000,77.73715151515151,4.776,100.0,0.8276364460371911,-1.5012579908965702,33,0.030303030303030304
wsi_crop,2242,Upper Nile,2001,73.21312121212121,3.483,99.906,0.35116415509361815,-2.031097203445035,33,0.030303030303030304
wsi_crop,2242,Upper Nile,2002,65.55496969696969,2.345,99.249,-0.8587033075412845,-4.913066165317808,33,0.24242424242424243
wsi_crop,2242,Upper Nile,2003,71.61809090909091,3.267,99.662,0.008153252003314498,-2.678304741968747,33,0.06060606060606061
wsi_crop,2242,Upper Nile,2004,66.59381818181818,3.043,99.429,-1.3942701572829934,-5.293826751786081,33,0.45454545454545453
wsi_crop,2242,Upper Nile,2005,67.17833333333334,1.828,99.83,-0.6356220363929137,-2.403958993628545,33,0.30303030303030304
wsi_crop,2242,Upper Nile,2006,69.7279090909091,2.353,99.792,-0.12369108470125062,-2.6170697208873244,33,0.09090909090909091
wsi_crop,2242,Upper Nile,2007,75.93933333333334,3.431,100.0,0.4777127515156845,-1.1956858278089808,33,0.030303030303030304
wsi_crop,2242,Upper Nile,2008,74.22921212121211,3.552,100.0,0.2205355945703215,-1.0990928814631007,33,0.030303030303030304
wsi_crop,2242,Upper Nile,2009,65.11039393939394,2.155,100.0,-1.117150948865832,-2.8346411046915616,33,0.5151515151515151
wsi_crop,2242,Upper Nile,2010,69.38300000000001,2.078,99.971,-0.3301904596066476,-2.2896797928111545,33,0.2727272727272727
wsi_crop,2242,Upper Nile,2011,74.00678787878789,3.336,99.647,0.2504464575314382,-0.8628017371161937,33,0.0
wsi_crop,2242,Upper Nile,2012,75.79172727272727,3.362,99.979,0.6226362944227727,-1.3156358041411214,33,0.030303030303030304
wsi_crop,2242,Upper Nile,2013,71.2090606060606,4.353,99.939,-0.1887070163528361,-4.356568790502653,33,0.24242424242424243
wsi_crop,2242,Upper Nile,2014,77.42327272727272,3.224,100.0,0.5041139384486001,-0.26992214878074217,33,0.0
wsi_crop,2242,Upper Nile,2015,75.91530303030302,3.397,99.783,0.29691039194997465,-0.879867672747358,33,0.0
wsi_crop,2242,Upper Nile,2016,75.33081818181817,2.31,100.0,0.1698835050612504,-0.7937470442355541,33,0.0
wsi_crop,2242,Upper Nile,2017,74.23136363636364,2.319,99.995,0.16520804167126482,-0.7808515900745795,33,0.0
wsi_crop,2242,Upper Nile,2018,75.96772727272727,2.233,99.967,0.3395103575950161,-0.9040748187238937,33,0.0
wsi_crop,2242,Upper Nile,2019,77.51836363636363,2.44,100.0,0.5927605286697561,-0.6074793730214744,33,0.0
wsi_crop,2242,Upper Nile,2020,74.63872727272727,3.379,100.0,0.13513947862848483,-0.7389824648487303,33,0.0
wsi_crop,2242,Upper Nile,2021,71.32645454545455,2.207,99.97,-0.10464384180202028,-1.6403171336977989,33,0.030303030303030304
wsi_crop,2242,Upper Nile,2022,74.77248484848485,2.293,100.0,0.15423603795912774,-1.6224677536386651,33,0.030303030303030304
wsi_crop,2242,Upper Nile,2023,65.90551515151515,2.362,98.964,-0.8702546427671886,-2.8995429737246843,33,0.45454545454545453
wsi_crop,2242,Upper Nile,2024,70.63166666666666,3.0,99.84,-0.20347078920619016,-3.9511812792955947,33,0.12121212121212122
wsi_crop,2242,Upper Nile,2025,72.79730303030304,2.293,99.429,-0.279003176469601,-3.279572159026458,33,0.21212121212121213
wsi_crop,2242,Upper Nile,2026,68.23923529411765,3.224,99.998,-0.018472637438193412,-2.7887616047323918,17,0.11764705882352941
wsi_range,558,Jonglei,1991,83.8753611111111,2.738,99.877,0.23466409978651326,-2.3755151297622326,36,0.05555555555555555
wsi_range,558,Jonglei,1992,82.88077777777778,1.793,98.648,0.04644221588750978,-2.741272747279929,36,0.027777777777777776
wsi_range,558,Jonglei,1993,81.43794444444444,1.761,98.351,-0.48554846723144635,-2.3710471786091603,36,0.3333333333333333
wsi_range,558,Jonglei,1994,85.3805,1.631,99.704,0.4032494527850115,-2.2780129832901523,36,0.05555555555555555
wsi_range,558,Jonglei,1995,85.76613888888889,1.579,99.694,0.5317568351972207,-1.6391191693391494,36,0.027777777777777776
wsi_range,558,Jonglei,1996,86.32975,5.971,99.955,0.5577853116268097,-0.49188719587188773,36,0.0
wsi_range,558,Jonglei,1997,81.06838888888889,1.291,99.846,-0.48486996240715846,-1.9755040960501293,36,0.25
wsi_range,558,Jonglei,1998,84.87191666666666,3.456,99.361,0.349321963975543,-0.9451733735536811,36,0.0
wsi_range,558,Jonglei,1999,85.89416666666666,10.168,99.37,0.5299233150577269,-0.14411998141378324,36,0.0
wsi_range,558,Jonglei,2000,81.73438888888889,3.589,97.627,-0.2840756811424146,-2.666696541369456,36,0.027777777777777776
wsi_range,558,Jonglei,2001,85.42294444444445,1.298,99.935,0.3460353079897456,-0.7770269651707077,36,0.0
wsi_range,558,Jonglei,2002,76.85388888888889,1.343,99.929,-1.4043678615403234,-3.5619374418916854,36,0.6388888888888888
wsi_range,558,Jonglei,2003,84.04936111111111,1.372,98.982,0.06935080658049997,-1.1144160619497585,36,0.1111111111111111
wsi_range,558,Jonglei,2004,82.26261111111111,2.269,98.574,-0.16570398454574123,-1.464331369160954,36,0.1111111111111111
wsi_range,558,Jonglei,2005,81.22755555555555,0.977,99.931,-0.48308752461619764,-2.8485673466263424,36,0.2222222222222222
wsi_range,558,Jonglei,2006,82.40627777777779,1.262,98.659,-0.15697785184289376,-2.4435731051238765,36,0.19444444444444445
wsi_range,558,Jonglei,2007,85.08136111111111,1.906,99.792,0.25433999245398936,-0.6307655069359065,36,0.0
wsi_range,558,Jonglei,2008,83.91777777777777,1.906,99.573,0.049825846501206215,-0.6509755195293423,36,0.0
wsi_range,558,Jonglei,2009,74.11083333333333,2.375,99.912,-2.20579284197644,-4.098215100423676,36,0.75
wsi_range,558,Jonglei,2010,82.64422222222223,10.683,99.916,-0.1331847252903161,-3.3049177438207122,36,0.19444444444444445
wsi_range,558,Jonglei,2011,83.39150000000001,1.537,97.586,-0.04332898449637049,-4.348956862973655,36,0.08333333333333333
wsi_range,558,Jonglei,2012,83.48541666666667,1.11,99.449,0.2857265025205,-3.1984639595674516,36,0.05555555555555555
wsi_range,558,Jonglei,2013,84.09633333333333,1.362,98.917,0.31379771889287,-1.2703329827711691,36,0.05555555555555555
wsi_range,558,Jonglei,2014,87.41827777777777,18.974,99.776,0.7665381348070756,-0.047203854627935596,36,0.0
wsi_range,558,Jonglei,2015,82.50908333333334,1.061,99.239,0.03694758948140385,-2.9865974440189205,36,0.05555555555555555
wsi_range,558,Jonglei,2016,81.78519444444444,4.34,99.669,-0.26195824161268577,-2.0871657544498152,36,0.2222222222222222
wsi_range,558,Jonglei,2017,82.62916666666666,12.165,99.835,-0.04645676000056767,-2.65841561478067,36,0.1388888888888889
wsi_range,558,Jonglei,2018,84.3698611111111,3.702,99.978,0.08197267974401813,-0.9694274294136179,36,0.0
wsi_range,558,Jonglei,2019,85.83525,11.113,99.214,0.5394729376829144,-0.8269758333015731,36,0.0
wsi_range,558,Jonglei,2020,88.28425,7.916,99.946,0.950745168440722,0.3947191935070195,36,0.0
wsi_range,558,Jonglei,2021,82.1236111111111,3.453,98.393,-0.21916824875683905,-1.0467396144500514,36,0.05555555555555555
wsi_range,558,Jonglei,2022,84.07955555555556,1.961,98.206,0.18877946847397806,-0.9919056525259545,36,0.0
wsi_range,558,Jonglei,2023,80.69627777777777,1.042,99.947,-0.7144538342063637,-3.1536326479289687,36,0.4166666666666667
wsi_range,558,Jonglei,2024,83.187,4.33,98.051,-0.07548948101630631,-2.9070531943063647,36,0.05555555555555555
wsi_range,558,Jonglei,2025,85.40686111111111,4.443,99.224,0.34341401864296695,-0.09142220800355862,36,0.0
wsi_range,558,Jonglei,2026,79.40105,4.479,99.984,0.5118751514769144,-0.7884242924355777,20,0.0
wsi_range,599,El Buheyrat,1991,88.15480555555555,53.48,99.723,0.695462789612555,-0.09482840722037846,36,0.0
wsi_range,599,El Buheyrat,1992,83.30111111111111,2.661,99.341,0.3476435396427262,-1.117151845252839,36,0.1111111111111111
wsi_range,599,El Buheyrat,1993,88.0788888888889,42.156,99.539,0.44635809281598576,-0.5779465923970442,36,0.0
wsi_range,599,El Buheyrat,1994,81.58419444444445,9.746,98.658,0.048318467325131856,-1.3287083231205943,36,0.05555555555555555
wsi_range,599,El Buheyrat,1995,85.58008333333333,4.581,99.716,0.6503104393891492,-1.1771462177173777,36,0.05555555555555555
wsi_range,599,El Buheyrat,1996,88.39147222222222,31.883,99.856,0.593450260571779,-0.6007534904016315,36,0.0
wsi_range,599,El Buheyrat,1997,84.28175,4.942,99.465,0.20240800094705433,-1.07264176254645,36,0.05555555555555555
wsi_range,599,El Buheyrat,1998,82.03216666666667,9.179,98.928,0.3345012190680152,-1.9685335293951964,36,0.027777777777777776
wsi_range,599,El Buheyrat,1999,83.76633333333334,30.907,99.067,0.34668465115187896,-1.069203742524186,36,0.05555555555555555
wsi_range,599,El Buheyrat,2000,81.67622222222222,5.102,99.101,0.2167502144424314,-1.7657145197080497,36,0.08333333333333333
wsi_range,599,El Buheyrat,2001,86.15033333333332,16.714,99.799,0.6364250449041626,-0.7021982938129161,36,0.0
wsi_range,599,El Buheyrat,2002,80.30805555555555,28.897,94.718,-1.5059584204472558,-3.1751261468179783,36,0.6944444444444444
wsi_range,599,El Buheyrat,2003,85.51861111111111,28.256,99.407,0.45305514331427943,-1.5657977544779678,36,0.1388888888888889
wsi_range,599,El Buheyrat,2004,82.2585,11.609,98.294,-0.06328160381489403,-1.6142623684958435,36,0.25
wsi_range,599,El Buheyrat,2005,78.93130555555555,14.065,98.402,-0.7067031632401732,-2.513951235530008,36,0.3888888888888889
wsi_range,599,El Buheyrat,2006,84.52024999999999,26.222,99.268,-0.057622828135934855,-1.6657244866107828,36,0.16666666666666666
wsi_range,599,El Buheyrat,2007,80.73124999999999,28.106,98.562,-0.38093102281403307,-2.0809687727145336,36,0.25
wsi_range,599,El Buheyrat,2008,85.39075,21.849,98.752,-0.10393664557212016,-1.2752096209753705,36,0.1388888888888889
wsi_range,599,El Buheyrat,2009,79.01294444444444,34.843,97.028,-1.6423088499596459,-3.4874173416276424,36,0.6666666666666666
wsi_range,599,El Buheyrat,2010,86.09788888888889,44.175,99.135,0.09904202660080602,-2.209710940189497,36,0.1388888888888889
wsi_range,599,El Buheyrat,2011,75.00519444444444,5.015,95.809,-1.574547825293067,-4.7345650230584235,36,0.5833333333333334
wsi_range,599,El Buheyrat,2012,82.01547222222221,10.631,99.045,0.03514472648750487,-2.012422024318011,36,0.05555555555555555
wsi_range,599,El Buheyrat,2013,87.5866388888889,35.211,99.541,0.41875184759091333,-0.4390031591731829,36,0.0
wsi_range,599,El Buheyrat,2014,89.26466666666666,32.499,99.844,0.6050155318293217,-0.4460656013786805,36,0.0
wsi_range,599,El Buheyrat,2015,89.03788888888889,38.348,98.996,0.4396453611468627,0.08892512638478395,36,0.0
wsi_range,599,El Buheyrat,2016,89.21616666666667,29.856,99.967,0.20531131661693583,-1.9778152550497787,36,0.16666666666666666
wsi_range,599,El Buheyrat,2017,83.51458333333333,8.698,99.421,-0.15197119551594104,-2.585765482188984,36,0.1388888888888889
wsi_range,599,El Buheyrat,2018,89.87366666666668,51.252,99.759,0.26812088468491285,-1.391081067910073,36,0.25
wsi_range,599,El Buheyrat,2019,82.08475,9.908,98.343,-0.17035216481548673,-1.5993815043389348,36,0.08333333333333333
wsi_range,599,El Buheyrat,2020,87.22602777777779,31.032,99.546,0.5092257557403838,-0.5852495979359298,36,0.0
wsi_range,599,El Buheyrat,2021,83.09658333333333,6.993,99.123,0.12802204886941126,-1.0766403757215581,36,0.027777777777777776
wsi_range,599,El Buheyrat,2022,80.4443888888889,19.206,96.269,-0.8883102563048557,-2.060109114944876,36,0.4444444444444444
wsi_range,599,El Buheyrat,2023,86.30216666666666,16.667,98.806,0.37130732247022213,-0.7063296336129186,36,0.0
wsi_range,599,El Buheyrat,2024,80.01338888888888,18.411,95.825,-0.9320278598343842,-3.0725429772965636,36,0.5
wsi_range,599,El Buheyrat,2025,83.35091666666666,9.079,98.692,0.0669566320213246,-0.8908475186036158,36,0.0
wsi_range,599,El Buheyrat,2026,78.96575,8.045,98.716,0.10807293330725616,-1.3927900372673336,20,0.05
wsi_range,622,Unity,1991,86.76103030303031,50.993,99.954,0.5703803168602155,-0.8119601212844798,33,0.0
wsi_range,622,Unity,1992,84.05293939393938,50.645,98.818,0.30983705884803464,-0.9275933073095473,33,0.0
wsi_range,622,Unity,1993,85.95769696969697,54.683,99.53,0.5458931636561688,0.15783343363388125,33,0.0
wsi_range,622,Unity,1994,83.30545454545454,8.378,99.889,0.6385589842944723,-1.2236617384237143,33,0.06060606060606061
wsi_range,622,Unity,1995,85.72845454545454,17.517,99.982,0.8969971362093023,-0.5502810154424773,33,0.0
wsi_range,622,Unity,1996,84.98639393939393,27.744,99.877,0.5765594758048577,-0.34557182965675787,33,0.0
wsi_range,622,Unity,1997,87.25978787878788,51.585,99.964,0.4869296009426068,-0.4231198499637397,33,0.0
wsi_range,622,Unity,1998,83.54639393939394,10.672,99.092,0.5512912717581415,-0.8419305848851822,33,0.0
wsi_range,622,Unity,1999,83.61584848484848,9.698,99.893,0.7538922227905398,-0.9903969577405288,33,0.0
wsi_range,622,Unity,2000,83.54072727272728,6.994,99.541,0.360509790506764,-1.0029020085438813,33,0.030303030303030304
wsi_range,622,Unity,2001,84.76515151515152,41.953,99.771,0.4263188611647995,-0.25103761256087037,33,0.0
wsi_range,622,Unity,2002,72.59072727272728,10.905,93.995,-1.6829182259715616,-2.9716471188722444,33,0.696969696969697
wsi_range,622,Unity,2003,80.15460606060606,21.271,98.227,-0.2647864402775762,-1.466643156730691,33,0.24242424242424243
wsi_range,622,Unity,2004,82.26060606060605,56.866,97.422,-0.3671449090393758,-2.42222834204502,33,0.24242424242424243
wsi_range,622,Unity,2005,79.61536363636364,6.821,99.529,-0.45005958085110553,-2.7578093941592896,33,0.24242424242424243
wsi_range,622,Unity,2006,82.0340606060606,18.375,99.876,0.2293077100998092,-1.2938664919389382,33,0.06060606060606061
wsi_range,622,Unity,2007,83.57551515151516,18.361,99.658,0.10122985020617095,-0.5054136527177713,33,0.0
wsi_range,622,Unity,2008,82.55027272727273,17.969,99.493,-0.3071957430295332,-1.9172355669334098,33,0.21212121212121213
wsi_range,622,Unity,2009,72.30948484848486,16.448,93.922,-2.1155043289269115,-3.4178811293326397,33,0.8484848484848485
wsi_range,622,Unity,2010,81.2780303030303,11.618,99.518,-0.0599013452228674,-2.337669407984604,33,0.21212121212121213
wsi_range,622,Unity,2011,77.91757575757576,7.995,98.484,-0.22083839839730163,-2.366682881593455,33,0.12121212121212122
wsi_range,622,Unity,2012,83.46403030303031,6.162,99.892,0.31832011985924513,-1.039315337658628,33,0.030303030303030304
wsi_range,622,Unity,2013,81.60266666666666,17.752,99.875,0.06857008598387405,-1.2940443756049396,33,0.12121212121212122
wsi_range,622,Unity,2014,87.17699999999999,48.162,99.998,0.5345643725480277,-0.7208015570275171,33,0.0
wsi_range,622,Unity,2015,80.52639393939394,40.656,97.491,-0.27002817128837353,-1.4428238425729731,33,0.06060606060606061
wsi_range,622,Unity,2016,84.82206060606062,40.742,99.941,0.2050335057313165,-1.37378647443164,33,0.15151515151515152
wsi_range,622,Unity,2017,79.98284848484849,10.664,99.716,-0.2690090697333831,-1.8401714511735243,33,0.3333333333333333
wsi_range,622,Unity,2018,81.82918181818181,35.122,99.414,-0.1891334174586367,-1.218349409110552,33,0.21212121212121213
wsi_range,622,Unity,2019,83.50181818181818,22.452,99.704,0.29634301147005127,-0.9462299852601904,33,0.0
wsi_range,622,Unity,2020,84.35218181818182,25.872,99.605,0.4542540259713815,-0.17668707221192864,33,0.0
wsi_range,622,Unity,2021,82.8649696969697,13.258,99.91,0.3713669269073057,-1.3191421270806638,33,0.030303030303030304
wsi_range,622,Unity,2022,77.96951515151515,19.17,95.106,-1.1582089540795473,-2.455370773928539,33,0.5151515151515151
wsi_range,622,Unity,2023,79.00663636363636,13.181,97.318,-0.4861428678224395,-1.8835640666644295,33,0.09090909090909091
wsi_range,622,Unity,2024,78.61145454545454,28.286,97.475,-0.3642786356581293,-2.820535475056625,33,0.09090909090909091
wsi_range,622,Unity,2025,81.70184848484848,53.641,96.293,-0.6492479352210678,-1.4901058068493414,33,0.42424242424242425
wsi_range,622,Unity,2026,77.754,53.141,98.074,0.3071727961785571,-0.21788076598329345,17,0.0
wsi_range,623,C. Equatoria,1991,89.09939999999999,5.472,98.602,0.5745548106032907,-1.2406671092203605,35,0.02857142857142857
wsi_range,623,C. Equatoria,1992,81.4046857142857,5.862,97.503,0.01044813030612097,-1.7871487254542096,35,0.08571428571428572
wsi_range,623,C. Equatoria,1993,88.01994285714285,34.104,97.984,0.17499879299355856,-1.0769677008858094,35,0.08571428571428572
wsi_range,623,C. Equatoria,1994,81.66834285714285,9.85,97.202,-0.048280208139736915,-1.3555275145536314,35,0.02857142857142857
wsi_range,623,C. Equatoria,1995,83.05185714285714,18.003,97.248,0.11084940415861759,-1.3074399847780014,35,0.05714285714285714
wsi_range,623,C. Equatoria,1996,88.6326,24.174,98.96,0.7408125264006571,-0.20645219777238347,35,0.0
wsi_range,623,C. Equatoria,1997,79.39697142857143,6.727,94.215,-0.6272971026033483,-1.7383531540636785,35,0.4857142857142857
wsi_range,623,C. Equatoria,1998,86.78185714285715,26.887,97.58,0.4477274489353988,-0.9018815738748207,35,0.0
wsi_range,623,C. Equatoria,1999,88.28574285714286,22.713,98.381,0.5324210854590508,-0.28724505338277234,35,0.0
wsi_range,623,C. Equatoria,2000,79.44794285714285,21.403,95.679,-0.5392507711802697,-1.5522455767272056,35,0.08571428571428572
wsi_range,623,C. Equatoria,2001,89.17728571428572,28.255,99.114,0.8007394487995408,-0.8444797537624268,35,0.0
wsi_range,623,C. Equatoria,2002,89.75562857142857,15.727,98.362,0.7674307707439016,-1.0032998481523472,35,0.02857142857142857
wsi_range,623,C. Equatoria,2003,88.44994285714286,11.479,98.093,0.5864954529505886,-0.9084818363582069,35,0.0
wsi_range,623,C. Equatoria,2004,86.24165714285715,22.788,97.442,0.30621484331185683,-0.684205546240506,35,0.0
wsi_range,623,C. Equatoria,2005,80.08334285714285,11.903,95.551,-0.8468797141089419,-2.2501023227841372,35,0.3142857142857143
wsi_range,623,C. Equatoria,2006,85.70802857142857,5.283,97.286,-0.017528916337203663,-2.0142457595406484,35,0.14285714285714285
wsi_range,623,C. Equatoria,2007,76.01511428571429,28.372,92.379,-1.680886832339794,-3.317188860387352,35,0.8
wsi_range,623,C. Equatoria,2008,78.91657142857143,31.496,91.829,-1.2924960663797234,-2.5553475047001264,35,0.6571428571428571
wsi_range,623,C. Equatoria,2009,75.63148571428572,30.537,92.599,-1.976953138588789,-3.959256307160692,35,0.6571428571428571
wsi_range,623,C. Equatoria,2010,89.11942857142857,40.069,99.456,0.3061047892703831,-3.596448788711005,35,0.08571428571428572
wsi_range,623,C. Equatoria,2011,81.05902857142857,13.768,96.892,-0.12872615897881073,-1.6148215255369944,35,0.08571428571428572
wsi_range,623,C. Equatoria,2012,82.68674285714286,10.893,97.026,0.024926275947431766,-1.80325418383026,35,0.02857142857142857
wsi_range,623,C. Equatoria,2013,90.49008571428573,16.157,98.931,0.9143582226776975,-0.6497898592566328,35,0.0
wsi_range,623,C. Equatoria,2014,89.75445714285713,23.517,98.961,0.8249987869368399,-0.969521730323051,35,0.0
wsi_range,623,C. Equatoria,2015,87.57777142857144,40.019,97.294,0.30994999468339385,-0.5547164608373081,35,0.0
wsi_range,623,C. Equatoria,2016,88.83808571428571,23.788,99.212,0.428535208391339,-1.1302958558332201,35,0.02857142857142857
wsi_range,623,C. Equatoria,2017,79.3914,44.574,94.5,-1.136047298716824,-3.635841050604707,35,0.45714285714285713
wsi_range,623,C. Equatoria,2018,91.91908571428571,16.679,99.91,0.7510807282091122,-0.6650810529626203,35,0.0
wsi_range,623,C. Equatoria,2019,82.52537142857143,18.352,96.793,-0.09598972254187042,-1.6739276798621103,35,0.08571428571428572
wsi_range,623,C. Equatoria,2020,88.59794285714285,39.473,98.35,0.6759251238953292,-0.23411093935594404,35,0.0
wsi_range,623,C. Equatoria,2021,82.06859999999999,13.919,96.654,-0.1643273633975069,-1.4688048226761674,35,0.05714285714285714
wsi_range,623,C. Equatoria,2022,82.04237142857143,10.35,95.841,-0.2503361226768946,-0.9709151929524088,35,0.0
wsi_range,623,C. Equatoria,2023,84.13748571428572,6.297,94.749,-0.15693391849846913,-1.1950448601590526,35,0.08571428571428572
wsi_range,623,C. Equatoria,2024,82.64151428571428,34.174,93.962,-0.6038020456097211,-1.9221802648763042,35,0.37142857142857144
wsi_range,623,C. Equatoria,2025,82.45800000000001,17.674,97.506,0.06171148037099679,-1.238152177954298,35,0.05714285714285714
wsi_range,623,C. Equatoria,2026,84.7751052631579,44.466,98.667,0.39688536457093687,-1.68278934523482,19,0.10526315789473684
wsi_range,1721,East Equatoria,1991,81.05122222222222,24.73,97.251,0.7560536480439812,-0.9100143132197342,36,0.0
wsi_range,1721,East Equatoria,1992,69.32875,8.556,88.548,-0.27751277922960865,-2.113788012082885,36,0.1388888888888889
wsi_range,1721,East Equatoria,1993,65.04605555555555,33.486,89.781,-0.9576191052667582,-2.656413201313441,36,0.5
wsi_range,1721,East Equatoria,1994,76.96572222222223,13.811,96.583,0.5188117906542795,-2.279918608400123,36,0.19444444444444445
wsi_range,1721,East Equatoria,1995,71.72016666666667,30.688,91.402,-0.23212884993614435,-2.088133506583985,36,0.05555555555555555
wsi_range,1721,East Equatoria,1996,75.93783333333334,26.987,99.258,0.20421082373836713,-0.5939869865389377,36,0.0
wsi_range,1721,East Equatoria,1997,64.86261111111111,15.875,97.551,-0.8647373163801801,-2.5844662715203057,36,0.4444444444444444
wsi_range,1721,East Equatoria,1998,74.73849999999999,47.254,90.512,0.09796039275056727,-1.3093155109719834,36,0.05555555555555555
wsi_range,1721,East Equatoria,1999,73.00341666666667,15.983,97.317,-0.2544628142338756,-1.4042210551967298,36,0.1111111111111111
wsi_range,1721,East Equatoria,2000,61.82763888888889,13.84,79.947,-1.168263537086711,-1.992510040586984,36,0.6111111111111112
wsi_range,1721,East Equatoria,2001,76.47783333333334,23.203,99.493,0.24722059726943815,-1.0306972077138938,36,0.05555555555555555
wsi_range,1721,East Equatoria,2002,69.61211111111112,26.162,92.7,-0.6446292818469106,-2.121952670185184,36,0.3888888888888889
wsi_range,1721,East Equatoria,2003,78.57913888888889,33.011,96.431,0.5189960718571718,-0.44921864330914957,36,0.0
wsi_range,1721,East Equatoria,2004,68.89536111111111,29.048,93.614,-0.4896339489958229,-1.7155438844918955,36,0.16666666666666666
wsi_range,1721,East Equatoria,2005,70.5856388888889,30.345,96.945,-0.4063478609921618,-1.9622269081293826,36,0.19444444444444445
wsi_range,1721,East Equatoria,2006,76.44786111111111,16.332,98.669,0.2894410059546475,-1.3962712423489603,36,0.1388888888888889
wsi_range,1721,East Equatoria,2007,76.622,30.725,91.141,0.3805019253067505,-2.360269778552044,36,0.027777777777777776
wsi_range,1721,East Equatoria,2008,67.88863888888889,14.821,93.746,-0.6774043231631753,-2.26337075427268,36,0.3611111111111111
wsi_range,1721,East Equatoria,2009,62.80252777777778,18.434,96.067,-1.2316470876235013,-2.78222570903327,36,0.6111111111111112
wsi_range,1721,East Equatoria,2010,77.75297222222223,27.62,99.435,0.305905009408625,-1.7075827181867957,36,0.05555555555555555
wsi_range,1721,East Equatoria,2011,73.205,16.307,91.546,0.08599694844942923,-1.5725658875149005,36,0.25
wsi_range,1721,East Equatoria,2012,80.06544444444445,21.647,96.851,0.9268888628725149,-3.069035461443054,36,0.05555555555555555
wsi_range,1721,East Equatoria,2013,79.97383333333333,36.936,98.941,0.6618299281456729,-0.3275110724099489,36,0.0
wsi_range,1721,East Equatoria,2014,76.76313888888889,26.533,98.953,0.24856354778337664,-1.4331811021106193,36,0.027777777777777776
wsi_range,1721,East Equatoria,2015,73.61608333333334,29.334,97.205,0.10782654806662342,-2.038489957750324,36,0.05555555555555555
wsi_range,1721,East Equatoria,2016,74.08319444444444,39.043,95.612,-0.056631679607333583,-1.3187127948125152,36,0.19444444444444445
wsi_range,1721,East Equatoria,2017,67.72994444444446,16.221,88.954,-0.599654298079743,-2.619091266212506,36,0.4166666666666667
wsi_range,1721,East Equatoria,2018,79.92211111111111,23.695,99.871,0.5055373732105247,-0.7327721931803931,36,0.0
wsi_range,1721,East Equatoria,2019,74.15355555555556,16.512,92.112,0.34279544747971946,-1.8196266067745095,36,0.1111111111111111
wsi_range,1721,East Equatoria,2020,87.58666666666666,53.319,99.731,1.3915307693234031,0.5053602207722253,36,0.0
wsi_range,1721,East Equatoria,2021,71.15138888888889,17.048,90.566,-0.20087603263958478,-1.111975659184762,36,0.027777777777777776
wsi_range,1721,East Equatoria,2022,69.3386111111111,19.183,87.875,-0.36882132386222927,-1.5444434346338443,36,0.08333333333333333
wsi_range,1721,East Equatoria,2023,69.88680555555555,20.466,99.704,-0.5851390911455356,-2.227904077321425,36,0.3888888888888889
wsi_range,1721,East Equatoria,2024,78.99266666666666,41.417,98.025,0.5706585307544896,-0.5990934053372579,36,0.0
wsi_range,1721,East Equatoria,2025,79.01602777777777,13.955,97.24,0.6408393345457173,-1.300051988715094,36,0.05555555555555555
wsi_range,1721,East Equatoria,2026,74.81735,26.801,99.874,0.38509339405316023,-1.2975454437151939,20,0.1
wsi_range,1726,North Bahr Ghaza,1991,78.41874999999999,4.223,99.879,0.20499177907642666,-0.9799711977794481,36,0.0
wsi_range,1726,North Bahr Ghaza,1992,74.94794444444445,5.804,99.223,0.006442175449096404,-1.1418582148233043,36,0.027777777777777776
wsi_range,1726,North Bahr Ghaza,1993,79.00902777777777,6.037,99.318,0.438619953756867,-0.37963157048097695,36,0.0
wsi_range,1726,North Bahr Ghaza,1994,74.92997222222222,7.343,99.655,0.6873508594126816,-1.372559932795657,36,0.05555555555555555
wsi_range,1726,North Bahr Ghaza,1995,79.21980555555555,10.051,99.954,0.9189352473550332,-0.7684440199297825,36,0.0
wsi_range,1726,North Bahr Ghaza,1996,79.86952777777778,6.997,99.657,0.6578958902140883,-0.23406886170119937,36,0.0
wsi_range,1726,North Bahr Ghaza,1997,81.59102777777778,6.042,99.966,0.8573317438051544,-0.24860113036616868,36,0.0
wsi_range,1726,North Bahr Ghaza,1998,74.79280555555556,9.145,99.021,0.551169210449432,-1.164531098185096,36,0.05555555555555555
wsi_range,1726,North Bahr Ghaza,1999,73.16719444444445,6.333,99.469,0.4427153465090258,-1.997358309466368,36,0.1111111111111111
wsi_range,1726,North Bahr Ghaza,2000,75.32958333333333,3.0,99.651,0.3723281691067041,-1.293156440343655,36,0.05555555555555555
wsi_range,1726,North Bahr Ghaza,2001,74.15508333333334,4.098,99.105,-0.25110076347842525,-1.6859085634886675,36,0.1111111111111111
wsi_range,1726,North Bahr Ghaza,2002,67.512,4.106,94.627,-1.222466720159435,-3.219941214130337,36,0.5277777777777778
wsi_range,1726,North Bahr Ghaza,2003,76.29716666666667,5.0,98.964,0.383524975307451,-1.2175073275834796,36,0.027777777777777776
wsi_range,1726,North Bahr Ghaza,2004,74.63291666666666,6.935,99.006,0.031453569377132236,-1.2370894227953104,36,0.027777777777777776
wsi_range,1726,North Bahr Ghaza,2005,72.80352777777779,5.928,99.351,-0.15078564914684275,-1.7401910136928826,36,0.16666666666666666
wsi_range,1726,North Bahr Ghaza,2006,72.80022222222222,4.015,99.627,-0.1066202344027152,-1.7234570763974681,36,0.2777777777777778
wsi_range,1726,North Bahr Ghaza,2007,77.97375,6.804,99.855,0.21692089457634492,-0.8990408293963998,36,0.0
wsi_range,1726,North Bahr Ghaza,2008,75.63733333333333,4.17,98.805,-0.4622062924773348,-2.1590600349463878,36,0.3333333333333333
wsi_range,1726,North Bahr Ghaza,2009,65.11083333333333,3.124,93.486,-2.309506860271692,-4.101904334076893,36,0.8055555555555556
wsi_range,1726,North Bahr Ghaza,2010,76.59925,5.923,99.0,0.28541799045367466,-1.383391671932341,36,0.027777777777777776
wsi_range,1726,North Bahr Ghaza,2011,71.25447222222222,5.0,98.917,0.20277373339800941,-2.2119510479332605,36,0.1388888888888889
wsi_range,1726,North Bahr Ghaza,2012,72.86655555555555,5.114,98.763,-0.006853621364787319,-1.5957622413304953,36,0.05555555555555555
wsi_range,1726,North Bahr Ghaza,2013,74.4903611111111,7.245,99.652,0.04620229114906589,-1.6814714704698952,36,0.25
wsi_range,1726,North Bahr Ghaza,2014,78.63338888888889,3.247,99.993,0.07136456849680956,-1.5446938246438888,36,0.16666666666666666
wsi_range,1726,North Bahr Ghaza,2015,75.12144444444444,4.154,98.838,0.02536328316069993,-2.171237985019442,36,0.05555555555555555
wsi_range,1726,North Bahr Ghaza,2016,79.82472222222222,8.093,99.283,0.40725898236749,-0.9619660778892147,36,0.0
wsi_range,1726,North Bahr Ghaza,2017,74.72250000000001,3.0,99.576,-0.16269082895962134,-1.293156440343655,36,0.08333333333333333
wsi_range,1726,North Bahr Ghaza,2018,76.3845,4.923,99.452,-0.08259077716280604,-1.0152066888582865,36,0.027777777777777776
wsi_range,1726,North Bahr Ghaza,2019,76.32852777777778,5.0,99.8,0.3510243815969063,-1.2175073275834796,36,0.027777777777777776
wsi_range,1726,North Bahr Ghaza,2020,74.24074999999999,6.898,97.965,-0.03111481380238372,-1.0908296183235962,36,0.027777777777777776
wsi_range,1726,North Bahr Ghaza,2021,74.95861111111111,5.118,99.864,0.03645088706449997,-1.8563760928845925,36,0.05555555555555555
wsi_range,1726,North Bahr Ghaza,2022,74.33266666666667,5.017,99.311,-0.21801476149691987,-1.3136650867991573,36,0.027777777777777776
wsi_range,1726,North Bahr Ghaza,2023,76.54283333333333,5.146,97.579,-0.13637961625637512,-1.0798088157627574,36,0.027777777777777776
wsi_range,1726,North Bahr Ghaza,2024,70.63088888888889,6.213,96.451,-0.49776641696464363,-2.8761622268829434,36,0.3888888888888889
wsi_range,1726,North Bahr Ghaza,2025,68.61711111111111,3.0,93.914,-1.3575646604300813,-2.6407103597550954,36,0.6944444444444444
wsi_range,1726,North Bahr Ghaza,2026,65.9435,4.104,97.022,-0.35977304827538253,-1.5810035822567887,20,0.15
wsi_range,1727,Warab,1991,82.93883333333333,12.409,99.938,0.4581537746869425,-0.6358881335311005,36,0.0
wsi_range,1727,Warab,1992,80.45686111111111,1.814,98.805,0.2367055424103642,-1.0898849033955378,36,0.027777777777777776
wsi_range,1727,Warab,1993,84.44088888888888,17.107,99.428,0.5827780117328355,0.2231997865961012,36,0.0
wsi_range,1727,Warab,1994,80.2821111111111,2.786,99.455,0.43900497979798875,-0.9543980801457443,36,0.0
wsi_range,1727,Warab,1995,83.87444444444445,3.842,99.879,0.7429831451562587,-0.8862044207345688,36,0.0
wsi_range,1727,Warab,1996,85.15741666666666,20.13,99.902,0.5794491829946683,-0.21433480206917224,36,0.0
wsi_range,1727,Warab,1997,83.424,1.814,99.896,0.5692204241510095,-0.809536530067991,36,0.0
wsi_range,1727,Warab,1998,79.64427777777777,2.842,99.276,0.4855378914921503,-2.144055960418972,36,0.027777777777777776
wsi_range,1727,Warab,1999,79.62163888888888,12.935,99.267,0.3814910116884509,-1.38532096505416,36,0.027777777777777776
wsi_range,1727,Warab,2000,80.19936111111112,1.902,99.804,0.37139548880205014,-1.3996850169183386,36,0.05555555555555555
wsi_range,1727,Warab,2001,82.12861111111111,7.051,99.613,0.31061447940038234,-0.4558819109370258,36,0.0
wsi_range,1727,Warab,2002,68.31772222222223,14.195,89.506,-1.803714725355888,-3.4369047035453404,36,0.5833333333333334
wsi_range,1727,Warab,2003,80.61925000000001,10.526,98.474,0.20849916051953055,-0.933277261656872,36,0.0
wsi_range,1727,Warab,2004,76.6821388888889,5.477,98.179,-0.7206769398737504,-3.0514179578076113,36,0.5
wsi_range,1727,Warab,2005,75.11727777777779,7.822,99.413,-0.5212474145895402,-2.8191615177772653,36,0.25
wsi_range,1727,Warab,2006,80.12197222222223,18.326,99.321,-0.0561725783558605,-1.2161725571146196,36,0.08333333333333333
wsi_range,1727,Warab,2007,77.86783333333334,10.093,99.071,-0.14601087398502388,-1.258527533962299,36,0.05555555555555555
wsi_range,1727,Warab,2008,76.65933333333334,4.34,98.632,-1.1356269444603013,-3.227702304864201,36,0.4444444444444444
wsi_range,1727,Warab,2009,69.05258333333333,17.423,95.802,-2.159248561604061,-4.035719930626228,36,0.7777777777777778
wsi_range,1727,Warab,2010,82.24172222222222,14.772,99.538,0.2999123203534035,-1.016518930425595,36,0.027777777777777776
wsi_range,1727,Warab,2011,73.91208333333333,4.517,97.817,-0.2125581038717813,-3.8902402530278626,36,0.1388888888888889
wsi_range,1727,Warab,2012,79.99608333333333,4.595,99.579,0.32182046697231975,-1.8156594509612887,36,0.05555555555555555
wsi_range,1727,Warab,2013,82.05172222222222,3.149,99.493,0.2143390176985562,-0.9396923788256465,36,0.0
wsi_range,1727,Warab,2014,85.68755555555555,32.267,99.952,0.4532485162774751,-1.0330190286334917,36,0.027777777777777776
wsi_range,1727,Warab,2015,83.43563888888889,33.972,98.186,0.23405746273946684,-1.1314932939132925,36,0.027777777777777776
wsi_range,1727,Warab,2016,86.8205,35.881,99.967,0.5591538709032647,-0.9076014874850491,36,0.0
wsi_range,1727,Warab,2017,80.66969444444445,10.735,99.322,-0.032087908462778425,-1.066517022885796,36,0.027777777777777776
wsi_range,1727,Warab,2018,85.56622222222222,33.284,99.271,0.2690240473323315,-0.6911668487010859,36,0.0
wsi_range,1727,Warab,2019,79.45247222222223,4.958,99.208,0.134616062356212,-1.3071472401331743,36,0.027777777777777776
wsi_range,1727,Warab,2020,83.47936111111112,26.256,99.499,0.41234855657311054,-0.0383421462023792,36,0.0
wsi_range,1727,Warab,2021,79.42247222222221,2.707,99.468,0.06301002166514723,-1.5239467276153607,36,0.027777777777777776
wsi_range,1727,Warab,2022,76.69227777777778,12.865,97.513,-0.5405822748033344,-1.3599189741444326,36,0.2777777777777778
wsi_range,1727,Warab,2023,82.96763888888889,2.707,98.731,0.19387586364892345,-0.749232238511002,36,0.0
wsi_range,1727,Warab,2024,75.71327777777778,8.479,95.628,-0.5341360743824972,-3.029656959077538,36,0.4166666666666667
wsi_range,1727,Warab,2025,77.16630555555555,6.958,96.487,-0.6612492886854446,-1.4685457685922334,36,0.3888888888888889
wsi_range,1727,Warab,2026,75.3909,5.377,99.706,0.003730300339381891,-1.4432642620870932,20,0.05
wsi_range,1728,West Bahr Ghazal,1991,73.20211111111111,2.291,96.639,0.5575441999756904,-0.9958533721745608,36,0.0
wsi_range,1728,West Bahr Ghazal,1992,69.3116388888889,1.861,95.503,0.2098023831329083,-1.1505116593538844,36,0.05555555555555555
wsi_range,1728,West Bahr Ghazal,1993,73.08658333333334,2.983,96.501,0.6604060594596901,-0.16762652847996343,36,0.0
wsi_range,1728,West Bahr Ghazal,1994,66.32302777777778,2.233,93.958,-0.3421769544073659,-1.379962605587661,36,0.1388888888888889
wsi_range,1728,West Bahr Ghazal,1995,72.41158333333334,2.544,96.614,0.6928342845739226,-0.7862282018071622,36,0.0
wsi_range,1728,West Bahr Ghazal,1996,74.91483333333333,4.719,97.18,0.99262840925014,-0.393110955234394,36,0.0
wsi_range,1728,West Bahr Ghazal,1997,74.64275,2.088,97.467,1.1243381214702335,-0.9902123608928572,36,0.0
wsi_range,1728,West Bahr Ghazal,1998,65.5465,2.748,93.719,-0.3872559120891094,-1.614585051849593,36,0.08333333333333333
wsi_range,1728,West Bahr Ghazal,1999,67.03233333333333,2.808,94.234,-0.17778829072265753,-1.4257952169341108,36,0.1111111111111111
wsi_range,1728,West Bahr Ghazal,2000,67.00611111111111,2.15,94.996,-0.23607474326291955,-1.5735913790324736,36,0.19444444444444445
wsi_range,1728,West Bahr Ghazal,2001,70.62777777777778,2.054,95.961,0.00630992655168615,-1.325862561250678,36,0.08333333333333333
wsi_range,1728,West Bahr Ghazal,2002,60.888888888888886,2.285,89.324,-1.792782519026606,-3.634406099889165,36,0.6388888888888888
wsi_range,1728,West Bahr Ghazal,2003,71.02369444444444,2.222,95.636,0.43864110881959106,-1.0459270192407661,36,0.027777777777777776
wsi_range,1728,West Bahr Ghazal,2004,68.61380555555556,2.313,94.916,-0.02332609822704569,-1.6021102287093758,36,0.05555555555555555
wsi_range,1728,West Bahr Ghazal,2005,67.23041666666667,2.29,94.84,-0.3420270855748102,-1.5848411334147543,36,0.1388888888888889
wsi_range,1728,West Bahr Ghazal,2006,67.44375,3.147,94.613,-0.24573336815074504,-1.5568995819145324,36,0.08333333333333333
wsi_range,1728,West Bahr Ghazal,2007,71.7408611111111,2.557,95.57,0.26438326798648615,-0.95830695385354,36,0.0
wsi_range,1728,West Bahr Ghazal,2008,69.26416666666667,2.715,94.002,-0.47236630694449844,-2.4718802120086347,36,0.19444444444444445
wsi_range,1728,West Bahr Ghazal,2009,65.61611111111111,2.11,91.978,-1.0534433373570924,-2.447168549349102,36,0.5555555555555556
wsi_range,1728,West Bahr Ghazal,2010,71.60627777777778,2.71,95.692,0.4906639783866154,-0.6046721635942177,36,0.0
wsi_range,1728,West Bahr Ghazal,2011,63.51325,2.692,92.737,-0.7827353836567467,-2.3885108462190856,36,0.6388888888888888
wsi_range,1728,West Bahr Ghazal,2012,67.45791666666668,2.754,94.38,-0.0667417675945111,-1.7392401745814272,36,0.05555555555555555
wsi_range,1728,West Bahr Ghazal,2013,69.23930555555556,2.398,95.009,-0.11099991718331487,-1.3988695978740608,36,0.1388888888888889
wsi_range,1728,West Bahr Ghazal,2014,76.63541666666667,3.677,98.031,1.0343388848715875,-1.4946120075698506,36,0.08333333333333333
wsi_range,1728,West Bahr Ghazal,2015,71.17047222222223,3.588,94.877,0.24144895905134295,-1.3797614859412215,36,0.027777777777777776
wsi_range,1728,West Bahr Ghazal,2016,76.21763888888889,2.478,97.163,0.7771281570300359,-1.425660523509523,36,0.05555555555555555
wsi_range,1728,West Bahr Ghazal,2017,69.45602777777778,2.669,96.142,-0.021263442787030334,-1.4946120075698506,36,0.1111111111111111
wsi_range,1728,West Bahr Ghazal,2018,74.67055555555555,2.698,96.419,0.585653038639022,-1.1906231246742875,36,0.027777777777777776
wsi_range,1728,West Bahr Ghazal,2019,69.47197222222222,2.52,95.425,0.1462958118595653,-1.4946120075698506,36,0.05555555555555555
wsi_range,1728,West Bahr Ghazal,2020,69.07877777777777,2.491,94.382,-0.15640318901175007,-0.9215765107476608,36,0.0
wsi_range,1728,West Bahr Ghazal,2021,67.08338888888889,2.78,94.368,-0.3827834370410297,-1.9829810644988746,36,0.05555555555555555
wsi_range,1728,West Bahr Ghazal,2022,69.2043888888889,2.726,95.572,-0.14813654878782487,-1.485289090686435,36,0.16666666666666666
wsi_range,1728,West Bahr Ghazal,2023,72.84899999999999,2.478,95.801,0.46953638570879785,-1.1906231246742875,36,0.05555555555555555
wsi_range,1728,West Bahr Ghazal,2024,63.52927777777778,1.9,91.323,-1.1556866581407017,-2.638424585154967,36,0.6388888888888888
wsi_range,1728,West Bahr Ghazal,2025,65.18369444444444,3.784,91.982,-0.9462801773344022,-2.1188593240403537,36,0.4444444444444444
wsi_range,1728,West Bahr Ghazal,2026,60.24435,2.739,92.348,0.2736938889591265,-1.0934705171079102,20,0.05
wsi_range,1729,W.Equatoria,1991,85.69668571428572,4.42,97.567,1.0467952946944803,-1.3690152143101626,35,0.02857142857142857
wsi_range,1729,W.Equatoria,1992,75.68905714285715,4.637,93.955,-0.23074410071747745,-1.5080697587948113,35,0.11428571428571428
wsi_range,1729,W.Equatoria,1993,84.62305714285714,12.981,96.284,0.7726436057934473,-0.33128113791366703,35,0.0
wsi_range,1729,W.Equatoria,1994,69.58691428571429,8.009,90.866,-1.3353004103702741,-1.9083163009391046,35,0.8285714285714286
wsi_range,1729,W.Equatoria,1995,79.59094285714286,18.687,96.022,0.2614525068518796,-1.7693660465202545,35,0.02857142857142857
wsi_range,1729,W.Equatoria,1996,86.53374285714285,27.989,97.978,0.9908430081369943,-0.5046774553397384,35,0.0
wsi_range,1729,W.Equatoria,1997,77.11331428571428,5.524,95.029,0.1394011133295539,-1.4519824417833722,35,0.08571428571428572
wsi_range,1729,W.Equatoria,1998,73.79939999999999,10.555,92.688,-0.5048997224998159,-1.2590915481223641,35,0.11428571428571428
wsi_range,1729,W.Equatoria,1999,76.2074,13.509,92.675,-0.5430049978193049,-1.3036346772619443,35,0.05714285714285714
wsi_range,1729,W.Equatoria,2000,70.6171142857143,6.449,92.199,-0.9388944539060067,-2.0736922104332955,35,0.2857142857142857
wsi_range,1729,W.Equatoria,2001,82.58377142857142,2.932,97.33,0.7538364949668901,-1.1020815493838039,35,0.05714285714285714
wsi_range,1729,W.Equatoria,2002,77.29517142857144,11.16,92.525,-0.36839162426433386,-0.9778998424306622,35,0.0
wsi_range,1729,W.Equatoria,2003,82.59485714285715,20.301,95.846,0.587989020750188,-0.3112485857084554,35,0.0
wsi_range,1729,W.Equatoria,2004,75.00168571428571,4.999,93.043,-0.3227866200432834,-1.5131913825444376,35,0.08571428571428572
wsi_range,1729,W.Equatoria,2005,73.80148571428572,6.338,91.376,-1.0232519649414555,-2.466761631698445,35,0.5714285714285714
wsi_range,1729,W.Equatoria,2006,80.30122857142858,9.533,95.822,0.2256076579289101,-2.2554510611502185,35,0.05714285714285714
wsi_range,1729,W.Equatoria,2007,74.28482857142858,4.133,91.545,-0.8442256737106133,-1.473797420040937,35,0.2857142857142857
wsi_range,1729,W.Equatoria,2008,79.0416,21.742,94.314,-0.23153003506881667,-1.9004807136813187,35,0.14285714285714285
wsi_range,1729,W.Equatoria,2009,77.59002857142856,29.459,92.39,-0.4573324415253831,-1.0457780016324874,35,0.02857142857142857
wsi_range,1729,W.Equatoria,2010,85.23245714285714,15.11,96.455,0.7470378062275822,-0.4892748407794276,35,0.0
wsi_range,1729,W.Equatoria,2011,70.87794285714286,12.851,91.216,-1.1714791653743095,-1.8827973885448082,35,0.7428571428571429
wsi_range,1729,W.Equatoria,2012,74.50468571428571,10.948,92.615,-0.6365563877285452,-1.652130498220281,35,0.05714285714285714
wsi_range,1729,W.Equatoria,2013,84.41702857142857,17.578,97.298,0.8732967889277667,-0.39650680338406763,35,0.0
wsi_range,1729,W.Equatoria,2014,87.97848571428571,15.278,98.352,1.2260265037117053,-0.4525668386086169,35,0.0
wsi_range,1729,W.Equatoria,2015,87.78794285714285,37.933,97.191,0.9992737845276114,-0.4837302640259721,35,0.0
wsi_range,1729,W.Equatoria,2016,87.30408571428572,2.075,98.876,1.1962632226706278,-1.178264309071123,35,0.05714285714285714
wsi_range,1729,W.Equatoria,2017,77.46202857142856,5.137,95.157,-0.08244964069661076,-1.630437119686239,35,0.02857142857142857
wsi_range,1729,W.Equatoria,2018,89.1805142857143,6.813,98.372,1.1578315261894523,-1.3521748076130478,35,0.05714285714285714
wsi_range,1729,W.Equatoria,2019,77.62345714285713,28.269,93.488,-0.2434201276951293,-1.159834160548268,35,0.05714285714285714
wsi_range,1729,W.Equatoria,2020,79.31774285714286,3.344,95.383,0.1813574046792711,-1.0704794228512438,35,0.02857142857142857
wsi_range,1729,W.Equatoria,2021,74.99480000000001,5.705,93.291,-0.45405909266511835,-1.3000992231896251,35,0.05714285714285714
wsi_range,1729,W.Equatoria,2022,73.56425714285713,7.519,91.712,-0.8255054977247945,-1.3613294587230138,35,0.6285714285714286
wsi_range,1729,W.Equatoria,2023,81.0122,6.195,95.837,0.56761495806436,-1.2191997909476424,35,0.05714285714285714
wsi_range,1729,W.Equatoria,2024,70.99062857142857,10.552,89.47,-1.362713437021659,-2.15038611902967,35,0.7142857142857143
wsi_range,1729,W.Equatoria,2025,74.3756,14.027,93.478,-0.503971280749684,-1.2129548450265544,35,0.05714285714285714
wsi_range,1729,W.Equatoria,2026,73.86378947368421,14.911,95.197,0.650716273553495,-1.0290039540373257,19,0.05263157894736842
wsi_range,2242,Upper Nile,1991,80.41811111111112,13.71,99.94,0.1431064338435494,-1.8579440610630127,36,0.05555555555555555
wsi_range,2242,Upper Nile,1992,76.88683333333333,13.9,96.975,-0.33726468601745935,-1.7092476663087741,36,0.08333333333333333
wsi_range,2242,Upper Nile,1993,79.17091666666666,12.269,99.84,0.2851559293331795,-1.4529739112328977,36,0.05555555555555555
wsi_range,2242,Upper Nile,1994,75.95261111111111,5.655,99.716,-0.03149769451153814,-2.1524373416440374,36,0.19444444444444445
wsi_range,2242,Upper Nile,1995,80.4396111111111,15.695,99.902,0.5897507559013005,-0.41161531360699327,36,0.0
wsi_range,2242,Upper Nile,1996,80.44347222222223,14.685,99.99,0.4437428173959471,-1.0948967721925773,36,0.027777777777777776
wsi_range,2242,Upper Nile,1997,80.24738888888889,11.047,99.957,0.5978488770011527,-0.5132109079402524,36,0.0
wsi_range,2242,Upper Nile,1998,76.0176388888889,16.1,97.992,0.24994026632305522,-1.8089388272104916,36,0.08333333333333333
wsi_range,2242,Upper Nile,1999,78.07313888888888,7.0,99.702,0.7189633561087424,-1.3372640178782913,36,0.027777777777777776
wsi_range,2242,Upper Nile,2000,77.91327777777778,8.427,98.905,0.37515636203325403,-1.1420868414723269,36,0.027777777777777776
wsi_range,2242,Upper Nile,2001,77.9918888888889,6.269,99.361,0.2611921034483653,-0.7859427062274568,36,0.0
wsi_range,2242,Upper Nile,2002,71.50205555555556,16.975,95.446,-1.2182866276137874,-4.202672718403426,36,0.6388888888888888
wsi_range,2242,Upper Nile,2003,73.88230555555555,5.807,98.359,-0.5103696075525858,-2.5906315549617123,36,0.2222222222222222
wsi_range,2242,Upper Nile,2004,74.27047222222222,11.345,99.652,-0.947363931803964,-3.1631792247560004,36,0.3888888888888889
wsi_range,2242,Upper Nile,2005,71.95555555555556,10.053,98.393,-0.718737048343317,-2.78925305978693,36,0.3611111111111111
wsi_range,2242,Upper Nile,2006,72.26022222222223,5.427,99.141,-0.4772774903671957,-2.846212530621829,36,0.16666666666666666
wsi_range,2242,Upper Nile,2007,77.72277777777778,16.69,98.903,-0.05461752952085287,-1.7654703127716282,36,0.16666666666666666
wsi_range,2242,Upper Nile,2008,77.68347222222222,13.848,99.905,-0.25798036015125997,-1.66413394103243,36,0.2222222222222222
wsi_range,2242,Upper Nile,2009,73.23780555555555,15.24,99.861,-1.4492840266937956,-3.8452384289167276,36,0.6111111111111112
wsi_range,2242,Upper Nile,2010,74.79055555555556,4.778,99.72,-0.01521699022964107,-1.7875089267057418,36,0.3055555555555556
wsi_range,2242,Upper Nile,2011,76.23280555555556,16.245,99.081,0.2189895064199715,-2.036295121317719,36,0.05555555555555555
wsi_range,2242,Upper Nile,2012,76.66319444444444,6.175,99.559,0.3742149184208435,-1.2002470631901603,36,0.05555555555555555
wsi_range,2242,Upper Nile,2013,74.87475,8.117,98.964,0.1135566602781331,-1.804289583127494,36,0.05555555555555555
wsi_range,2242,Upper Nile,2014,80.98677777777777,14.31,99.985,0.542509621166186,-0.2170941452089838,36,0.0
wsi_range,2242,Upper Nile,2015,79.78530555555557,16.525,99.416,0.5221105728848952,-0.8779960708267662,36,0.0
wsi_range,2242,Upper Nile,2016,78.05266666666667,16.46,99.916,0.11016621298638185,-1.7536442290007734,36,0.08333333333333333
wsi_range,2242,Upper Nile,2017,76.18708333333333,11.608,99.92,-0.030257092814721515,-1.8129785178060813,36,0.16666666666666666
wsi_range,2242,Upper Nile,2018,79.37908333333333,16.31,99.853,0.21554708987155916,-1.136098071044425,36,0.08333333333333333
wsi_range,2242,Upper Nile,2019,79.14405555555555,5.772,99.909,0.4505285376841829,-1.2098632677264345,36,0.16666666666666666
wsi_range,2242,Upper Nile,2020,80.31166666666667,10.404,99.914,0.6267640348190041,-0.49341829386439423,36,0.0
wsi_range,2242,Upper Nile,2021,76.69247222222222,15.095,99.659,0.14227362306950683,-1.4927615509525478,36,0.027777777777777776
wsi_range,2242,Upper Nile,2022,76.23341666666666,5.374,99.611,-0.21872883786468258,-2.0589236918541753,36,0.027777777777777776
wsi_range,2242,Upper Nile,2023,74.13097222222223,8.119,97.709,-0.35249080715871056,-2.470564021414515,36,0.2222222222222222
wsi_range,2242,Upper Nile,2024,76.26888888888888,15.05,99.159,0.14004515734662784,-3.6801508052486325,36,0.08333333333333333
wsi_range,2242,Upper Nile,2025,76.34555555555556,14.667,98.768,-0.815104190908906,-3.9925371157875267,36,0.3611111111111111
wsi_range,2242,Upper Nile,2026,73.42025,17.01,99.637,0.563245353389829,-2.196377809850645,20,0.1
zfpar_crop,558,Jonglei,2001,0.05799999999999999,-0.833,0.738,0.05799999999999999,-0.833,22,0.0
zfpar_crop,558,Jonglei,2002,-0.45596774193548384,-0.962,0.557,-0.45596774193548384,-0.962,31,0.0
zfpar_crop,558,Jonglei,2003,-0.3908709677419355,-0.9,0.165,-0.3908709677419355,-0.9,31,0.0
zfpar_crop,558,Jonglei,2004,-0.13174193548387095,-0.916,0.873,-0.13174193548387095,-0.916,31,0.0
zfpar_crop,558,Jonglei,2005,-0.4585806451612903,-1.413,0.046,-0.4585806451612903,-1.413,31,0.1935483870967742
zfpar_crop,558,Jonglei,2006,-0.14806451612903226,-2.08,0.794,-0.14806451612903226,-2.08,31,0.16129032258064516
zfpar_crop,558,Jonglei,2007,-0.19064516129032258,-1.092,1.518,-0.19064516129032258,-1.092,31,0.1935483870967742
zfpar_crop,558,Jonglei,2008,-0.12851612903225806,-1.143,0.573,-0.12851612903225806,-1.143,31,0.06451612903225806
zfpar_crop,558,Jonglei,2009,-0.2673548387096774,-1.664,2.28,-0.2673548387096774,-1.664,31,0.2903225806451613
zfpar_crop,558,Jonglei,2010,0.12438709677419355,-0.418,0.843,0.12438709677419355,-0.418,31,0.0
zfpar_crop,558,Jonglei,2011,0.21596774193548388,-0.906,0.926,0.21596774193548388,-0.906,31,0.0
zfpar_crop,558,Jonglei,2012,0.03722580645161291,-1.53,0.773,0.03722580645161291,-1.53,31,0.06451612903225806
zfpar_crop,558,Jonglei,2013,0.09516129032258064,-0.672,1.061,0.09516129032258064,-0.672,31,0.0
zfpar_crop,558,Jonglei,2014,0.24029032258064514,-0.631,0.733,0.24029032258064514,-0.631,31,0.0
zfpar_crop,558,Jonglei,2015,0.0705483870967742,-1.445,1.147,0.0705483870967742,-1.445,31,0.06451612903225806
zfpar_crop,558,Jonglei,2016,0.1306774193548387,-0.837,0.813,0.1306774193548387,-0.837,31,0.0
zfpar_crop,558,Jonglei,2017,0.14529032258064514,-1.447,1.076,0.14529032258064514,-1.447,31,0.0967741935483871
zfpar_crop,558,Jonglei,2018,-0.027000000000000007,-0.827,1.466,-0.027000000000000007,-0.827,31,0.0
zfpar_crop,558,Jonglei,2019,0.31758064516129036,-0.648,1.57,0.31758064516129036,-0.648,31,0.0
zfpar_crop,558,Jonglei,2020,0.38590322580645164,-0.379,1.57,0.38590322580645164,-0.379,31,0.0
zfpar_crop,558,Jonglei,2021,0.023193548387096773,-0.626,0.73,0.023193548387096773,-0.626,31,0.0
zfpar_crop,558,Jonglei,2022,0.28951612903225804,-0.875,1.135,0.28951612903225804,-0.875,31,0.0
zfpar_crop,558,Jonglei,2023,0.3420967741935484,-0.849,1.947,0.3420967741935484,-0.849,31,0.0
zfpar_crop,558,Jonglei,2024,0.3899354838709677,-0.154,1.269,0.3899354838709677,-0.154,31,0.0
zfpar_crop,558,Jonglei,2025,0.3396774193548387,-0.606,1.293,0.3396774193548387,-0.606,31,0.0
zfpar_crop,558,Jonglei,2026,-0.07860000000000002,-1.352,0.53,-0.07860000000000002,-1.352,15,0.13333333333333333
zfpar_crop,599,El Buheyrat,2001,-0.3507727272727273,-0.737,0.531,-0.3507727272727273,-0.737,22,0.0
zfpar_crop,599,El Buheyrat,2002,-0.04217857142857142,-0.779,1.568,-0.04217857142857142,-0.779,28,0.0
zfpar_crop,599,El Buheyrat,2003,0.20996428571428574,-0.607,1.55,0.20996428571428574,-0.607,28,0.0
zfpar_crop,599,El Buheyrat,2004,-0.04817857142857142,-0.986,0.541,-0.04817857142857142,-0.986,28,0.0
zfpar_crop,599,El Buheyrat,2005,0.15796428571428572,-1.517,1.178,0.15796428571428572,-1.517,28,0.03571428571428571
zfpar_crop,599,El Buheyrat,2006,0.3816785714285714,-1.135,0.887,0.3816785714285714,-1.135,28,0.07142857142857142
zfpar_crop,599,El Buheyrat,2007,0.13660714285714287,-0.384,0.543,0.13660714285714287,-0.384,28,0.0
zfpar_crop,599,El Buheyrat,2008,0.3674642857142857,-0.462,1.14,0.3674642857142857,-0.462,28,0.0
zfpar_crop,599,El Buheyrat,2009,-0.2155,-1.261,1.227,-0.2155,-1.261,28,0.10714285714285714
zfpar_crop,599,El Buheyrat,2010,-0.09217857142857143,-1.92,0.449,-0.09217857142857143,-1.92,28,0.07142857142857142
zfpar_crop,599,El Buheyrat,2011,0.014357142857142862,-1.155,0.979,0.014357142857142862,-1.155,28,0.10714285714285714
zfpar_crop,599,El Buheyrat,2012,-0.1709642857142857,-0.98,0.464,-0.1709642857142857,-0.98,28,0.0
zfpar_crop,599,El Buheyrat,2013,-0.3236428571428571,-1.31,0.115,-0.3236428571428571,-1.31,28,0.03571428571428571
zfpar_crop,599,El Buheyrat,2014,0.5436428571428571,-0.48,2.064,0.5436428571428571,-0.48,28,0.0
zfpar_crop,599,El Buheyrat,2015,-0.11121428571428572,-1.433,0.877,-0.11121428571428572,-1.433,28,0.17857142857142858
zfpar_crop,599,El Buheyrat,2016,-0.10885714285714286,-1.031,0.73,-0.10885714285714286,-1.031,28,0.07142857142857142
zfpar_crop,599,El Buheyrat,2017,-0.07471428571428572,-1.51,0.76,-0.07471428571428572,-1.51,28,0.03571428571428571
zfpar_crop,599,El Buheyrat,2018,-0.16507142857142856,-0.471,1.16,-0.16507142857142856,-0.471,28,0.0
zfpar_crop,599,El Buheyrat,2019,0.017214285714285713,-0.96,1.16,0.017214285714285713,-0.96,28,0.0
zfpar_crop,599,El Buheyrat,2020,0.03639285714285715,-0.471,1.26,0.03639285714285715,-0.471,28,0.0
zfpar_crop,599,El Buheyrat,2021,-0.04567857142857142,-0.988,1.07,-0.04567857142857142,-0.988,28,0.0
zfpar_crop,599,El Buheyrat,2022,0.08021428571428571,-0.465,0.859,0.08021428571428571,-0.465,28,0.0
zfpar_crop,599,El Buheyrat,2023,-0.16435714285714287,-1.219,1.778,-0.16435714285714287,-1.219,28,0.17857142857142858
zfpar_crop,599,El Buheyrat,2024,-0.06328571428571428,-1.264,2.0,-0.06328571428571428,-1.264,28,0.17857142857142858
zfpar_crop,599,El Buheyrat,2025,0.013964285714285716,-0.566,1.26,0.013964285714285716,-0.566,28,0.0
zfpar_crop,599,El Buheyrat,2026,-0.15016666666666664,-1.744,1.396,-0.15016666666666664,-1.744,12,0.25
zfpar_crop,622,Unity,2001,-0.16927272727272727,-0.854,0.579,-0.16927272727272727,-0.854,22,0.0
zfpar_crop,622,Unity,2002,-0.3481333333333333,-0.788,0.483,-0.3481333333333333,-0.788,30,0.0
zfpar_crop,622,Unity,2003,-0.12083333333333333,-0.966,0.636,-0.12083333333333333,-0.966,30,0.0
zfpar_crop,622,Unity,2004,-0.24206666666666668,-1.44,0.656,-0.24206666666666668,-1.44,30,0.16666666666666666
zfpar_crop,622,Unity,2005,-0.1307,-1.436,0.925,-0.1307,-1.436,30,0.2
zfpar_crop,622,Unity,2006,0.7344333333333333,-0.375,2.022,0.7344333333333333,-0.375,30,0.0
zfpar_crop,622,Unity,2007,0.45690000000000003,-0.06,1.45,0.45690000000000003,-0.06,30,0.0
zfpar_crop,622,Unity,2008,0.4308333333333333,-0.566,1.66,0.4308333333333333,-0.566,30,0.0
zfpar_crop,622,Unity,2009,-0.35056666666666664,-1.022,0.385,-0.35056666666666664,-1.022,30,0.03333333333333333
zfpar_crop,622,Unity,2010,-0.274,-1.92,0.425,-0.274,-1.92,30,0.2
zfpar_crop,622,Unity,2011,0.2781,-0.56,0.771,0.2781,-0.56,30,0.0
zfpar_crop,622,Unity,2012,0.12586666666666665,-0.415,0.465,0.12586666666666665,-0.415,30,0.0
zfpar_crop,622,Unity,2013,-0.04426666666666667,-0.67,0.628,-0.04426666666666667,-0.67,30,0.0
zfpar_crop,622,Unity,2014,0.19463333333333335,-0.756,1.295,0.19463333333333335,-0.756,30,0.0
zfpar_crop,622,Unity,2015,0.5585,-0.275,1.845,0.5585,-0.275,30,0.0
zfpar_crop,622,Unity,2016,0.0809,-0.911,1.28,0.0809,-0.911,30,0.0
zfpar_crop,622,Unity,2017,-0.29136666666666666,-1.53,0.535,-0.29136666666666666,-1.53,30,0.1
zfpar_crop,622,Unity,2018,-0.16373333333333334,-0.47,0.5,-0.16373333333333334,-0.47,30,0.0
zfpar_crop,622,Unity,2019,0.005233333333333327,-1.445,0.758,0.005233333333333327,-1.445,30,0.03333333333333333
zfpar_crop,622,Unity,2020,0.2258,-0.53,1.17,0.2258,-0.53,30,0.0
zfpar_crop,622,Unity,2021,-0.23483333333333334,-1.22,0.653,-0.23483333333333334,-1.22,30,0.03333333333333333
zfpar_crop,622,Unity,2022,-0.5300333333333334,-1.228,0.528,-0.5300333333333334,-1.228,30,0.26666666666666666
zfpar_crop,622,Unity,2023,-0.07473333333333333,-0.843,0.688,-0.07473333333333333,-0.843,30,0.0
zfpar_crop,622,Unity,2024,-0.4361,-1.505,0.499,-0.4361,-1.505,30,0.1
zfpar_crop,622,Unity,2025,0.061999999999999986,-1.109,1.291,0.061999999999999986,-1.109,30,0.1
zfpar_crop,622,Unity,2026,0.02757142857142857,-1.22,1.27,0.02757142857142857,-1.22,14,0.07142857142857142
zfpar_crop,623,C. Equatoria,2001,-0.03909090909090909,-0.452,0.227,-0.03909090909090909,-0.452,22,0.0
zfpar_crop,623,C. Equatoria,2002,0.12908823529411764,-0.52,0.571,0.12908823529411764,-0.52,34,0.0
zfpar_crop,623,C. Equatoria,2003,0.029470588235294116,-1.008,0.838,0.029470588235294116,-1.008,34,0.029411764705882353
zfpar_crop,623,C. Equatoria,2004,0.08864705882352941,-0.448,0.569,0.08864705882352941,-0.448,34,0.0
zfpar_crop,623,C. Equatoria,2005,-0.26544117647058824,-1.457,0.778,-0.26544117647058824,-1.457,34,0.20588235294117646
zfpar_crop,623,C. Equatoria,2006,0.17252941176470588,-1.437,1.367,0.17252941176470588,-1.437,34,0.058823529411764705
zfpar_crop,623,C. Equatoria,2007,-0.00044117647058823894,-1.109,0.825,-0.00044117647058823894,-1.109,34,0.058823529411764705
zfpar_crop,623,C. Equatoria,2008,-0.3049117647058823,-1.459,0.685,-0.3049117647058823,-1.459,34,0.17647058823529413
zfpar_crop,623,C. Equatoria,2009,-0.2930294117647059,-1.564,2.214,-0.2930294117647059,-1.564,34,0.058823529411764705
zfpar_crop,623,C. Equatoria,2010,-0.08520588235294119,-0.826,1.339,-0.08520588235294119,-0.826,34,0.0
zfpar_crop,623,C. Equatoria,2011,-0.09705882352941177,-0.916,0.649,-0.09705882352941177,-0.916,34,0.0
zfpar_crop,623,C. Equatoria,2012,-0.24244117647058824,-1.339,0.507,-0.24244117647058824,-1.339,34,0.11764705882352941
zfpar_crop,623,C. Equatoria,2013,-0.004999999999999997,-0.872,0.951,-0.004999999999999997,-0.872,34,0.0
zfpar_crop,623,C. Equatoria,2014,0.07605882352941176,-0.445,0.492,0.07605882352941176,-0.445,34,0.0
zfpar_crop,623,C. Equatoria,2015,-0.06161764705882352,-0.536,0.843,-0.06161764705882352,-0.536,34,0.0
zfpar_crop,623,C. Equatoria,2016,-0.1141764705882353,-0.538,0.518,-0.1141764705882353,-0.538,34,0.0
zfpar_crop,623,C. Equatoria,2017,0.1116764705882353,-0.931,1.141,0.1116764705882353,-0.931,34,0.0
zfpar_crop,623,C. Equatoria,2018,0.2065,-1.659,1.477,0.2065,-1.659,34,0.058823529411764705
zfpar_crop,623,C. Equatoria,2019,0.4307941176470588,-0.286,1.669,0.4307941176470588,-0.286,34,0.0
zfpar_crop,623,C. Equatoria,2020,0.3058823529411765,-0.212,1.807,0.3058823529411765,-0.212,34,0.0
zfpar_crop,623,C. Equatoria,2021,-0.19014705882352942,-1.109,0.784,-0.19014705882352942,-1.109,34,0.08823529411764706
zfpar_crop,623,C. Equatoria,2022,0.023352941176470594,-0.566,1.054,0.023352941176470594,-0.566,34,0.0
zfpar_crop,623,C. Equatoria,2023,0.3599117647058824,-0.732,1.557,0.3599117647058824,-0.732,34,0.0
zfpar_crop,623,C. Equatoria,2024,0.34144117647058825,-0.578,1.606,0.34144117647058825,-0.578,34,0.0
zfpar_crop,623,C. Equatoria,2025,0.059323529411764706,-0.453,0.705,0.059323529411764706,-0.453,34,0.0
zfpar_crop,623,C. Equatoria,2026,0.01905555555555556,-0.804,0.797,0.01905555555555556,-0.804,18,0.0
zfpar_crop,1721,East Equatoria,2001,-0.04331818181818182,-0.476,0.252,-0.04331818181818182,-0.476,22,0.0
zfpar_crop,1721,East Equatoria,2002,-0.31705555555555553,-1.075,0.875,-0.31705555555555553,-1.075,36,0.05555555555555555
zfpar_crop,1721,East Equatoria,2003,-0.2516666666666667,-1.154,0.958,-0.2516666666666667,-1.154,36,0.08333333333333333
zfpar_crop,1721,East Equatoria,2004,-0.4507222222222222,-0.953,0.568,-0.4507222222222222,-0.953,36,0.0
zfpar_crop,1721,East Equatoria,2005,-0.4845555555555555,-1.302,0.058,-0.4845555555555555,-1.302,36,0.1111111111111111
zfpar_crop,1721,East Equatoria,2006,-0.2897777777777778,-1.181,0.792,-0.2897777777777778,-1.181,36,0.027777777777777776
zfpar_crop,1721,East Equatoria,2007,0.530888888888889,-0.74,2.564,0.530888888888889,-0.74,36,0.0
zfpar_crop,1721,East Equatoria,2008,-0.2595,-1.196,0.608,-0.2595,-1.196,36,0.027777777777777776
zfpar_crop,1721,East Equatoria,2009,-0.7986666666666666,-1.892,1.102,-0.7986666666666666,-1.892,36,0.4722222222222222
zfpar_crop,1721,East Equatoria,2010,-0.13372222222222221,-1.0,1.713,-0.13372222222222221,-1.0,36,0.0
zfpar_crop,1721,East Equatoria,2011,-0.2518611111111111,-0.951,0.467,-0.2518611111111111,-0.951,36,0.0
zfpar_crop,1721,East Equatoria,2012,0.6305555555555555,-1.455,1.501,0.6305555555555555,-1.455,36,0.1111111111111111
zfpar_crop,1721,East Equatoria,2013,0.38525,-0.323,1.415,0.38525,-0.323,36,0.0
zfpar_crop,1721,East Equatoria,2014,0.07505555555555556,-0.561,0.879,0.07505555555555556,-0.561,36,0.0
zfpar_crop,1721,East Equatoria,2015,0.13272222222222224,-1.272,1.506,0.13272222222222224,-1.272,36,0.1111111111111111
zfpar_crop,1721,East Equatoria,2016,-0.0383611111111111,-1.008,1.932,-0.0383611111111111,-1.008,36,0.027777777777777776
zfpar_crop,1721,East Equatoria,2017,-0.2033888888888889,-1.079,0.841,-0.2033888888888889,-1.079,36,0.08333333333333333
zfpar_crop,1721,East Equatoria,2018,0.07458333333333333,-0.857,1.669,0.07458333333333333,-0.857,36,0.0
zfpar_crop,1721,East Equatoria,2019,0.11224999999999999,-1.313,1.399,0.11224999999999999,-1.313,36,0.1388888888888889
zfpar_crop,1721,East Equatoria,2020,0.9998055555555556,-0.119,2.247,0.9998055555555556,-0.119,36,0.0
zfpar_crop,1721,East Equatoria,2021,0.26916666666666667,-1.405,1.302,0.26916666666666667,-1.405,36,0.027777777777777776
zfpar_crop,1721,East Equatoria,2022,0.058249999999999996,-0.916,0.534,0.058249999999999996,-0.916,36,0.0
zfpar_crop,1721,East Equatoria,2023,0.4591388888888889,-0.894,1.762,0.4591388888888889,-0.894,36,0.0
zfpar_crop,1721,East Equatoria,2024,0.7088888888888889,-0.225,1.106,0.7088888888888889,-0.225,36,0.0
zfpar_crop,1721,East Equatoria,2025,0.5040833333333334,-0.803,1.539,0.5040833333333334,-0.803,36,0.0
zfpar_crop,1721,East Equatoria,2026,0.4314,-0.744,1.927,0.4314,-0.744,20,0.0
zfpar_crop,1726,North Bahr Ghaza,2001,0.1653181818181818,-0.535,0.831,0.1653181818181818,-0.535,22,0.0
zfpar_crop,1726,North Bahr Ghaza,2002,-0.37232258064516127,-1.689,1.405,-0.37232258064516127,-1.689,31,0.12903225806451613
zfpar_crop,1726,North Bahr Ghaza,2003,-0.5566451612903226,-2.284,0.131,-0.5566451612903226,-2.284,31,0.1935483870967742
zfpar_crop,1726,North Bahr Ghaza,2004,-0.12758064516129033,-1.272,0.334,-0.12758064516129033,-1.272,31,0.06451612903225806
zfpar_crop,1726,North Bahr Ghaza,2005,-0.2521935483870968,-1.385,0.97,-0.2521935483870968,-1.385,31,0.1935483870967742
zfpar_crop,1726,North Bahr Ghaza,2006,0.29083870967741937,-0.282,0.587,0.29083870967741937,-0.282,31,0.0
zfpar_crop,1726,North Bahr Ghaza,2007,0.06612903225806452,-0.221,1.37,0.06612903225806452,-0.221,31,0.0
zfpar_crop,1726,North Bahr Ghaza,2008,0.23458064516129032,-1.109,2.55,0.23458064516129032,-1.109,31,0.0967741935483871
zfpar_crop,1726,North Bahr Ghaza,2009,-0.2495161290322581,-1.486,1.76,-0.2495161290322581,-1.486,31,0.22580645161290322
zfpar_crop,1726,North Bahr Ghaza,2010,0.0147741935483871,-0.723,0.751,0.0147741935483871,-0.723,31,0.0
zfpar_crop,1726,North Bahr Ghaza,2011,0.08832258064516128,-1.272,1.0,0.08832258064516128,-1.272,31,0.0967741935483871
zfpar_crop,1726,North Bahr Ghaza,2012,-0.2292258064516129,-1.107,0.532,-0.2292258064516129,-1.107,31,0.0967741935483871
zfpar_crop,1726,North Bahr Ghaza,2013,0.27216129032258063,-0.61,1.402,0.27216129032258063,-0.61,31,0.0
zfpar_crop,1726,North Bahr Ghaza,2014,0.31661290322580643,-0.832,2.013,0.31661290322580643,-0.832,31,0.0
zfpar_crop,1726,North Bahr Ghaza,2015,0.24367741935483872,-0.473,0.784,0.24367741935483872,-0.473,31,0.0
zfpar_crop,1726,North Bahr Ghaza,2016,-0.34848387096774197,-0.968,0.094,-0.34848387096774197,-0.968,31,0.0
zfpar_crop,1726,North Bahr Ghaza,2017,0.10635483870967742,-1.66,0.904,0.10635483870967742,-1.66,31,0.06451612903225806
zfpar_crop,1726,North Bahr Ghaza,2018,-0.3750322580645161,-0.731,0.22,-0.3750322580645161,-0.731,31,0.0
zfpar_crop,1726,North Bahr Ghaza,2019,0.2862258064516129,-1.73,1.046,0.2862258064516129,-1.73,31,0.03225806451612903
zfpar_crop,1726,North Bahr Ghaza,2020,-0.057193548387096775,-0.95,0.886,-0.057193548387096775,-0.95,31,0.0
zfpar_crop,1726,North Bahr Ghaza,2021,0.2547741935483871,-0.56,1.078,0.2547741935483871,-0.56,31,0.0
zfpar_crop,1726,North Bahr Ghaza,2022,0.06458064516129033,-0.607,0.894,0.06458064516129033,-0.607,31,0.0
zfpar_crop,1726,North Bahr Ghaza,2023,0.4491290322580645,-0.82,1.149,0.4491290322580645,-0.82,31,0.0
zfpar_crop,1726,North Bahr Ghaza,2024,0.2679677419354839,-1.08,1.342,0.2679677419354839,-1.08,31,0.06451612903225806
zfpar_crop,1726,North Bahr Ghaza,2025,0.6238709677419355,-1.34,1.965,0.6238709677419355,-1.34,31,0.03225806451612903
zfpar_crop,1726,North Bahr Ghaza,2026,0.9974666666666666,0.132,1.894,0.9974666666666666,0.132,15,0.0
zfpar_crop,1727,Warab,2001,0.11027272727272729,-0.548,1.27,0.11027272727272729,-0.548,22,0.0
zfpar_crop,1727,Warab,2002,0.07952941176470588,-1.46,1.341,0.07952941176470588,-1.46,34,0.08823529411764706
zfpar_crop,1727,Warab,2003,-0.4850882352941176,-1.675,0.279,-0.4850882352941176,-1.675,34,0.17647058823529413
zfpar_crop,1727,Warab,2004,-0.09211764705882353,-0.706,0.761,-0.09211764705882353,-0.706,34,0.0
zfpar_crop,1727,Warab,2005,-0.4908529411764706,-1.873,0.469,-0.4908529411764706,-1.873,34,0.2647058823529412
zfpar_crop,1727,Warab,2006,0.3855294117647059,-0.119,1.178,0.3855294117647059,-0.119,34,0.0
zfpar_crop,1727,Warab,2007,0.3544705882352941,-0.351,0.822,0.3544705882352941,-0.351,34,0.0
zfpar_crop,1727,Warab,2008,0.2043235294117647,-0.933,1.597,0.2043235294117647,-0.933,34,0.0
zfpar_crop,1727,Warab,2009,-0.29708823529411765,-1.111,1.048,-0.29708823529411765,-1.111,34,0.08823529411764706
zfpar_crop,1727,Warab,2010,-0.1891764705882353,-0.927,0.87,-0.1891764705882353,-0.927,34,0.0
zfpar_crop,1727,Warab,2011,0.12779411764705884,-0.979,1.069,0.12779411764705884,-0.979,34,0.0
zfpar_crop,1727,Warab,2012,-0.11726470588235294,-1.888,0.832,-0.11726470588235294,-1.888,34,0.08823529411764706
zfpar_crop,1727,Warab,2013,0.13758823529411765,-0.885,0.949,0.13758823529411765,-0.885,34,0.0
zfpar_crop,1727,Warab,2014,0.5920882352941177,-0.612,2.314,0.5920882352941177,-0.612,34,0.0
zfpar_crop,1727,Warab,2015,0.1496470588235294,-0.884,1.834,0.1496470588235294,-0.884,34,0.0
zfpar_crop,1727,Warab,2016,-0.2336764705882353,-1.048,0.757,-0.2336764705882353,-1.048,34,0.08823529411764706
zfpar_crop,1727,Warab,2017,-0.07952941176470588,-0.81,0.578,-0.07952941176470588,-0.81,34,0.0
zfpar_crop,1727,Warab,2018,-0.2500294117647059,-0.99,0.725,-0.2500294117647059,-0.99,34,0.0
zfpar_crop,1727,Warab,2019,-0.09502941176470589,-0.995,0.672,-0.09502941176470589,-0.995,34,0.0
zfpar_crop,1727,Warab,2020,-0.05061764705882353,-1.441,1.209,-0.05061764705882353,-1.441,34,0.08823529411764706
zfpar_crop,1727,Warab,2021,0.044,-0.807,0.486,0.044,-0.807,34,0.0
zfpar_crop,1727,Warab,2022,-0.1405294117647059,-1.099,0.68,-0.1405294117647059,-1.099,34,0.029411764705882353
zfpar_crop,1727,Warab,2023,0.5064705882352941,-0.8,1.278,0.5064705882352941,-0.8,34,0.0
zfpar_crop,1727,Warab,2024,0.26652941176470585,-1.445,1.202,0.26652941176470585,-1.445,34,0.08823529411764706
zfpar_crop,1727,Warab,2025,0.3332941176470588,-1.335,1.683,0.3332941176470588,-1.335,34,0.058823529411764705
zfpar_crop,1727,Warab,2026,0.7921111111111112,-0.791,1.848,0.7921111111111112,-0.791,18,0.0
zfpar_crop,1728,West Bahr Ghazal,2001,-0.2553636363636364,-0.7,0.203,-0.2553636363636364,-0.7,22,0.0
zfpar_crop,1728,West Bahr Ghazal,2002,-0.4376428571428571,-1.53,0.047,-0.4376428571428571,-1.53,28,0.03571428571428571
zfpar_crop,1728,West Bahr Ghazal,2003,-0.21232142857142855,-2.26,0.701,-0.21232142857142855,-2.26,28,0.03571428571428571
zfpar_crop,1728,West Bahr Ghazal,2004,-0.40824999999999995,-1.013,0.392,-0.40824999999999995,-1.013,28,0.03571428571428571
zfpar_crop,1728,West Bahr Ghazal,2005,0.34017857142857144,-1.503,1.029,0.34017857142857144,-1.503,28,0.07142857142857142
zfpar_crop,1728,West Bahr Ghazal,2006,0.2488928571428571,-0.831,1.273,0.2488928571428571,-0.831,28,0.0
zfpar_crop,1728,West Bahr Ghazal,2007,-0.09546428571428571,-1.023,1.087,-0.09546428571428571,-1.023,28,0.07142857142857142
zfpar_crop,1728,West Bahr Ghazal,2008,0.004892857142857139,-0.77,1.733,0.004892857142857139,-0.77,28,0.0
zfpar_crop,1728,West Bahr Ghazal,2009,-0.5050357142857143,-1.577,1.049,-0.5050357142857143,-1.577,28,0.17857142857142858
zfpar_crop,1728,West Bahr Ghazal,2010,-0.17335714285714285,-1.377,0.68,-0.17335714285714285,-1.377,28,0.03571428571428571
zfpar_crop,1728,West Bahr Ghazal,2011,0.046178571428571416,-0.88,0.82,0.046178571428571416,-0.88,28,0.0
zfpar_crop,1728,West Bahr Ghazal,2012,0.3699642857142857,-0.777,0.97,0.3699642857142857,-0.777,28,0.0
zfpar_crop,1728,West Bahr Ghazal,2013,0.3827142857142857,0.015,0.885,0.3827142857142857,0.015,28,0.0
zfpar_crop,1728,West Bahr Ghazal,2014,0.6331071428571429,-0.65,2.589,0.6331071428571429,-0.65,28,0.0
zfpar_crop,1728,West Bahr Ghazal,2015,-0.0775,-0.7,0.761,-0.0775,-0.7,28,0.0
zfpar_crop,1728,West Bahr Ghazal,2016,0.14614285714285716,-0.475,0.687,0.14614285714285716,-0.475,28,0.0
zfpar_crop,1728,West Bahr Ghazal,2017,-0.34810714285714284,-1.325,0.09,-0.34810714285714284,-1.325,28,0.14285714285714285
zfpar_crop,1728,West Bahr Ghazal,2018,0.11785714285714285,-0.334,0.97,0.11785714285714285,-0.334,28,0.0
zfpar_crop,1728,West Bahr Ghazal,2019,0.16796428571428573,-1.075,1.577,0.16796428571428573,-1.075,28,0.07142857142857142
zfpar_crop,1728,West Bahr Ghazal,2020,-0.16092857142857145,-1.451,2.151,-0.16092857142857145,-1.451,28,0.25
zfpar_crop,1728,West Bahr Ghazal,2021,-0.06317857142857143,-0.491,0.383,-0.06317857142857143,-0.491,28,0.0
zfpar_crop,1728,West Bahr Ghazal,2022,0.08303571428571428,-0.7,0.734,0.08303571428571428,-0.7,28,0.0
zfpar_crop,1728,West Bahr Ghazal,2023,0.3362142857142857,-0.25,1.31,0.3362142857142857,-0.25,28,0.0
zfpar_crop,1728,West Bahr Ghazal,2024,0.20621428571428574,-1.079,1.578,0.20621428571428574,-1.079,28,0.07142857142857142
zfpar_crop,1728,West Bahr Ghazal,2025,-0.13614285714285715,-1.125,1.331,-0.13614285714285715,-1.125,28,0.14285714285714285
zfpar_crop,1728,West Bahr Ghazal,2026,0.47075,-0.173,1.392,0.47075,-0.173,12,0.0
zfpar_crop,1729,W.Equatoria,2001,-0.23913636363636365,-1.229,0.657,-0.23913636363636365,-1.229,22,0.18181818181818182
zfpar_crop,1729,W.Equatoria,2002,0.05136363636363636,-1.04,1.028,0.05136363636363636,-1.04,33,0.06060606060606061
zfpar_crop,1729,W.Equatoria,2003,-0.41084848484848485,-1.442,1.312,-0.41084848484848485,-1.442,33,0.15151515151515152
zfpar_crop,1729,W.Equatoria,2004,-0.1625151515151515,-1.089,1.05,-0.1625151515151515,-1.089,33,0.06060606060606061
zfpar_crop,1729,W.Equatoria,2005,-0.4836060606060606,-2.214,1.331,-0.4836060606060606,-2.214,33,0.45454545454545453
zfpar_crop,1729,W.Equatoria,2006,-0.529030303030303,-2.35,0.476,-0.529030303030303,-2.35,33,0.3333333333333333
zfpar_crop,1729,W.Equatoria,2007,-0.3110606060606061,-1.7,0.53,-0.3110606060606061,-1.7,33,0.030303030303030304
zfpar_crop,1729,W.Equatoria,2008,0.0035757575757575724,-0.941,0.762,0.0035757575757575724,-0.941,33,0.0
zfpar_crop,1729,W.Equatoria,2009,0.024393939393939395,-0.711,2.036,0.024393939393939395,-0.711,33,0.0
zfpar_crop,1729,W.Equatoria,2010,0.15036363636363637,-0.394,1.35,0.15036363636363637,-0.394,33,0.0
zfpar_crop,1729,W.Equatoria,2011,-0.12021212121212121,-0.677,0.535,-0.12021212121212121,-0.677,33,0.0
zfpar_crop,1729,W.Equatoria,2012,-0.3283030303030303,-1.102,0.326,-0.3283030303030303,-1.102,33,0.06060606060606061
zfpar_crop,1729,W.Equatoria,2013,0.09424242424242425,-0.818,1.35,0.09424242424242425,-0.818,33,0.0
zfpar_crop,1729,W.Equatoria,2014,0.6002121212121212,-0.188,1.62,0.6002121212121212,-0.188,33,0.0
zfpar_crop,1729,W.Equatoria,2015,0.1849090909090909,-0.728,0.944,0.1849090909090909,-0.728,33,0.0
zfpar_crop,1729,W.Equatoria,2016,-0.03266666666666666,-0.513,0.91,-0.03266666666666666,-0.513,33,0.0
zfpar_crop,1729,W.Equatoria,2017,0.17827272727272728,-0.447,1.13,0.17827272727272728,-0.447,33,0.0
zfpar_crop,1729,W.Equatoria,2018,0.15351515151515152,-1.036,1.492,0.15351515151515152,-1.036,33,0.030303030303030304
zfpar_crop,1729,W.Equatoria,2019,0.641090909090909,-0.519,1.914,0.641090909090909,-0.519,33,0.0
zfpar_crop,1729,W.Equatoria,2020,0.1478787878787879,-0.709,2.077,0.1478787878787879,-0.709,33,0.0
zfpar_crop,1729,W.Equatoria,2021,0.16860606060606062,-0.645,0.946,0.16860606060606062,-0.645,33,0.0
zfpar_crop,1729,W.Equatoria,2022,-0.28945454545454546,-1.626,0.926,-0.28945454545454546,-1.626,33,0.21212121212121213
zfpar_crop,1729,W.Equatoria,2023,0.4438181818181818,-1.487,1.979,0.4438181818181818,-1.487,33,0.030303030303030304
zfpar_crop,1729,W.Equatoria,2024,0.6731515151515151,-0.317,2.067,0.6731515151515151,-0.317,33,0.0
zfpar_crop,1729,W.Equatoria,2025,0.36109090909090913,-0.839,1.432,0.36109090909090913,-0.839,33,0.0
zfpar_crop,1729,W.Equatoria,2026,0.8857647058823529,-0.208,1.78,0.8857647058823529,-0.208,17,0.0
zfpar_crop,2242,Upper Nile,2001,-0.24054545454545453,-0.539,0.466,-0.24054545454545453,-0.539,22,0.0
zfpar_crop,2242,Upper Nile,2002,-0.5124242424242424,-1.337,0.853,-0.5124242424242424,-1.337,33,0.36363636363636365
zfpar_crop,2242,Upper Nile,2003,-0.41127272727272723,-1.717,0.316,-0.41127272727272723,-1.717,33,0.15151515151515152
zfpar_crop,2242,Upper Nile,2004,-0.5392121212121213,-1.436,0.401,-0.5392121212121213,-1.436,33,0.09090909090909091
zfpar_crop,2242,Upper Nile,2005,-0.3634545454545455,-1.469,0.349,-0.3634545454545455,-1.469,33,0.18181818181818182
zfpar_crop,2242,Upper Nile,2006,-0.27957575757575753,-2.8,0.824,-0.27957575757575753,-2.8,33,0.09090909090909091
zfpar_crop,2242,Upper Nile,2007,0.434,-0.392,1.371,0.434,-0.392,33,0.0
zfpar_crop,2242,Upper Nile,2008,0.2273030303030303,-0.87,2.528,0.2273030303030303,-0.87,33,0.0
zfpar_crop,2242,Upper Nile,2009,-0.3847272727272727,-1.062,0.928,-0.3847272727272727,-1.062,33,0.12121212121212122
zfpar_crop,2242,Upper Nile,2010,-0.3087575757575758,-1.526,0.417,-0.3087575757575758,-1.526,33,0.12121212121212122
zfpar_crop,2242,Upper Nile,2011,0.09424242424242424,-1.151,0.948,0.09424242424242424,-1.151,33,0.030303030303030304
zfpar_crop,2242,Upper Nile,2012,-0.07554545454545454,-1.033,0.572,-0.07554545454545454,-1.033,33,0.030303030303030304
zfpar_crop,2242,Upper Nile,2013,-0.5458181818181819,-1.036,0.29,-0.5458181818181819,-1.036,33,0.030303030303030304
zfpar_crop,2242,Upper Nile,2014,0.5091818181818182,-0.449,1.93,0.5091818181818182,-0.449,33,0.0
zfpar_crop,2242,Upper Nile,2015,0.03884848484848485,-0.471,0.743,0.03884848484848485,-0.471,33,0.0
zfpar_crop,2242,Upper Nile,2016,0.062393939393939384,-0.736,1.341,0.062393939393939384,-0.736,33,0.0
zfpar_crop,2242,Upper Nile,2017,0.0536060606060606,-0.619,0.99,0.0536060606060606,-0.619,33,0.0
zfpar_crop,2242,Upper Nile,2018,0.273030303030303,-0.986,1.97,0.273030303030303,-0.986,33,0.0
zfpar_crop,2242,Upper Nile,2019,0.15057575757575756,-1.058,1.195,0.15057575757575756,-1.058,33,0.030303030303030304
zfpar_crop,2242,Upper Nile,2020,0.19918181818181815,-0.539,0.899,0.19918181818181815,-0.539,33,0.0
zfpar_crop,2242,Upper Nile,2021,0.6025757575757577,-0.475,1.914,0.6025757575757577,-0.475,33,0.0
zfpar_crop,2242,Upper Nile,2022,0.3362727272727273,-0.933,1.631,0.3362727272727273,-0.933,33,0.0
zfpar_crop,2242,Upper Nile,2023,0.5064545454545455,-0.422,1.348,0.5064545454545455,-0.422,33,0.0
zfpar_crop,2242,Upper Nile,2024,0.642060606060606,-0.952,1.65,0.642060606060606,-0.952,33,0.0
zfpar_crop,2242,Upper Nile,2025,0.46448484848484844,-0.686,2.88,0.46448484848484844,-0.686,33,0.0
zfpar_crop,2242,Upper Nile,2026,0.8953529411764706,-0.889,3.45,0.8953529411764706,-0.889,17,0.0
zfparc_crop,558,Jonglei,2001,-0.5438181818181819,-0.998,-0.003,-0.5438181818181819,-0.998,22,0.0
zfparc_crop,558,Jonglei,2002,-0.5747096774193549,-1.142,1.181,-0.5747096774193549,-1.142,31,0.22580645161290322
zfparc_crop,558,Jonglei,2003,-0.771516129032258,-1.068,-0.118,-0.771516129032258,-1.068,31,0.03225806451612903
zfparc_crop,558,Jonglei,2004,-0.1688709677419355,-0.806,0.271,-0.1688709677419355,-0.806,31,0.0
zfparc_crop,558,Jonglei,2005,-0.6849354838709678,-1.453,0.099,-0.6849354838709678,-1.453,31,0.1935483870967742
zfparc_crop,558,Jonglei,2006,-0.23251612903225807,-1.157,0.226,-0.23251612903225807,-1.157,31,0.06451612903225806
zfparc_crop,558,Jonglei,2007,0.05090322580645162,-0.524,1.316,0.05090322580645162,-0.524,31,0.0
zfparc_crop,558,Jonglei,2008,-0.0765483870967742,-0.336,0.587,-0.0765483870967742,-0.336,31,0.0
zfparc_crop,558,Jonglei,2009,-0.3442258064516129,-1.159,2.271,-0.3442258064516129,-1.159,31,0.41935483870967744
zfparc_crop,558,Jonglei,2010,-0.185,-0.63,0.85,-0.185,-0.63,31,0.0
zfparc_crop,558,Jonglei,2011,0.30300000000000005,-0.401,0.778,0.30300000000000005,-0.401,31,0.0
zfparc_crop,558,Jonglei,2012,0.30506451612903224,-1.477,0.648,0.30506451612903224,-1.477,31,0.06451612903225806
zfparc_crop,558,Jonglei,2013,-0.16074193548387097,-0.618,1.345,-0.16074193548387097,-0.618,31,0.0
zfparc_crop,558,Jonglei,2014,0.3584193548387097,-0.598,0.755,0.3584193548387097,-0.598,31,0.0
zfparc_crop,558,Jonglei,2015,0.4404193548387097,-1.405,1.041,0.4404193548387097,-1.405,31,0.06451612903225806
zfparc_crop,558,Jonglei,2016,0.4767096774193548,-0.265,0.823,0.4767096774193548,-0.265,31,0.0
zfparc_crop,558,Jonglei,2017,0.07635483870967741,-1.179,1.081,0.07635483870967741,-1.179,31,0.06451612903225806
zfparc_crop,558,Jonglei,2018,0.42609677419354836,-0.105,1.446,0.42609677419354836,-0.105,31,0.0
zfparc_crop,558,Jonglei,2019,0.046419354838709674,-0.975,0.575,0.046419354838709674,-0.975,31,0.0
zfparc_crop,558,Jonglei,2020,0.1883225806451613,-0.38,1.023,0.1883225806451613,-0.38,31,0.0
zfparc_crop,558,Jonglei,2021,-0.025483870967741937,-0.598,0.464,-0.025483870967741937,-0.598,31,0.0
zfparc_crop,558,Jonglei,2022,0.4642258064516129,-0.243,1.114,0.4642258064516129,-0.243,31,0.0
zfparc_crop,558,Jonglei,2023,-0.220258064516129,-0.72,1.191,-0.220258064516129,-0.72,31,0.0
zfparc_crop,558,Jonglei,2024,0.3048709677419355,-0.109,1.265,0.3048709677419355,-0.109,31,0.0
zfparc_crop,558,Jonglei,2025,0.5693548387096774,-0.663,1.293,0.5693548387096774,-0.663,31,0.0
zfparc_crop,558,Jonglei,2026,0.2778,-0.346,0.935,0.2778,-0.346,15,0.0
zfparc_crop,599,El Buheyrat,2001,-0.7661363636363636,-1.073,0.367,-0.7661363636363636,-1.073,22,0.045454545454545456
zfparc_crop,599,El Buheyrat,2002,-0.34471428571428575,-0.812,0.53,-0.34471428571428575,-0.812,28,0.0
zfparc_crop,599,El Buheyrat,2003,-0.044250000000000005,-0.643,0.441,-0.044250000000000005,-0.643,28,0.0
zfparc_crop,599,El Buheyrat,2004,0.24360714285714286,-0.138,1.48,0.24360714285714286,-0.138,28,0.0
zfparc_crop,599,El Buheyrat,2005,0.22171428571428572,-1.01,1.48,0.22171428571428572,-1.01,28,0.03571428571428571
zfparc_crop,599,El Buheyrat,2006,0.5227142857142858,-0.288,1.11,0.5227142857142858,-0.288,28,0.0
zfparc_crop,599,El Buheyrat,2007,0.44946428571428576,-0.23,1.48,0.44946428571428576,-0.23,28,0.0
zfparc_crop,599,El Buheyrat,2008,0.8602857142857143,0.488,1.85,0.8602857142857143,0.488,28,0.0
zfparc_crop,599,El Buheyrat,2009,-0.1502857142857143,-0.617,1.198,-0.1502857142857143,-0.617,28,0.0
zfparc_crop,599,El Buheyrat,2010,0.07339285714285715,-0.946,0.633,0.07339285714285715,-0.946,28,0.0
zfparc_crop,599,El Buheyrat,2011,-0.62775,-1.172,1.11,-0.62775,-1.172,28,0.17857142857142858
zfparc_crop,599,El Buheyrat,2012,-0.2235,-1.48,0.065,-0.2235,-1.48,28,0.03571428571428571
zfparc_crop,599,El Buheyrat,2013,-0.6538928571428572,-1.11,0.181,-0.6538928571428572,-1.11,28,0.03571428571428571
zfparc_crop,599,El Buheyrat,2014,1.3810714285714287,-0.37,2.022,1.3810714285714287,-0.37,28,0.0
zfparc_crop,599,El Buheyrat,2015,0.2697142857142857,-0.332,0.788,0.2697142857142857,-0.332,28,0.0
zfparc_crop,599,El Buheyrat,2016,0.17657142857142857,-1.48,0.543,0.17657142857142857,-1.48,28,0.03571428571428571
zfparc_crop,599,El Buheyrat,2017,-0.3447857142857143,-1.332,-0.097,-0.3447857142857143,-1.332,28,0.03571428571428571
zfparc_crop,599,El Buheyrat,2018,-0.16667857142857143,-1.314,1.137,-0.16667857142857143,-1.314,28,0.03571428571428571
zfparc_crop,599,El Buheyrat,2019,-0.5160714285714285,-0.792,0.037,-0.5160714285714285,-0.792,28,0.0
zfparc_crop,599,El Buheyrat,2020,-0.061535714285714284,-0.294,0.43,-0.061535714285714284,-0.294,28,0.0
zfparc_crop,599,El Buheyrat,2021,-0.34125,-0.684,0.5,-0.34125,-0.684,28,0.0
zfparc_crop,599,El Buheyrat,2022,0.11732142857142858,-1.0,0.646,0.11732142857142858,-1.0,28,0.0
zfparc_crop,599,El Buheyrat,2023,-1.0275,-1.36,-0.129,-1.0275,-1.36,28,0.6785714285714286
zfparc_crop,599,El Buheyrat,2024,-1.0409285714285714,-1.275,-0.216,-1.0409285714285714,-1.275,28,0.6428571428571429
zfparc_crop,599,El Buheyrat,2025,-0.06767857142857144,-0.64,0.625,-0.06767857142857144,-0.64,28,0.0
zfparc_crop,599,El Buheyrat,2026,0.18025000000000002,-2.07,1.37,0.18025000000000002,-2.07,12,0.08333333333333333
zfparc_crop,622,Unity,2001,-0.4363181818181818,-1.03,-0.176,-0.4363181818181818,-1.03,22,0.045454545454545456
zfparc_crop,622,Unity,2002,-0.7494999999999999,-1.12,-0.07,-0.7494999999999999,-1.12,30,0.16666666666666666
zfparc_crop,622,Unity,2003,-0.26626666666666665,-2.234,0.405,-0.26626666666666665,-2.234,30,0.16666666666666666
zfparc_crop,622,Unity,2004,-0.08413333333333334,-0.722,0.299,-0.08413333333333334,-0.722,30,0.0
zfparc_crop,622,Unity,2005,0.22663333333333335,-0.992,0.685,0.22663333333333335,-0.992,30,0.0
zfparc_crop,622,Unity,2006,1.0982999999999998,-0.365,1.973,1.0982999999999998,-0.365,30,0.0
zfparc_crop,622,Unity,2007,0.17013333333333333,-0.72,1.082,0.17013333333333333,-0.72,30,0.0
zfparc_crop,622,Unity,2008,0.4404333333333333,-1.01,1.409,0.4404333333333333,-1.01,30,0.03333333333333333
zfparc_crop,622,Unity,2009,-0.4109333333333333,-0.943,0.67,-0.4109333333333333,-0.943,30,0.0
zfparc_crop,622,Unity,2010,-0.3901,-1.88,0.165,-0.3901,-1.88,30,0.16666666666666666
zfparc_crop,622,Unity,2011,0.11963333333333333,-0.755,0.607,0.11963333333333333,-0.755,30,0.0
zfparc_crop,622,Unity,2012,0.07716666666666666,-0.415,0.463,0.07716666666666666,-0.415,30,0.0
zfparc_crop,622,Unity,2013,-0.2934333333333334,-0.66,0.91,-0.2934333333333334,-0.66,30,0.0
zfparc_crop,622,Unity,2014,0.4068333333333333,-0.509,1.266,0.4068333333333333,-0.509,30,0.0
zfparc_crop,622,Unity,2015,0.2756,-0.202,1.427,0.2756,-0.202,30,0.0
zfparc_crop,622,Unity,2016,0.5031,-0.233,1.6,0.5031,-0.233,30,0.0
zfparc_crop,622,Unity,2017,0.2322,-0.199,1.14,0.2322,-0.199,30,0.0
zfparc_crop,622,Unity,2018,-0.13520000000000001,-0.394,0.546,-0.13520000000000001,-0.394,30,0.0
zfparc_crop,622,Unity,2019,0.03846666666666666,-1.46,0.87,0.03846666666666666,-1.46,30,0.03333333333333333
zfparc_crop,622,Unity,2020,0.2921333333333333,-0.545,1.082,0.2921333333333333,-0.545,30,0.0
zfparc_crop,622,Unity,2021,-0.21126666666666666,-0.83,1.384,-0.21126666666666666,-0.83,30,0.0
zfparc_crop,622,Unity,2022,-0.9209999999999999,-1.31,0.048,-0.9209999999999999,-1.31,30,0.6
zfparc_crop,622,Unity,2023,-0.3153666666666667,-0.95,0.205,-0.3153666666666667,-0.95,30,0.0
zfparc_crop,622,Unity,2024,-0.6257666666666667,-1.15,0.055,-0.6257666666666667,-1.15,30,0.1
zfparc_crop,622,Unity,2025,-0.6126666666666666,-2.58,0.82,-0.6126666666666666,-2.58,30,0.26666666666666666
zfparc_crop,622,Unity,2026,-0.2760714285714286,-2.58,1.249,-0.2760714285714286,-2.58,14,0.21428571428571427
zfparc_crop,623,C. Equatoria,2001,-0.08922727272727272,-0.203,-0.004,-0.08922727272727272,-0.203,22,0.0
zfparc_crop,623,C. Equatoria,2002,0.36714705882352944,-0.61,0.581,0.36714705882352944,-0.61,34,0.0
zfparc_crop,623,C. Equatoria,2003,0.19297058823529412,-0.167,0.942,0.19297058823529412,-0.167,34,0.0
zfparc_crop,623,C. Equatoria,2004,0.1971470588235294,-0.799,0.423,0.1971470588235294,-0.799,34,0.0
zfparc_crop,623,C. Equatoria,2005,-0.5345588235294118,-1.134,0.216,-0.5345588235294118,-1.134,34,0.029411764705882353
zfparc_crop,623,C. Equatoria,2006,0.7359705882352942,-0.899,1.269,0.7359705882352942,-0.899,34,0.0
zfparc_crop,623,C. Equatoria,2007,-0.01567647058823529,-0.424,0.681,-0.01567647058823529,-0.424,34,0.0
zfparc_crop,623,C. Equatoria,2008,0.16197058823529412,-0.675,0.578,0.16197058823529412,-0.675,34,0.0
zfparc_crop,623,C. Equatoria,2009,-0.20861764705882352,-0.957,2.207,-0.20861764705882352,-0.957,34,0.0
zfparc_crop,623,C. Equatoria,2010,-0.15785294117647058,-1.004,1.327,-0.15785294117647058,-1.004,34,0.029411764705882353
zfparc_crop,623,C. Equatoria,2011,-0.3936470588235294,-1.004,0.618,-0.3936470588235294,-1.004,34,0.029411764705882353
zfparc_crop,623,C. Equatoria,2012,-0.6693823529411764,-1.372,0.022,-0.6693823529411764,-1.372,34,0.17647058823529413
zfparc_crop,623,C. Equatoria,2013,0.024058823529411768,-1.678,0.923,0.024058823529411768,-1.678,34,0.029411764705882353
zfparc_crop,623,C. Equatoria,2014,0.16694117647058823,-0.322,0.295,0.16694117647058823,-0.322,34,0.0
zfparc_crop,623,C. Equatoria,2015,-0.0027352941176470597,-0.456,0.318,-0.0027352941176470597,-0.456,34,0.0
zfparc_crop,623,C. Equatoria,2016,-0.3725294117647059,-0.57,0.136,-0.3725294117647059,-0.57,34,0.0
zfparc_crop,623,C. Equatoria,2017,-0.29373529411764704,-0.826,0.248,-0.29373529411764704,-0.826,34,0.0
zfparc_crop,623,C. Equatoria,2018,0.9043529411764706,-0.175,1.403,0.9043529411764706,-0.175,34,0.0
zfparc_crop,623,C. Equatoria,2019,0.31676470588235295,-0.008,1.075,0.31676470588235295,-0.008,34,0.0
zfparc_crop,623,C. Equatoria,2020,0.24735294117647058,-0.274,1.132,0.24735294117647058,-0.274,34,0.0
zfparc_crop,623,C. Equatoria,2021,-0.4915882352941176,-1.137,1.211,-0.4915882352941176,-1.137,34,0.08823529411764706
zfparc_crop,623,C. Equatoria,2022,-0.353764705882353,-0.556,0.058,-0.353764705882353,-0.556,34,0.0
zfparc_crop,623,C. Equatoria,2023,0.24047058823529413,-0.767,0.892,0.24047058823529413,-0.767,34,0.0
zfparc_crop,623,C. Equatoria,2024,0.2786470588235294,-0.021,1.221,0.2786470588235294,-0.021,34,0.0
zfparc_crop,623,C. Equatoria,2025,0.042852941176470594,-0.487,1.231,0.042852941176470594,-0.487,34,0.0
zfparc_crop,623,C. Equatoria,2026,0.29261111111111116,-0.588,0.676,0.29261111111111116,-0.588,18,0.0
zfparc_crop,1721,East Equatoria,2001,-0.31022727272727274,-0.474,-0.036,-0.31022727272727274,-0.474,22,0.0
zfparc_crop,1721,East Equatoria,2002,-0.29600000000000004,-0.845,1.01,-0.29600000000000004,-0.845,36,0.0
zfparc_crop,1721,East Equatoria,2003,-0.3516388888888889,-0.807,0.873,-0.3516388888888889,-0.807,36,0.0
zfparc_crop,1721,East Equatoria,2004,-0.45316666666666666,-1.136,0.535,-0.45316666666666666,-1.136,36,0.08333333333333333
zfparc_crop,1721,East Equatoria,2005,-0.5728055555555556,-1.158,-0.275,-0.5728055555555556,-1.158,36,0.05555555555555555
zfparc_crop,1721,East Equatoria,2006,-0.2615277777777778,-0.754,0.446,-0.2615277777777778,-0.754,36,0.0
zfparc_crop,1721,East Equatoria,2007,0.2966944444444445,-0.769,0.778,0.2966944444444445,-0.769,36,0.0
zfparc_crop,1721,East Equatoria,2008,-0.24413888888888888,-1.211,1.129,-0.24413888888888888,-1.211,36,0.027777777777777776
zfparc_crop,1721,East Equatoria,2009,-0.7910277777777778,-1.629,1.087,-0.7910277777777778,-1.629,36,0.4166666666666667
zfparc_crop,1721,East Equatoria,2010,-0.17988888888888888,-1.403,1.661,-0.17988888888888888,-1.403,36,0.16666666666666666
zfparc_crop,1721,East Equatoria,2011,-0.4634722222222222,-0.793,0.389,-0.4634722222222222,-0.793,36,0.0
zfparc_crop,1721,East Equatoria,2012,0.4041388888888889,-1.503,1.299,0.4041388888888889,-1.503,36,0.1111111111111111
zfparc_crop,1721,East Equatoria,2013,0.6109166666666667,0.191,1.793,0.6109166666666667,0.191,36,0.0
zfparc_crop,1721,East Equatoria,2014,0.1965,-0.234,1.292,0.1965,-0.234,36,0.0
zfparc_crop,1721,East Equatoria,2015,0.48188888888888887,-1.484,1.339,0.48188888888888887,-1.484,36,0.027777777777777776
zfparc_crop,1721,East Equatoria,2016,-0.04952777777777778,-0.502,0.699,-0.04952777777777778,-0.502,36,0.0
zfparc_crop,1721,East Equatoria,2017,-0.5466944444444445,-1.086,0.369,-0.5466944444444445,-1.086,36,0.16666666666666666
zfparc_crop,1721,East Equatoria,2018,0.5103611111111112,-0.49,1.621,0.5103611111111112,-0.49,36,0.0
zfparc_crop,1721,East Equatoria,2019,-0.3396666666666667,-1.275,0.652,-0.3396666666666667,-1.275,36,0.19444444444444445
zfparc_crop,1721,East Equatoria,2020,0.7839444444444444,-0.733,1.71,0.7839444444444444,-0.733,36,0.0
zfparc_crop,1721,East Equatoria,2021,0.4250555555555555,-1.41,1.753,0.4250555555555555,-1.41,36,0.027777777777777776
zfparc_crop,1721,East Equatoria,2022,0.08488888888888889,-0.934,0.418,0.08488888888888889,-0.934,36,0.0
zfparc_crop,1721,East Equatoria,2023,0.8136388888888889,-1.042,1.73,0.8136388888888889,-1.042,36,0.027777777777777776
zfparc_crop,1721,East Equatoria,2024,0.88425,-0.247,1.2,0.88425,-0.247,36,0.0
zfparc_crop,1721,East Equatoria,2025,1.0566944444444444,-0.823,1.512,1.0566944444444444,-0.823,36,0.0
zfparc_crop,1721,East Equatoria,2026,0.8177,-0.521,1.893,0.8177,-0.521,20,0.0
zfparc_crop,1726,North Bahr Ghaza,2001,-0.3620909090909091,-0.631,-0.054,-0.3620909090909091,-0.631,22,0.0
zfparc_crop,1726,North Bahr Ghaza,2002,-0.6371290322580646,-1.245,0.448,-0.6371290322580646,-1.245,31,0.06451612903225806
zfparc_crop,1726,North Bahr Ghaza,2003,-0.6996129032258064,-2.432,-0.279,-0.6996129032258064,-2.432,31,0.22580645161290322
zfparc_crop,1726,North Bahr Ghaza,2004,-0.1749032258064516,-2.11,0.275,-0.1749032258064516,-2.11,31,0.1935483870967742
zfparc_crop,1726,North Bahr Ghaza,2005,0.24706451612903224,-1.103,0.95,0.24706451612903224,-1.103,31,0.03225806451612903
zfparc_crop,1726,North Bahr Ghaza,2006,0.2485806451612903,-0.278,0.591,0.2485806451612903,-0.278,31,0.0
zfparc_crop,1726,North Bahr Ghaza,2007,0.03400000000000001,-0.244,1.34,0.03400000000000001,-0.244,31,0.0
zfparc_crop,1726,North Bahr Ghaza,2008,0.5885806451612903,-0.143,2.51,0.5885806451612903,-0.143,31,0.0
zfparc_crop,1726,North Bahr Ghaza,2009,-0.8693225806451613,-1.443,1.73,-0.8693225806451613,-1.443,31,0.6129032258064516
zfparc_crop,1726,North Bahr Ghaza,2010,-0.1,-0.338,0.56,-0.1,-0.338,31,0.0
zfparc_crop,1726,North Bahr Ghaza,2011,-0.20806451612903226,-0.687,0.213,-0.20806451612903226,-0.687,31,0.0
zfparc_crop,1726,North Bahr Ghaza,2012,-0.3821290322580645,-1.129,0.283,-0.3821290322580645,-1.129,31,0.0967741935483871
zfparc_crop,1726,North Bahr Ghaza,2013,0.6310967741935484,-0.61,1.373,0.6310967741935484,-0.61,31,0.0
zfparc_crop,1726,North Bahr Ghaza,2014,0.9537741935483871,0.439,1.972,0.9537741935483871,0.439,31,0.0
zfparc_crop,1726,North Bahr Ghaza,2015,0.31448387096774194,0.04,0.815,0.31448387096774194,0.04,31,0.0
zfparc_crop,1726,North Bahr Ghaza,2016,-0.10351612903225807,-0.5,0.625,-0.10351612903225807,-0.5,31,0.0
zfparc_crop,1726,North Bahr Ghaza,2017,0.4566774193548387,-1.65,0.833,0.4566774193548387,-1.65,31,0.06451612903225806
zfparc_crop,1726,North Bahr Ghaza,2018,-0.36264516129032254,-0.743,0.805,-0.36264516129032254,-0.743,31,0.0
zfparc_crop,1726,North Bahr Ghaza,2019,0.37761290322580643,-1.72,0.938,0.37761290322580643,-1.72,31,0.03225806451612903
zfparc_crop,1726,North Bahr Ghaza,2020,-0.3334838709677419,-0.95,1.022,-0.3334838709677419,-0.95,31,0.0
zfparc_crop,1726,North Bahr Ghaza,2021,0.17619354838709678,-0.641,0.509,0.17619354838709678,-0.641,31,0.0
zfparc_crop,1726,North Bahr Ghaza,2022,-0.25064516129032255,-0.578,0.778,-0.25064516129032255,-0.578,31,0.0
zfparc_crop,1726,North Bahr Ghaza,2023,0.2613548387096774,-0.82,0.928,0.2613548387096774,-0.82,31,0.0
zfparc_crop,1726,North Bahr Ghaza,2024,0.023516129032258068,-1.08,1.247,0.023516129032258068,-1.08,31,0.06451612903225806
zfparc_crop,1726,North Bahr Ghaza,2025,0.11416129032258064,-1.33,1.239,0.11416129032258064,-1.33,31,0.03225806451612903
zfparc_crop,1726,North Bahr Ghaza,2026,1.1922666666666666,0.677,1.77,1.1922666666666666,0.677,15,0.0
zfparc_crop,1727,Warab,2001,-0.31022727272727274,-0.592,-0.026,-0.31022727272727274,-0.592,22,0.0
zfparc_crop,1727,Warab,2002,-0.159,-0.904,0.49,-0.159,-0.904,34,0.0
zfparc_crop,1727,Warab,2003,-0.6744411764705882,-1.936,-0.312,-0.6744411764705882,-1.936,34,0.08823529411764706
zfparc_crop,1727,Warab,2004,-0.30973529411764705,-1.575,0.727,-0.30973529411764705,-1.575,34,0.17647058823529413
zfparc_crop,1727,Warab,2005,-0.20311764705882351,-1.745,0.861,-0.20311764705882351,-1.745,34,0.11764705882352941
zfparc_crop,1727,Warab,2006,0.600735294117647,-0.402,1.032,0.600735294117647,-0.402,34,0.0
zfparc_crop,1727,Warab,2007,0.40820588235294114,-0.715,0.791,0.40820588235294114,-0.715,34,0.0
zfparc_crop,1727,Warab,2008,0.7743529411764706,-0.315,1.556,0.7743529411764706,-0.315,34,0.0
zfparc_crop,1727,Warab,2009,-0.41355882352941176,-0.939,1.022,-0.41355882352941176,-0.939,34,0.0
zfparc_crop,1727,Warab,2010,-0.6084705882352941,-1.265,0.86,-0.6084705882352941,-1.265,34,0.029411764705882353
zfparc_crop,1727,Warab,2011,-0.2646764705882353,-0.999,0.402,-0.2646764705882353,-0.999,34,0.0
zfparc_crop,1727,Warab,2012,-0.17447058823529413,-0.681,0.444,-0.17447058823529413,-0.681,34,0.0
zfparc_crop,1727,Warab,2013,0.24432352941176472,-0.88,0.878,0.24432352941176472,-0.88,34,0.0
zfparc_crop,1727,Warab,2014,1.242794117647059,0.411,2.275,1.242794117647059,0.411,34,0.0
zfparc_crop,1727,Warab,2015,0.2837941176470588,-0.194,1.793,0.2837941176470588,-0.194,34,0.0
zfparc_crop,1727,Warab,2016,-0.008205882352941177,-0.245,0.716,-0.008205882352941177,-0.245,34,0.0
zfparc_crop,1727,Warab,2017,-0.11041176470588235,-0.825,0.793,-0.11041176470588235,-0.825,34,0.0
zfparc_crop,1727,Warab,2018,0.032911764705882356,-0.348,0.715,0.032911764705882356,-0.348,34,0.0
zfparc_crop,1727,Warab,2019,-0.3246764705882353,-0.965,0.16,-0.3246764705882353,-0.965,34,0.0
zfparc_crop,1727,Warab,2020,-0.19629411764705884,-1.436,0.532,-0.19629411764705884,-1.436,34,0.08823529411764706
zfparc_crop,1727,Warab,2021,0.11023529411764706,-0.812,0.436,0.11023529411764706,-0.812,34,0.0
zfparc_crop,1727,Warab,2022,-0.41908823529411765,-1.098,0.935,-0.41908823529411765,-1.098,34,0.029411764705882353
zfparc_crop,1727,Warab,2023,0.3440294117647059,-0.799,1.177,0.3440294117647059,-0.799,34,0.0
zfparc_crop,1727,Warab,2024,0.12297058823529415,-1.41,1.77,0.12297058823529415,-1.41,34,0.08823529411764706
zfparc_crop,1727,Warab,2025,0.1589705882352941,-1.3,1.806,0.1589705882352941,-1.3,34,0.058823529411764705
zfparc_crop,1727,Warab,2026,0.8087222222222222,-0.787,1.83,0.8087222222222222,-0.787,18,0.0
zfparc_crop,1728,West Bahr Ghazal,2001,-0.13368181818181818,-0.405,0.014,-0.13368181818181818,-0.405,22,0.0
zfparc_crop,1728,West Bahr Ghazal,2002,-0.41964285714285715,-0.817,0.29,-0.41964285714285715,-0.817,28,0.0
zfparc_crop,1728,West Bahr Ghazal,2003,0.10485714285714286,-1.32,0.645,0.10485714285714286,-1.32,28,0.03571428571428571
zfparc_crop,1728,West Bahr Ghazal,2004,-0.24075,-0.763,0.381,-0.24075,-0.763,28,0.0
zfparc_crop,1728,West Bahr Ghazal,2005,0.4898928571428572,-1.503,1.08,0.4898928571428572,-1.503,28,0.03571428571428571
zfparc_crop,1728,West Bahr Ghazal,2006,0.5116071428571428,-1.0,1.16,0.5116071428571428,-1.0,28,0.0
zfparc_crop,1728,West Bahr Ghazal,2007,0.1010357142857143,-1.0,1.056,0.1010357142857143,-1.0,28,0.0
zfparc_crop,1728,West Bahr Ghazal,2008,0.20832142857142857,-0.68,1.72,0.20832142857142857,-0.68,28,0.0
zfparc_crop,1728,West Bahr Ghazal,2009,-0.6171785714285714,-1.554,1.018,-0.6171785714285714,-1.554,28,0.17857142857142858
zfparc_crop,1728,West Bahr Ghazal,2010,-0.47546428571428573,-1.06,-0.282,-0.47546428571428573,-1.06,28,0.03571428571428571
zfparc_crop,1728,West Bahr Ghazal,2011,-0.30275,-1.32,0.543,-0.30275,-1.32,28,0.03571428571428571
zfparc_crop,1728,West Bahr Ghazal,2012,0.3577142857142857,-0.78,0.861,0.3577142857142857,-0.78,28,0.0
zfparc_crop,1728,West Bahr Ghazal,2013,0.6443214285714286,0.113,0.94,0.6443214285714286,0.113,28,0.0
zfparc_crop,1728,West Bahr Ghazal,2014,0.8874285714285713,0.252,2.57,0.8874285714285713,0.252,28,0.0
zfparc_crop,1728,West Bahr Ghazal,2015,0.11303571428571428,-0.32,0.94,0.11303571428571428,-0.32,28,0.0
zfparc_crop,1728,West Bahr Ghazal,2016,0.2619285714285714,-0.263,0.94,0.2619285714285714,-0.263,28,0.0
zfparc_crop,1728,West Bahr Ghazal,2017,-0.43839285714285714,-1.301,1.26,-0.43839285714285714,-1.301,28,0.14285714285714285
zfparc_crop,1728,West Bahr Ghazal,2018,-0.08021428571428571,-0.322,0.782,-0.08021428571428571,-0.322,28,0.0
zfparc_crop,1728,West Bahr Ghazal,2019,-0.06628571428571428,-1.062,1.86,-0.06628571428571428,-1.062,28,0.07142857142857142
zfparc_crop,1728,West Bahr Ghazal,2020,-0.6587500000000001,-1.339,1.788,-0.6587500000000001,-1.339,28,0.42857142857142855
zfparc_crop,1728,West Bahr Ghazal,2021,-0.102,-0.417,0.43,-0.102,-0.417,28,0.0
zfparc_crop,1728,West Bahr Ghazal,2022,-0.1634642857142857,-0.589,0.439,-0.1634642857142857,-0.589,28,0.0
zfparc_crop,1728,West Bahr Ghazal,2023,0.18214285714285713,-1.57,0.637,0.18214285714285713,-1.57,28,0.03571428571428571
zfparc_crop,1728,West Bahr Ghazal,2024,-0.37035714285714283,-1.049,0.674,-0.37035714285714283,-1.049,28,0.03571428571428571
zfparc_crop,1728,West Bahr Ghazal,2025,-0.6061785714285713,-2.14,0.401,-0.6061785714285713,-2.14,28,0.17857142857142858
zfparc_crop,1728,West Bahr Ghazal,2026,0.40758333333333335,-1.0,1.395,0.40758333333333335,-1.0,12,0.0
zfparc_crop,1729,W.Equatoria,2001,0.21259090909090908,-0.183,0.547,0.21259090909090908,-0.183,22,0.0
zfparc_crop,1729,W.Equatoria,2002,0.3210909090909091,-1.09,1.62,0.3210909090909091,-1.09,33,0.030303030303030304
zfparc_crop,1729,W.Equatoria,2003,-0.8991212121212121,-1.348,0.695,-0.8991212121212121,-1.348,33,0.6363636363636364
zfparc_crop,1729,W.Equatoria,2004,-0.39684848484848484,-1.025,0.136,-0.39684848484848484,-1.025,33,0.030303030303030304
zfparc_crop,1729,W.Equatoria,2005,-1.1986969696969698,-2.107,0.233,-1.1986969696969698,-2.107,33,0.5757575757575758
zfparc_crop,1729,W.Equatoria,2006,-0.8693333333333333,-2.39,-0.406,-0.8693333333333333,-2.39,33,0.36363636363636365
zfparc_crop,1729,W.Equatoria,2007,-0.2805151515151515,-1.74,0.001,-0.2805151515151515,-1.74,33,0.030303030303030304
zfparc_crop,1729,W.Equatoria,2008,0.35948484848484846,-0.43,0.615,0.35948484848484846,-0.43,33,0.0
zfparc_crop,1729,W.Equatoria,2009,0.39312121212121215,0.054,1.997,0.39312121212121215,0.054,33,0.0
zfparc_crop,1729,W.Equatoria,2010,0.23781818181818182,-0.054,1.3,0.23781818181818182,-0.054,33,0.0
zfparc_crop,1729,W.Equatoria,2011,-0.3796969696969697,-0.668,0.003,-0.3796969696969697,-0.668,33,0.0
zfparc_crop,1729,W.Equatoria,2012,-0.6949090909090909,-1.059,0.0,-0.6949090909090909,-1.059,33,0.030303030303030304
zfparc_crop,1729,W.Equatoria,2013,0.20372727272727273,-1.196,1.3,0.20372727272727273,-1.196,33,0.030303030303030304
zfparc_crop,1729,W.Equatoria,2014,1.3284242424242425,-0.389,1.628,1.3284242424242425,-0.389,33,0.0
zfparc_crop,1729,W.Equatoria,2015,0.6014545454545455,0.22,1.211,0.6014545454545455,0.22,33,0.0
zfparc_crop,1729,W.Equatoria,2016,0.05521212121212121,-0.63,0.87,0.05521212121212121,-0.63,33,0.0
zfparc_crop,1729,W.Equatoria,2017,0.17157575757575758,-0.33,1.09,0.17157575757575758,-0.33,33,0.0
zfparc_crop,1729,W.Equatoria,2018,0.6649090909090909,0.223,1.476,0.6649090909090909,0.223,33,0.0
zfparc_crop,1729,W.Equatoria,2019,0.8584848484848484,0.367,1.547,0.8584848484848484,0.367,33,0.0
zfparc_crop,1729,W.Equatoria,2020,0.06548484848484848,-0.753,1.495,0.06548484848484848,-0.753,33,0.0
zfparc_crop,1729,W.Equatoria,2021,-0.10012121212121211,-0.657,0.362,-0.10012121212121211,-0.657,33,0.0
zfparc_crop,1729,W.Equatoria,2022,-0.6508787878787878,-1.234,0.462,-0.6508787878787878,-1.234,33,0.2727272727272727
zfparc_crop,1729,W.Equatoria,2023,0.5498181818181818,-2.213,1.134,0.5498181818181818,-2.213,33,0.06060606060606061
zfparc_crop,1729,W.Equatoria,2024,0.6217575757575757,0.374,1.675,0.6217575757575757,0.374,33,0.0
zfparc_crop,1729,W.Equatoria,2025,0.5383636363636364,0.0,0.976,0.5383636363636364,0.0,33,0.0
zfparc_crop,1729,W.Equatoria,2026,1.0681176470588236,-0.157,1.73,1.0681176470588236,-0.157,17,0.0
zfparc_crop,2242,Upper Nile,2001,-0.23931818181818185,-0.64,0.345,-0.23931818181818185,-0.64,22,0.0
zfparc_crop,2242,Upper Nile,2002,-0.7263636363636363,-1.503,0.613,-0.7263636363636363,-1.503,33,0.48484848484848486
zfparc_crop,2242,Upper Nile,2003,-0.4429090909090909,-1.244,0.238,-0.4429090909090909,-1.244,33,0.18181818181818182
zfparc_crop,2242,Upper Nile,2004,-0.5597878787878787,-1.023,0.126,-0.5597878787878787,-1.023,33,0.030303030303030304
zfparc_crop,2242,Upper Nile,2005,-0.38303030303030305,-1.517,0.338,-0.38303030303030305,-1.517,33,0.24242424242424243
zfparc_crop,2242,Upper Nile,2006,-0.4986060606060606,-2.7,0.366,-0.4986060606060606,-2.7,33,0.09090909090909091
zfparc_crop,2242,Upper Nile,2007,0.5366363636363636,-0.373,1.308,0.5366363636363636,-0.373,33,0.0
zfparc_crop,2242,Upper Nile,2008,0.3581212121212121,-0.84,2.49,0.3581212121212121,-0.84,33,0.0
zfparc_crop,2242,Upper Nile,2009,-0.6669393939393939,-1.102,0.151,-0.6669393939393939,-1.102,33,0.3939393939393939
zfparc_crop,2242,Upper Nile,2010,-0.46066666666666667,-1.29,0.611,-0.46066666666666667,-1.29,33,0.24242424242424243
zfparc_crop,2242,Upper Nile,2011,-0.005090909090909099,-1.157,0.894,-0.005090909090909099,-1.157,33,0.030303030303030304
zfparc_crop,2242,Upper Nile,2012,-0.08251515151515153,-1.72,0.556,-0.08251515151515153,-1.72,33,0.15151515151515152
zfparc_crop,2242,Upper Nile,2013,-0.7595151515151515,-1.225,0.3,-0.7595151515151515,-1.225,33,0.06060606060606061
zfparc_crop,2242,Upper Nile,2014,0.2588787878787879,-0.746,1.76,0.2588787878787879,-0.746,33,0.0
zfparc_crop,2242,Upper Nile,2015,0.17645454545454545,-0.313,0.715,0.17645454545454545,-0.313,33,0.0
zfparc_crop,2242,Upper Nile,2016,0.24709090909090908,-0.519,1.324,0.24709090909090908,-0.519,33,0.0
zfparc_crop,2242,Upper Nile,2017,0.23193939393939395,-0.598,1.096,0.23193939393939395,-0.598,33,0.0
zfparc_crop,2242,Upper Nile,2018,0.40448484848484845,-0.963,1.96,0.40448484848484845,-0.963,33,0.0
zfparc_crop,2242,Upper Nile,2019,0.32272727272727275,-1.026,1.149,0.32272727272727275,-1.026,33,0.030303030303030304
zfparc_crop,2242,Upper Nile,2020,0.3032727272727273,-0.13,0.738,0.3032727272727273,-0.13,33,0.0
zfparc_crop,2242,Upper Nile,2021,0.6862121212121212,0.095,1.91,0.6862121212121212,0.095,33,0.0
zfparc_crop,2242,Upper Nile,2022,0.28300000000000003,-0.797,1.17,0.28300000000000003,-0.797,33,0.0
zfparc_crop,2242,Upper Nile,2023,0.543969696969697,-0.391,1.295,0.543969696969697,-0.391,33,0.0
zfparc_crop,2242,Upper Nile,2024,0.638969696969697,-0.923,1.829,0.638969696969697,-0.923,33,0.0
zfparc_crop,2242,Upper Nile,2025,0.4156060606060606,-0.65,2.85,0.4156060606060606,-0.65,33,0.0
zfparc_crop,2242,Upper Nile,2026,0.9018235294117647,-0.851,3.295,0.9018235294117647,-0.851,17,0.0
zfparc_range,558,Jonglei,2001,-0.7031818181818182,-0.795,-0.425,-0.7031818181818182,-0.795,22,0.0
zfparc_range,558,Jonglei,2002,-0.5991944444444445,-1.18,0.199,-0.5991944444444445,-1.18,36,0.1388888888888889
zfparc_range,558,Jonglei,2003,-0.8050277777777778,-1.241,1.751,-0.8050277777777778,-1.241,36,0.4444444444444444
zfparc_range,558,Jonglei,2004,-0.2718333333333333,-0.75,1.29,-0.2718333333333333,-0.75,36,0.0
zfparc_range,558,Jonglei,2005,-0.6301388888888888,-1.327,1.291,-0.6301388888888888,-1.327,36,0.25
zfparc_range,558,Jonglei,2006,-0.24044444444444446,-0.891,0.283,-0.24044444444444446,-0.891,36,0.0
zfparc_range,558,Jonglei,2007,-0.18127777777777776,-1.828,0.059,-0.18127777777777776,-1.828,36,0.027777777777777776
zfparc_range,558,Jonglei,2008,0.16352777777777777,-0.355,0.565,0.16352777777777777,-0.355,36,0.0
zfparc_range,558,Jonglei,2009,-0.2871388888888889,-1.167,1.234,-0.2871388888888889,-1.167,36,0.1111111111111111
zfparc_range,558,Jonglei,2010,-0.6825833333333333,-1.457,0.813,-0.6825833333333333,-1.457,36,0.1388888888888889
zfparc_range,558,Jonglei,2011,-0.30316666666666664,-1.323,0.192,-0.30316666666666664,-1.323,36,0.1111111111111111
zfparc_range,558,Jonglei,2012,0.15191666666666667,-1.873,0.599,0.15191666666666667,-1.873,36,0.08333333333333333
zfparc_range,558,Jonglei,2013,0.07641666666666666,-0.772,1.11,0.07641666666666666,-0.772,36,0.0
zfparc_range,558,Jonglei,2014,0.3607222222222222,-0.915,0.644,0.3607222222222222,-0.915,36,0.0
zfparc_range,558,Jonglei,2015,0.4148611111111111,-0.729,0.848,0.4148611111111111,-0.729,36,0.0
zfparc_range,558,Jonglei,2016,-0.09577777777777778,-0.734,0.278,-0.09577777777777778,-0.734,36,0.0
zfparc_range,558,Jonglei,2017,0.11605555555555555,-0.583,0.867,0.11605555555555555,-0.583,36,0.0
zfparc_range,558,Jonglei,2018,0.5909444444444445,-0.455,0.979,0.5909444444444445,-0.455,36,0.0
zfparc_range,558,Jonglei,2019,0.19574999999999998,-0.616,0.654,0.19574999999999998,-0.616,36,0.0
zfparc_range,558,Jonglei,2020,0.7064722222222222,-0.73,1.533,0.7064722222222222,-0.73,36,0.0
zfparc_range,558,Jonglei,2021,0.54375,-0.561,0.92,0.54375,-0.561,36,0.0
zfparc_range,558,Jonglei,2022,0.5048611111111111,-0.392,0.902,0.5048611111111111,-0.392,36,0.0
zfparc_range,558,Jonglei,2023,0.24958333333333332,-0.953,1.272,0.24958333333333332,-0.953,36,0.0
zfparc_range,558,Jonglei,2024,0.47141666666666665,-1.293,0.873,0.47141666666666665,-1.293,36,0.05555555555555555
zfparc_range,558,Jonglei,2025,0.4594722222222222,-1.576,0.959,0.4594722222222222,-1.576,36,0.05555555555555555
zfparc_range,558,Jonglei,2026,0.633,-2.026,1.686,0.633,-2.026,20,0.15
zfparc_range,599,El Buheyrat,2001,-0.8739090909090909,-0.959,-0.675,-0.8739090909090909,-0.959,22,0.0
zfparc_range,599,El Buheyrat,2002,-0.7895,-1.034,0.023,-0.7895,-1.034,36,0.08333333333333333
zfparc_range,599,El Buheyrat,2003,-0.5738888888888889,-0.917,0.233,-0.5738888888888889,-0.917,36,0.0
zfparc_range,599,El Buheyrat,2004,-0.3281388888888889,-0.77,0.081,-0.3281388888888889,-0.77,36,0.0
zfparc_range,599,El Buheyrat,2005,-0.7667222222222222,-1.486,-0.433,-0.7667222222222222,-1.486,36,0.25
zfparc_range,599,El Buheyrat,2006,-0.4206388888888889,-1.156,-0.085,-0.4206388888888889,-1.156,36,0.08333333333333333
zfparc_range,599,El Buheyrat,2007,0.09347222222222223,-0.634,0.744,0.09347222222222223,-0.634,36,0.0
zfparc_range,599,El Buheyrat,2008,0.39316666666666666,-0.087,0.775,0.39316666666666666,-0.087,36,0.0
zfparc_range,599,El Buheyrat,2009,-0.17808333333333332,-0.942,0.703,-0.17808333333333332,-0.942,36,0.0
zfparc_range,599,El Buheyrat,2010,-0.32175,-1.999,0.662,-0.32175,-1.999,36,0.1388888888888889
zfparc_range,599,El Buheyrat,2011,-0.61425,-1.118,0.952,-0.61425,-1.118,36,0.25
zfparc_range,599,El Buheyrat,2012,-0.16558333333333333,-1.258,0.261,-0.16558333333333333,-1.258,36,0.05555555555555555
zfparc_range,599,El Buheyrat,2013,-0.16747222222222222,-0.49,0.847,-0.16747222222222222,-0.49,36,0.0
zfparc_range,599,El Buheyrat,2014,1.0248611111111112,-0.185,1.627,1.0248611111111112,-0.185,36,0.0
zfparc_range,599,El Buheyrat,2015,0.7001111111111111,0.245,1.558,0.7001111111111111,0.245,36,0.0
zfparc_range,599,El Buheyrat,2016,0.44533333333333336,-0.423,0.741,0.44533333333333336,-0.423,36,0.0
zfparc_range,599,El Buheyrat,2017,0.08033333333333333,-0.299,0.786,0.08033333333333333,-0.299,36,0.0
zfparc_range,599,El Buheyrat,2018,0.5371666666666667,-0.161,1.816,0.5371666666666667,-0.161,36,0.0
zfparc_range,599,El Buheyrat,2019,-0.37855555555555553,-1.031,0.286,-0.37855555555555553,-1.031,36,0.027777777777777776
zfparc_range,599,El Buheyrat,2020,0.49561111111111106,-0.105,1.112,0.49561111111111106,-0.105,36,0.0
zfparc_range,599,El Buheyrat,2021,0.559138888888889,-0.039,0.98,0.559138888888889,-0.039,36,0.0
zfparc_range,599,El Buheyrat,2022,0.3314722222222222,-0.232,0.832,0.3314722222222222,-0.232,36,0.0
zfparc_range,599,El Buheyrat,2023,-0.04674999999999999,-0.877,0.623,-0.04674999999999999,-0.877,36,0.0
zfparc_range,599,El Buheyrat,2024,0.2392777777777778,-0.608,0.87,0.2392777777777778,-0.608,36,0.0
zfparc_range,599,El Buheyrat,2025,0.7373333333333334,-0.168,1.105,0.7373333333333334,-0.168,36,0.0
zfparc_range,599,El Buheyrat,2026,0.9388,-0.285,1.858,0.9388,-0.285,20,0.0
zfparc_range,622,Unity,2001,-0.6680454545454545,-0.711,-0.536,-0.6680454545454545,-0.711,22,0.0
zfparc_range,622,Unity,2002,-0.8223333333333334,-1.24,0.481,-0.8223333333333334,-1.24,33,0.6666666666666666
zfparc_range,622,Unity,2003,-0.619060606060606,-1.189,-0.169,-0.619060606060606,-1.189,33,0.12121212121212122
zfparc_range,622,Unity,2004,-0.4530909090909091,-0.698,0.223,-0.4530909090909091,-0.698,33,0.0
zfparc_range,622,Unity,2005,-0.1666969696969697,-0.914,0.182,-0.1666969696969697,-0.914,33,0.0
zfparc_range,622,Unity,2006,0.36321212121212115,-1.415,1.051,0.36321212121212115,-1.415,33,0.030303030303030304
zfparc_range,622,Unity,2007,0.098,-0.209,0.586,0.098,-0.209,33,0.0
zfparc_range,622,Unity,2008,0.27624242424242423,-0.309,0.924,0.27624242424242423,-0.309,33,0.0
zfparc_range,622,Unity,2009,-0.6693636363636363,-0.971,-0.007,-0.6693636363636363,-0.971,33,0.0
zfparc_range,622,Unity,2010,-0.5522727272727274,-2.443,0.124,-0.5522727272727274,-2.443,33,0.12121212121212122
zfparc_range,622,Unity,2011,-0.1573939393939394,-0.905,0.643,-0.1573939393939394,-0.905,33,0.0
zfparc_range,622,Unity,2012,-0.15215151515151515,-0.839,0.485,-0.15215151515151515,-0.839,33,0.0
zfparc_range,622,Unity,2013,-0.15966666666666668,-0.433,0.569,-0.15966666666666668,-0.433,33,0.0
zfparc_range,622,Unity,2014,0.5915151515151515,-0.028,1.367,0.5915151515151515,-0.028,33,0.0
zfparc_range,622,Unity,2015,0.3679393939393939,0.017,1.058,0.3679393939393939,0.017,33,0.0
zfparc_range,622,Unity,2016,0.5993333333333333,-0.978,0.995,0.5993333333333333,-0.978,33,0.0
zfparc_range,622,Unity,2017,0.5616969696969697,0.098,0.991,0.5616969696969697,0.098,33,0.0
zfparc_range,622,Unity,2018,0.12087878787878788,-0.259,0.974,0.12087878787878788,-0.259,33,0.0
zfparc_range,622,Unity,2019,0.23054545454545453,-0.69,0.634,0.23054545454545453,-0.69,33,0.0
zfparc_range,622,Unity,2020,0.47378787878787876,-0.099,0.903,0.47378787878787876,-0.099,33,0.0
zfparc_range,622,Unity,2021,0.4903030303030303,-0.217,1.091,0.4903030303030303,-0.217,33,0.0
zfparc_range,622,Unity,2022,-0.20027272727272727,-0.782,0.815,-0.20027272727272727,-0.782,33,0.0
zfparc_range,622,Unity,2023,-0.08451515151515152,-0.661,0.44,-0.08451515151515152,-0.661,33,0.0
zfparc_range,622,Unity,2024,-0.165,-0.884,1.65,-0.165,-0.884,33,0.0
zfparc_range,622,Unity,2025,-0.29930303030303035,-1.588,0.515,-0.29930303030303035,-1.588,33,0.06060606060606061
zfparc_range,622,Unity,2026,-0.08164705882352942,-2.903,0.886,-0.08164705882352942,-2.903,17,0.11764705882352941
zfparc_range,623,C. Equatoria,2001,-0.8217272727272728,-0.951,-0.353,-0.8217272727272728,-0.951,22,0.0
zfparc_range,623,C. Equatoria,2002,-0.4760857142857143,-1.089,-0.058,-0.4760857142857143,-1.089,35,0.02857142857142857
zfparc_range,623,C. Equatoria,2003,-0.19594285714285717,-0.67,0.304,-0.19594285714285717,-0.67,35,0.0
zfparc_range,623,C. Equatoria,2004,-0.20114285714285715,-0.54,0.438,-0.20114285714285715,-0.54,35,0.0
zfparc_range,623,C. Equatoria,2005,-1.171914285714286,-1.581,0.248,-1.171914285714286,-1.581,35,0.8
zfparc_range,623,C. Equatoria,2006,-0.06088571428571429,-0.877,0.223,-0.06088571428571429,-0.877,35,0.0
zfparc_range,623,C. Equatoria,2007,-0.2739714285714286,-0.798,0.629,-0.2739714285714286,-0.798,35,0.0
zfparc_range,623,C. Equatoria,2008,0.07097142857142857,-0.354,0.676,0.07097142857142857,-0.354,35,0.0
zfparc_range,623,C. Equatoria,2009,0.16905714285714285,-0.842,2.011,0.16905714285714285,-0.842,35,0.0
zfparc_range,623,C. Equatoria,2010,-0.2899714285714286,-0.791,0.8,-0.2899714285714286,-0.791,35,0.0
zfparc_range,623,C. Equatoria,2011,-0.30514285714285716,-0.848,0.036,-0.30514285714285716,-0.848,35,0.0
zfparc_range,623,C. Equatoria,2012,-0.03774285714285714,-1.04,1.022,-0.03774285714285714,-1.04,35,0.05714285714285714
zfparc_range,623,C. Equatoria,2013,0.42114285714285715,-0.006,1.299,0.42114285714285715,-0.006,35,0.0
zfparc_range,623,C. Equatoria,2014,0.4599142857142858,-0.522,0.622,0.4599142857142858,-0.522,35,0.0
zfparc_range,623,C. Equatoria,2015,0.4631142857142857,-0.312,0.846,0.4631142857142857,-0.312,35,0.0
zfparc_range,623,C. Equatoria,2016,0.05171428571428572,-0.302,1.235,0.05171428571428572,-0.302,35,0.0
zfparc_range,623,C. Equatoria,2017,-0.5321142857142857,-1.142,0.301,-0.5321142857142857,-1.142,35,0.11428571428571428
zfparc_range,623,C. Equatoria,2018,0.6138571428571429,-1.494,1.216,0.6138571428571429,-1.494,35,0.05714285714285714
zfparc_range,623,C. Equatoria,2019,-0.20694285714285715,-0.845,1.153,-0.20694285714285715,-0.845,35,0.0
zfparc_range,623,C. Equatoria,2020,0.604,-0.649,1.055,0.604,-0.649,35,0.0
zfparc_range,623,C. Equatoria,2021,-0.08877142857142857,-0.748,0.953,-0.08877142857142857,-0.748,35,0.0
zfparc_range,623,C. Equatoria,2022,0.31385714285714283,-0.083,0.818,0.31385714285714283,-0.083,35,0.0
zfparc_range,623,C. Equatoria,2023,0.6772571428571429,-0.483,1.192,0.6772571428571429,-0.483,35,0.0
zfparc_range,623,C. Equatoria,2024,0.7706571428571428,0.178,1.052,0.7706571428571428,0.178,35,0.0
zfparc_range,623,C. Equatoria,2025,0.6428571428571429,0.345,1.372,0.6428571428571429,0.345,35,0.0
zfparc_range,623,C. Equatoria,2026,1.0216315789473684,0.449,1.495,1.0216315789473684,0.449,19,0.0
zfparc_range,1721,East Equatoria,2001,-0.22695454545454546,-0.416,0.111,-0.22695454545454546,-0.416,22,0.0
zfparc_range,1721,East Equatoria,2002,-0.5321666666666667,-1.06,0.374,-0.5321666666666667,-1.06,36,0.2222222222222222
zfparc_range,1721,East Equatoria,2003,-0.38466666666666666,-0.932,0.441,-0.38466666666666666,-0.932,36,0.0
zfparc_range,1721,East Equatoria,2004,-0.4948888888888889,-0.759,0.141,-0.4948888888888889,-0.759,36,0.0
zfparc_range,1721,East Equatoria,2005,-0.7846666666666667,-1.058,0.058,-0.7846666666666667,-1.058,36,0.08333333333333333
zfparc_range,1721,East Equatoria,2006,-0.26316666666666666,-1.174,0.097,-0.26316666666666666,-1.174,36,0.1111111111111111
zfparc_range,1721,East Equatoria,2007,0.162,-0.471,0.953,0.162,-0.471,36,0.0
zfparc_range,1721,East Equatoria,2008,-0.29880555555555555,-0.754,0.237,-0.29880555555555555,-0.754,36,0.0
zfparc_range,1721,East Equatoria,2009,-0.3660833333333333,-1.14,1.234,-0.3660833333333333,-1.14,36,0.1388888888888889
zfparc_range,1721,East Equatoria,2010,-0.1785,-1.01,1.355,-0.1785,-1.01,36,0.027777777777777776
zfparc_range,1721,East Equatoria,2011,-0.46655555555555556,-0.813,0.068,-0.46655555555555556,-0.813,36,0.0
zfparc_range,1721,East Equatoria,2012,0.47197222222222224,-1.263,1.388,0.47197222222222224,-1.263,36,0.08333333333333333
zfparc_range,1721,East Equatoria,2013,0.24250000000000002,-0.134,1.069,0.24250000000000002,-0.134,36,0.0
zfparc_range,1721,East Equatoria,2014,0.11083333333333333,-0.229,0.602,0.11083333333333333,-0.229,36,0.0
zfparc_range,1721,East Equatoria,2015,0.5774166666666667,-0.424,1.349,0.5774166666666667,-0.424,36,0.0
zfparc_range,1721,East Equatoria,2016,-0.09561111111111112,-0.669,0.75,-0.09561111111111112,-0.669,36,0.0
zfparc_range,1721,East Equatoria,2017,-0.46108333333333335,-0.974,0.291,-0.46108333333333335,-0.974,36,0.0
zfparc_range,1721,East Equatoria,2018,0.4921944444444445,-0.148,1.007,0.4921944444444445,-0.148,36,0.0
zfparc_range,1721,East Equatoria,2019,-0.131,-1.135,1.261,-0.131,-1.135,36,0.1111111111111111
zfparc_range,1721,East Equatoria,2020,0.9731666666666666,-0.262,1.851,0.9731666666666666,-0.262,36,0.0
zfparc_range,1721,East Equatoria,2021,0.4654722222222223,-0.837,1.161,0.4654722222222223,-0.837,36,0.0
zfparc_range,1721,East Equatoria,2022,0.21177777777777776,-0.774,0.55,0.21177777777777776,-0.774,36,0.0
zfparc_range,1721,East Equatoria,2023,0.8028055555555556,-0.923,1.708,0.8028055555555556,-0.923,36,0.0
zfparc_range,1721,East Equatoria,2024,0.9241111111111111,0.415,1.103,0.9241111111111111,0.415,36,0.0
zfparc_range,1721,East Equatoria,2025,0.7793333333333333,-0.144,1.057,0.7793333333333333,-0.144,36,0.0
zfparc_range,1721,East Equatoria,2026,0.9831,0.105,2.126,0.9831,0.105,20,0.0
zfparc_range,1726,North Bahr Ghaza,2001,-0.8503636363636363,-0.954,-0.627,-0.8503636363636363,-0.954,22,0.0
zfparc_range,1726,North Bahr Ghaza,2002,-0.8036388888888889,-1.061,-0.18,-0.8036388888888889,-1.061,36,0.1388888888888889
zfparc_range,1726,North Bahr Ghaza,2003,-0.5551388888888888,-2.673,0.083,-0.5551388888888888,-2.673,36,0.19444444444444445
zfparc_range,1726,North Bahr Ghaza,2004,-0.4761944444444445,-2.066,-0.06,-0.4761944444444445,-2.066,36,0.1388888888888889
zfparc_range,1726,North Bahr Ghaza,2005,-0.21925,-1.233,0.149,-0.21925,-1.233,36,0.027777777777777776
zfparc_range,1726,North Bahr Ghaza,2006,-0.11833333333333333,-0.713,0.747,-0.11833333333333333,-0.713,36,0.0
zfparc_range,1726,North Bahr Ghaza,2007,0.23583333333333334,-0.211,0.962,0.23583333333333334,-0.211,36,0.0
zfparc_range,1726,North Bahr Ghaza,2008,0.4550555555555556,-0.396,1.879,0.4550555555555556,-0.396,36,0.0
zfparc_range,1726,North Bahr Ghaza,2009,-0.6236944444444444,-1.188,0.874,-0.6236944444444444,-1.188,36,0.4722222222222222
zfparc_range,1726,North Bahr Ghaza,2010,-0.30283333333333334,-0.62,0.602,-0.30283333333333334,-0.62,36,0.0
zfparc_range,1726,North Bahr Ghaza,2011,-0.3161111111111111,-0.919,0.502,-0.3161111111111111,-0.919,36,0.0
zfparc_range,1726,North Bahr Ghaza,2012,-0.4403611111111111,-2.624,0.759,-0.4403611111111111,-2.624,36,0.2222222222222222
zfparc_range,1726,North Bahr Ghaza,2013,0.36680555555555555,-0.437,0.646,0.36680555555555555,-0.437,36,0.0
zfparc_range,1726,North Bahr Ghaza,2014,1.1181388888888888,0.61,2.005,1.1181388888888888,0.61,36,0.0
zfparc_range,1726,North Bahr Ghaza,2015,0.40275,0.145,1.249,0.40275,0.145,36,0.0
zfparc_range,1726,North Bahr Ghaza,2016,0.04833333333333333,-0.459,0.67,0.04833333333333333,-0.459,36,0.0
zfparc_range,1726,North Bahr Ghaza,2017,0.16652777777777777,-0.764,0.683,0.16652777777777777,-0.764,36,0.0
zfparc_range,1726,North Bahr Ghaza,2018,-0.04544444444444445,-0.517,0.822,-0.04544444444444445,-0.517,36,0.0
zfparc_range,1726,North Bahr Ghaza,2019,0.5215000000000001,-0.705,1.135,0.5215000000000001,-0.705,36,0.0
zfparc_range,1726,North Bahr Ghaza,2020,-0.1643611111111111,-0.539,0.917,-0.1643611111111111,-0.539,36,0.0
zfparc_range,1726,North Bahr Ghaza,2021,0.6209444444444444,-0.622,1.161,0.6209444444444444,-0.622,36,0.0
zfparc_range,1726,North Bahr Ghaza,2022,-0.024055555555555552,-1.415,0.629,-0.024055555555555552,-1.415,36,0.027777777777777776
zfparc_range,1726,North Bahr Ghaza,2023,0.4206111111111111,-0.22,1.278,0.4206111111111111,-0.22,36,0.0
zfparc_range,1726,North Bahr Ghaza,2024,-0.15333333333333335,-1.854,1.415,-0.15333333333333335,-1.854,36,0.027777777777777776
zfparc_range,1726,North Bahr Ghaza,2025,0.22983333333333336,-0.527,1.101,0.22983333333333336,-0.527,36,0.0
zfparc_range,1726,North Bahr Ghaza,2026,1.3334,0.929,2.121,1.3334,0.929,20,0.0
zfparc_range,1727,Warab,2001,-0.5195454545454545,-0.573,-0.452,-0.5195454545454545,-0.573,22,0.0
zfparc_range,1727,Warab,2002,-0.6360277777777777,-0.959,0.513,-0.6360277777777777,-0.959,36,0.0
zfparc_range,1727,Warab,2003,-0.9597777777777777,-1.602,-0.652,-0.9597777777777777,-1.602,36,0.2777777777777778
zfparc_range,1727,Warab,2004,-0.5329444444444444,-1.248,0.168,-0.5329444444444444,-1.248,36,0.05555555555555555
zfparc_range,1727,Warab,2005,-0.6003611111111111,-1.138,0.005,-0.6003611111111111,-1.138,36,0.1388888888888889
zfparc_range,1727,Warab,2006,0.3168888888888889,-1.103,0.869,0.3168888888888889,-1.103,36,0.08333333333333333
zfparc_range,1727,Warab,2007,0.4470555555555556,0.074,0.911,0.4470555555555556,0.074,36,0.0
zfparc_range,1727,Warab,2008,0.7823888888888889,-0.103,1.727,0.7823888888888889,-0.103,36,0.0
zfparc_range,1727,Warab,2009,-0.40302777777777776,-1.102,0.474,-0.40302777777777776,-1.102,36,0.05555555555555555
zfparc_range,1727,Warab,2010,-0.5896388888888889,-1.2,-0.068,-0.5896388888888889,-1.2,36,0.08333333333333333
zfparc_range,1727,Warab,2011,-0.43913888888888886,-1.133,0.41,-0.43913888888888886,-1.133,36,0.08333333333333333
zfparc_range,1727,Warab,2012,-0.3547777777777778,-0.99,0.057,-0.3547777777777778,-0.99,36,0.0
zfparc_range,1727,Warab,2013,0.0783888888888889,-0.259,0.316,0.0783888888888889,-0.259,36,0.0
zfparc_range,1727,Warab,2014,1.2473333333333332,-0.015,2.097,1.2473333333333332,-0.015,36,0.0
zfparc_range,1727,Warab,2015,0.46127777777777784,0.095,1.135,0.46127777777777784,0.095,36,0.0
zfparc_range,1727,Warab,2016,0.24619444444444444,-0.578,0.567,0.24619444444444444,-0.578,36,0.0
zfparc_range,1727,Warab,2017,0.06641666666666667,-0.518,0.635,0.06641666666666667,-0.518,36,0.0
zfparc_range,1727,Warab,2018,0.2940833333333333,-0.093,1.827,0.2940833333333333,-0.093,36,0.0
zfparc_range,1727,Warab,2019,-0.15930555555555556,-0.59,0.534,-0.15930555555555556,-0.59,36,0.0
zfparc_range,1727,Warab,2020,0.3205555555555556,-0.077,0.76,0.3205555555555556,-0.077,36,0.0
zfparc_range,1727,Warab,2021,0.36469444444444443,-0.029,0.584,0.36469444444444443,-0.029,36,0.0
zfparc_range,1727,Warab,2022,-0.1816111111111111,-0.505,0.519,-0.1816111111111111,-0.505,36,0.0
zfparc_range,1727,Warab,2023,0.3259722222222222,-0.894,1.076,0.3259722222222222,-0.894,36,0.0
zfparc_range,1727,Warab,2024,0.34791666666666665,-0.386,1.419,0.34791666666666665,-0.386,36,0.0
zfparc_range,1727,Warab,2025,0.36341666666666667,-0.091,0.774,0.36341666666666667,-0.091,36,0.0
zfparc_range,1727,Warab,2026,1.1836,0.318,2.183,1.1836,0.318,20,0.0
zfparc_range,1728,West Bahr Ghazal,2001,-0.925590909090909,-1.208,-0.73,-0.925590909090909,-1.208,22,0.18181818181818182
zfparc_range,1728,West Bahr Ghazal,2002,-1.0876944444444445,-1.58,-0.435,-1.0876944444444445,-1.58,36,0.6944444444444444
zfparc_range,1728,West Bahr Ghazal,2003,-0.7267222222222222,-1.58,-0.309,-0.7267222222222222,-1.58,36,0.3055555555555556
zfparc_range,1728,West Bahr Ghazal,2004,-0.34744444444444444,-0.79,0.64,-0.34744444444444444,-0.79,36,0.0
zfparc_range,1728,West Bahr Ghazal,2005,-0.6268611111111111,-1.468,0.64,-0.6268611111111111,-1.468,36,0.25
zfparc_range,1728,West Bahr Ghazal,2006,-0.2546111111111111,-1.84,0.292,-0.2546111111111111,-1.84,36,0.027777777777777776
zfparc_range,1728,West Bahr Ghazal,2007,0.04,-0.943,0.627,0.04,-0.943,36,0.0
zfparc_range,1728,West Bahr Ghazal,2008,0.4217222222222222,-0.47,1.404,0.4217222222222222,-0.47,36,0.0
zfparc_range,1728,West Bahr Ghazal,2009,-0.12675,-0.531,1.35,-0.12675,-0.531,36,0.0
zfparc_range,1728,West Bahr Ghazal,2010,-0.30280555555555555,-0.884,1.47,-0.30280555555555555,-0.884,36,0.0
zfparc_range,1728,West Bahr Ghazal,2011,-0.5996388888888888,-0.99,0.0,-0.5996388888888888,-0.99,36,0.0
zfparc_range,1728,West Bahr Ghazal,2012,-0.44563888888888886,-1.58,0.506,-0.44563888888888886,-1.58,36,0.25
zfparc_range,1728,West Bahr Ghazal,2013,-0.020694444444444442,-1.078,0.676,-0.020694444444444442,-1.078,36,0.027777777777777776
zfparc_range,1728,West Bahr Ghazal,2014,0.7946666666666666,-2.14,1.557,0.7946666666666666,-2.14,36,0.027777777777777776
zfparc_range,1728,West Bahr Ghazal,2015,0.2603611111111111,-0.032,0.62,0.2603611111111111,-0.032,36,0.0
zfparc_range,1728,West Bahr Ghazal,2016,0.3958611111111111,-0.735,0.92,0.3958611111111111,-0.735,36,0.0
zfparc_range,1728,West Bahr Ghazal,2017,0.20372222222222222,-0.265,1.19,0.20372222222222222,-0.265,36,0.0
zfparc_range,1728,West Bahr Ghazal,2018,0.48686111111111113,0.233,1.42,0.48686111111111113,0.233,36,0.0
zfparc_range,1728,West Bahr Ghazal,2019,0.6321111111111111,0.076,1.53,0.6321111111111111,0.076,36,0.0
zfparc_range,1728,West Bahr Ghazal,2020,-0.04036111111111111,-0.329,0.916,-0.04036111111111111,-0.329,36,0.0
zfparc_range,1728,West Bahr Ghazal,2021,0.5762222222222222,-0.039,0.88,0.5762222222222222,-0.039,36,0.0
zfparc_range,1728,West Bahr Ghazal,2022,0.26422222222222225,-0.05,1.127,0.26422222222222225,-0.05,36,0.0
zfparc_range,1728,West Bahr Ghazal,2023,0.9084722222222221,-0.184,1.518,0.9084722222222221,-0.184,36,0.0
zfparc_range,1728,West Bahr Ghazal,2024,0.032833333333333325,-0.809,1.79,0.032833333333333325,-0.809,36,0.0
zfparc_range,1728,West Bahr Ghazal,2025,0.4814722222222223,-0.153,1.036,0.4814722222222223,-0.153,36,0.0
zfparc_range,1728,West Bahr Ghazal,2026,1.17625,-0.05,1.97,1.17625,-0.05,20,0.0
zfparc_range,1729,W.Equatoria,2001,-0.5307272727272727,-0.793,-0.265,-0.5307272727272727,-0.793,22,0.0
zfparc_range,1729,W.Equatoria,2002,-0.40885714285714286,-0.621,0.08,-0.40885714285714286,-0.621,35,0.0
zfparc_range,1729,W.Equatoria,2003,-0.7172000000000001,-0.911,0.123,-0.7172000000000001,-0.911,35,0.0
zfparc_range,1729,W.Equatoria,2004,-0.36234285714285713,-1.383,0.755,-0.36234285714285713,-1.383,35,0.02857142857142857
zfparc_range,1729,W.Equatoria,2005,-1.0961999999999998,-1.457,-0.428,-1.0961999999999998,-1.457,35,0.6571428571428571
zfparc_range,1729,W.Equatoria,2006,-0.7783714285714285,-1.044,0.478,-0.7783714285714285,-1.044,35,0.14285714285714285
zfparc_range,1729,W.Equatoria,2007,-0.4686571428571428,-0.859,-0.322,-0.4686571428571428,-0.859,35,0.0
zfparc_range,1729,W.Equatoria,2008,0.41471428571428576,-0.448,0.851,0.41471428571428576,-0.448,35,0.0
zfparc_range,1729,W.Equatoria,2009,0.11734285714285715,-0.505,0.814,0.11734285714285715,-0.505,35,0.0
zfparc_range,1729,W.Equatoria,2010,-0.17737142857142857,-0.442,0.667,-0.17737142857142857,-0.442,35,0.0
zfparc_range,1729,W.Equatoria,2011,-0.7955714285714285,-1.168,-0.047,-0.7955714285714285,-1.168,35,0.22857142857142856
zfparc_range,1729,W.Equatoria,2012,-0.6348,-1.067,-0.154,-0.6348,-1.067,35,0.11428571428571428
zfparc_range,1729,W.Equatoria,2013,0.17468571428571428,-0.419,0.547,0.17468571428571428,-0.419,35,0.0
zfparc_range,1729,W.Equatoria,2014,1.0727714285714285,-0.227,1.338,1.0727714285714285,-0.227,35,0.0
zfparc_range,1729,W.Equatoria,2015,0.9205142857142856,0.427,1.344,0.9205142857142856,0.427,35,0.0
zfparc_range,1729,W.Equatoria,2016,0.7412571428571428,-0.105,1.115,0.7412571428571428,-0.105,35,0.0
zfparc_range,1729,W.Equatoria,2017,0.05779999999999999,-0.251,0.674,0.05779999999999999,-0.251,35,0.0
zfparc_range,1729,W.Equatoria,2018,0.8864285714285713,-0.07,1.508,0.8864285714285713,-0.07,35,0.0
zfparc_range,1729,W.Equatoria,2019,0.32125714285714285,-0.179,1.619,0.32125714285714285,-0.179,35,0.0
zfparc_range,1729,W.Equatoria,2020,0.15077142857142858,-0.887,0.815,0.15077142857142858,-0.887,35,0.0
zfparc_range,1729,W.Equatoria,2021,0.30765714285714285,-0.66,0.546,0.30765714285714285,-0.66,35,0.0
zfparc_range,1729,W.Equatoria,2022,-0.09174285714285714,-0.692,1.228,-0.09174285714285714,-0.692,35,0.0
zfparc_range,1729,W.Equatoria,2023,0.5994571428571428,-1.702,1.164,0.5994571428571428,-1.702,35,0.02857142857142857
zfparc_range,1729,W.Equatoria,2024,0.46694285714285716,-0.631,0.948,0.46694285714285716,-0.631,35,0.0
zfparc_range,1729,W.Equatoria,2025,0.8793142857142857,0.126,1.095,0.8793142857142857,0.126,35,0.0
zfparc_range,1729,W.Equatoria,2026,1.013684210526316,0.291,1.356,1.013684210526316,0.291,19,0.0
zfparc_range,2242,Upper Nile,2001,-0.3944090909090909,-0.538,-0.266,-0.3944090909090909,-0.538,22,0.0
zfparc_range,2242,Upper Nile,2002,-0.6538611111111111,-1.211,0.328,-0.6538611111111111,-1.211,36,0.5
zfparc_range,2242,Upper Nile,2003,-0.6489722222222222,-1.257,-0.211,-0.6489722222222222,-1.257,36,0.3055555555555556
zfparc_range,2242,Upper Nile,2004,-0.8863888888888889,-1.485,0.33,-0.8863888888888889,-1.485,36,0.5
zfparc_range,2242,Upper Nile,2005,-0.6174444444444445,-1.876,-0.092,-0.6174444444444445,-1.876,36,0.25
zfparc_range,2242,Upper Nile,2006,-0.4436111111111111,-1.459,-0.076,-0.4436111111111111,-1.459,36,0.1111111111111111
zfparc_range,2242,Upper Nile,2007,0.11263888888888889,-0.728,0.457,0.11263888888888889,-0.728,36,0.0
zfparc_range,2242,Upper Nile,2008,0.41188888888888886,0.046,1.682,0.41188888888888886,0.046,36,0.0
zfparc_range,2242,Upper Nile,2009,-0.4293888888888889,-1.227,1.036,-0.4293888888888889,-1.227,36,0.1111111111111111
zfparc_range,2242,Upper Nile,2010,-0.852,-1.923,-0.334,-0.852,-1.923,36,0.3055555555555556
zfparc_range,2242,Upper Nile,2011,-0.3115,-1.227,0.405,-0.3115,-1.227,36,0.08333333333333333
zfparc_range,2242,Upper Nile,2012,0.07138888888888889,-0.657,0.404,0.07138888888888889,-0.657,36,0.0
zfparc_range,2242,Upper Nile,2013,-0.27441666666666664,-0.727,0.551,-0.27441666666666664,-0.727,36,0.0
zfparc_range,2242,Upper Nile,2014,0.34024999999999994,-0.198,1.001,0.34024999999999994,-0.198,36,0.0
zfparc_range,2242,Upper Nile,2015,0.2788611111111111,-0.025,0.811,0.2788611111111111,-0.025,36,0.0
zfparc_range,2242,Upper Nile,2016,0.453,-0.805,1.286,0.453,-0.805,36,0.0
zfparc_range,2242,Upper Nile,2017,0.47302777777777777,-0.134,1.122,0.47302777777777777,-0.134,36,0.0
zfparc_range,2242,Upper Nile,2018,0.42286111111111113,-0.051,1.309,0.42286111111111113,-0.051,36,0.0
zfparc_range,2242,Upper Nile,2019,0.2856944444444445,-0.888,0.66,0.2856944444444445,-0.888,36,0.0
zfparc_range,2242,Upper Nile,2020,0.5015277777777778,-0.124,0.909,0.5015277777777778,-0.124,36,0.0
zfparc_range,2242,Upper Nile,2021,0.9987499999999999,0.522,1.829,0.9987499999999999,0.522,36,0.0
zfparc_range,2242,Upper Nile,2022,0.3078888888888889,-0.098,1.066,0.3078888888888889,-0.098,36,0.0
zfparc_range,2242,Upper Nile,2023,0.6054999999999999,-0.234,0.965,0.6054999999999999,-0.234,36,0.0
zfparc_range,2242,Upper Nile,2024,0.49147222222222225,-0.079,0.94,0.49147222222222225,-0.079,36,0.0
zfparc_range,2242,Upper Nile,2025,0.41883333333333334,-0.3,1.804,0.41883333333333334,-0.3,36,0.0
zfparc_range,2242,Upper Nile,2026,1.0909,0.143,3.066,1.0909,0.143,20,0.0
