indicator,asap1_id,adm1_name,stat,period,n_years,slope_per_decade,slope_lo,slope_hi,tau,p_value,total_change,fit_intercept,fit_year_min,fit_year_max,early_mean,late_mean,epoch_shift,early_period,late_period
fpar_crop,558,Jonglei,z_mean,2001+,26,0.5201051751383496,0.326918181984598,0.7127874726624468,0.5692307692307692,1.796817515501251e-05,1.300262937845874,-104.66844934189928,2001,2026,-0.6228697500453878,0.4740952257207861,1.096964975766174,2001-2005,2022-2026
fpar_crop,599,El Buheyrat,z_mean,2001+,26,-0.16611868967069665,-0.31306926006276636,0.024387136190840375,-0.20615384615384616,0.14697001740066537,-0.4152967241767416,33.378266247518,2001,2026,0.07050198625063217,-0.18950950000636477,-0.26001148625699694,2001-2005,2022-2026
fpar_crop,622,Unity,z_mean,2001+,26,-0.2137263334912541,-0.5337859995177595,0.04699701668230422,-0.20615384615384616,0.14697001740066537,-0.5343158337281353,43.00787824105206,2001,2026,-0.15037284615544744,-0.4525278469377583,-0.3021550007823109,2001-2005,2022-2026
fpar_crop,623,C. Equatoria,z_mean,2001+,26,0.09825549297659938,-0.16797931731154056,0.2637558454400386,0.12000000000000001,0.4060348292913185,0.24563873244149845,-19.787851242033305,2001,2026,0.04838999533331103,0.12409715180434763,0.0757071564710366,2001-2005,2022-2026
fpar_crop,1721,East Equatoria,z_mean,2001+,26,0.4965984004826911,0.29094576404707534,0.7047216216543452,0.52,0.00011041937521594675,1.2414960012067278,-99.99250707244987,2001,2026,-0.5353291009150103,0.5278877108297225,1.063216811744733,2001-2005,2022-2026
fpar_crop,1726,North Bahr Ghaza,z_mean,2001+,26,0.4693634658369858,0.196086354441974,0.6992511239880392,0.46461538461538465,0.000648089627144108,1.1734086645924644,-94.46448609760883,2001,2026,-0.4639806399077571,0.6867397804937607,1.1507204204015178,2001-2005,2022-2026
fpar_crop,1727,Warab,z_mean,2001+,26,0.2345843194550638,-0.08800120927607682,0.48006475300800494,0.20615384615384616,0.14697001740066537,0.5864607986376595,-47.26389961683567,2001,2026,-0.25977641271319574,0.5404627039407466,0.8002391166539423,2001-2005,2022-2026
fpar_crop,1728,West Bahr Ghazal,z_mean,2001+,26,0.24544182773099327,-0.1003263066449332,0.4202845327460572,0.2,0.1598021358738695,0.6136045693274831,-49.43631067548034,2001,2026,-0.25050348052591226,0.226212581444622,0.4767160619705343,2001-2005,2022-2026
fpar_crop,1729,W.Equatoria,z_mean,2001+,26,0.47767288505721306,0.31885121405320355,0.6890765323215614,0.5507692307692308,3.655084919983229e-05,1.1941822126430326,-96.19745868801066,2001,2026,-0.42937650903069785,0.45195266949446244,0.8813291785251602,2001-2005,2022-2026
fpar_crop,2242,Upper Nile,z_mean,2001+,26,0.5591478883310863,0.3752961362112991,0.7449107269930132,0.5815384615384616,1.0960818857282772e-05,1.3978697208277158,-112.56255612518575,2001,2026,-0.6024467558134333,0.6457859404123738,1.248232696225807,2001-2005,2022-2026
rain_crop,558,Jonglei,z_mean,2001+,26,0.01854469503222307,-0.07497977896267383,0.18766000585489628,0.05846153846153847,0.6944365083392359,0.04636173758055768,-3.7792138356365257,2001,2026,-0.07154584983231452,-0.014784242821658081,0.05676160701065644,2001-2005,2022-2026
rain_crop,599,El Buheyrat,z_mean,2001+,26,0.07735983636710461,-0.11945501690750437,0.2406525958862905,0.10153846153846155,0.4844245357791813,0.19339959091776152,-15.65068276681881,2001,2026,-0.09925370723449559,-0.08529247066404555,0.013961236570450036,2001-2005,2022-2026
rain_crop,622,Unity,z_mean,2001+,26,0.057952471169076133,-0.045128764462574085,0.19539411867794312,0.15076923076923077,0.2932239991190237,0.14488117792269034,-11.692498427786507,2001,2026,-0.11520920078430201,-0.00011864739530404456,0.11509055338899797,2001-2005,2022-2026
rain_crop,623,C. Equatoria,z_mean,2001+,26,-0.06490005232176274,-0.18171844963211897,0.1261877036589396,-0.12615384615384617,0.3816539232629054,-0.16225013080440687,13.100051955448059,2001,2026,0.06247358083559913,-0.10507781002997059,-0.16755139086556972,2001-2005,2022-2026
rain_crop,1721,East Equatoria,z_mean,2001+,26,0.0718651500116225,-0.06031864166169517,0.2087329757529409,0.12615384615384617,0.3816539232629054,0.17966287502905623,-14.46226625606593,2001,2026,-0.07622765957357948,0.08171873085975061,0.15794639043333009,2001-2005,2022-2026
rain_crop,1726,North Bahr Ghaza,z_mean,2001+,26,0.044839118976780876,-0.06183042300699085,0.19687207938365647,0.12615384615384617,0.3816539232629054,0.11209779744195218,-9.084871945610544,2001,2026,-0.12030547606685923,-0.04773573353910472,0.07256974252775451,2001-2005,2022-2026
rain_crop,1727,Warab,z_mean,2001+,26,0.10509267913675288,-0.060758789976623,0.27080054820186383,0.1630769230769231,0.2545197559925082,0.26273169784188216,-21.147468441390817,2001,2026,-0.21994024190662467,-0.002382699429366755,0.21755754247725792,2001-2005,2022-2026
rain_crop,1728,West Bahr Ghazal,z_mean,2001+,26,0.015545060919879769,-0.14781023288436757,0.15839304344789887,0.033846153846153845,0.8273014975871174,0.03886265229969942,-3.2126281752281884,2001,2026,-0.0946095615968485,-0.025251045224775233,0.06935851637207327,2001-2005,2022-2026
rain_crop,1729,W.Equatoria,z_mean,2001+,26,-0.021674226136030338,-0.1554583136720203,0.11088015843042578,-0.046153846153846156,0.7600019817687585,-0.05418556534007585,4.321440000567738,2001,2026,0.0023055525765901864,-0.07211115070659727,-0.07441670328318745,2001-2005,2022-2026
rain_crop,2242,Upper Nile,z_mean,2001+,26,0.1447397107457314,0.047397966739015585,0.24574506092505327,0.3476923076923077,0.01250555929784387,0.3618492768643285,-29.11061006635396,2001,2026,-0.23321427397630096,0.0834840305651358,0.31669830454143677,2001-2005,2022-2026
sm_crop,558,Jonglei,z_mean,2001+,26,-0.3774682645107363,-0.6842132087847783,-0.08563071140570488,-0.32923076923076927,0.018371833944896835,-0.9436706612768406,76.11774505570271,2001,2026,0.23710510554507364,-0.45312401493337473,-0.6902291204784483,2001-2005,2022-2026
sm_crop,599,El Buheyrat,z_mean,2001+,26,-0.46999067319191545,-0.699962577524596,-0.20627788475092332,-0.4461538461538462,0.001104378997432415,-1.1749766829797887,94.73309056442775,2001,2026,0.3751075779471439,-0.61967060226118,-0.9947781802083239,2001-2005,2022-2026
sm_crop,622,Unity,z_mean,2001+,26,-0.15487182170199826,-0.4898238906740046,0.1988674051767346,-0.12615384615384617,0.3816539232629054,-0.3871795542549956,31.21575811572832,2001,2026,0.009024898247419788,0.02311941431728811,0.014094516069868323,2001-2005,2022-2026
sm_crop,623,C. Equatoria,z_mean,2001+,26,-0.4054307717688119,-0.6720901669962369,-0.15779074807758214,-0.513846153846154,0.00013623648586789824,-1.0135769294220298,81.76901812042944,2001,2026,0.4299019302056122,-0.4087614598824745,-0.8386633900880867,2001-2005,2022-2026
sm_crop,1721,East Equatoria,z_mean,2001+,26,-0.18151262825375578,-0.34383457328905276,0.03479966791782913,-0.2246153846153846,0.11309398151890815,-0.45378157063438945,36.53704389350903,2001,2026,0.05763519500073424,-0.16860445280077382,-0.22623964780150807,2001-2005,2022-2026
sm_crop,1726,North Bahr Ghaza,z_mean,2001+,26,-0.6673779949173232,-0.9702664187191492,-0.3656640400642766,-0.5076923076923078,0.00016750104173650105,-1.668444987293308,134.38868369992076,2001,2026,0.6529760940792453,-0.483068921409874,-1.1360450154891193,2001-2005,2022-2026
sm_crop,1727,Warab,z_mean,2001+,26,-0.5980913112850135,-0.8693755157128215,-0.29624385733995595,-0.5015384615384615,0.0002052321279151139,-1.4952282782125337,120.39993571547751,2001,2026,0.4765050454180262,-0.47431228360235755,-0.9508173290203837,2001-2005,2022-2026
sm_crop,1728,West Bahr Ghazal,z_mean,2001+,26,-0.3326992508422849,-0.6758472284762812,-0.043922742647816246,-0.3353846153846154,0.0161979670992742,-0.8317481271057123,67.03357752824843,2001,2026,0.32758432035518487,-0.4467851977264086,-0.7743695180815935,2001-2005,2022-2026
sm_crop,1729,W.Equatoria,z_mean,2001+,26,-0.39089289067317073,-0.5780039098089754,-0.20255200335640677,-0.46461538461538465,0.000648089627144108,-0.9772322266829269,78.6110919963113,2001,2026,0.38968635299593307,-0.33495418507322555,-0.7246405380691586,2001-2005,2022-2026
sm_crop,2242,Upper Nile,z_mean,2001+,26,-0.5143877101222109,-0.819570060382319,-0.17480286235227221,-0.42153846153846153,0.0021585006151530464,-1.2859692753055272,103.67675629807442,2001,2026,0.24500660922979062,-0.5138700077243896,-0.7588766169541803,2001-2005,2022-2026
spi3_crop,558,Jonglei,z_mean,2001+,26,0.21483870967741941,-0.03451612903225811,0.523106960950764,0.2307692307692308,0.10325382470897754,0.5370967741935485,-43.06919354838711,2001,2026,-0.11338709677419354,0.19506064516129032,0.30844774193548385,2001-2005,2022-2026
spi3_crop,599,El Buheyrat,z_mean,2001+,26,0.12678571428571428,-0.3924702380952382,0.38866541353383466,0.09538461538461539,0.5122312629584481,0.3169642857142857,-25.57875,2001,2026,-0.07021428571428567,-0.24966904761904765,-0.17945476190476198,2001-2005,2022-2026
spi3_crop,622,Unity,z_mean,2001+,26,0.21690476190476193,-0.04671428571428571,0.43083333333333335,0.2553846153846154,0.07039249318951525,0.5422619047619048,-43.667327380952386,2001,2026,-0.31294285714285713,0.05845,0.37139285714285714,2001-2005,2022-2026
spi3_crop,623,C. Equatoria,z_mean,2001+,26,-0.07882352941176468,-0.3160661764705882,0.21282135076252717,-0.1076923076923077,0.4574398645566293,-0.19705882352941173,15.972044117647055,2001,2026,0.17702352941176472,-0.21363071895424834,-0.39065424836601303,2001-2005,2022-2026
spi3_crop,1721,East Equatoria,z_mean,2001+,26,0.20846618357487923,-0.06871527777777775,0.5385380116959064,0.2123076923076923,0.13492500286485662,0.521165458937198,-41.79038828502415,2001,2026,-0.07369444444444444,0.39582666666666666,0.4695211111111111,2001-2005,2022-2026
spi3_crop,1726,North Bahr Ghaza,z_mean,2001+,26,0.10630094043887149,-0.1793486590038314,0.45034482758620703,0.12615384615384617,0.3816539232629054,0.2657523510971787,-21.466021943573672,2001,2026,-0.3916758620689656,-0.18609124668435012,0.20558461538461548,2001-2005,2022-2026
spi3_crop,1727,Warab,z_mean,2001+,26,0.18125000000000002,-0.13893649193548385,0.5617369727047147,0.13846153846153847,0.3356053064891282,0.45312500000000006,-36.477719758064524,2001,2026,-0.47227096774193544,-0.0065036290322580655,0.4657673387096774,2001-2005,2022-2026
spi3_crop,1728,West Bahr Ghazal,z_mean,2001+,26,0.034603174603174615,-0.1764652014652015,0.2924579831932773,0.05230769230769231,0.7269745473586298,0.08650793650793653,-6.948974206349209,2001,2026,-0.12558571428571424,-0.059052380952380946,0.0665333333333333,2001-2005,2022-2026
spi3_crop,1729,W.Equatoria,z_mean,2001+,26,-0.09561616161616157,-0.36296037296037303,0.29066115702479345,-0.07692307692307693,0.6002720153905604,-0.23904040404040391,19.35819382055852,2001,2026,0.03441212121212125,-0.23942388591800357,-0.2738360071301248,2001-2005,2022-2026
spi3_crop,2242,Upper Nile,z_mean,2001+,26,0.3652222222222222,0.1110666666666667,0.5779251700680271,0.3230769230769231,0.020790708274678393,0.9130555555555555,-73.44819444444444,2001,2026,-0.5046866666666666,0.17619523809523807,0.6808819047619047,2001-2005,2022-2026
spi3_range,558,Jonglei,z_mean,2001+,26,0.24900793650793648,0.025782828282828286,0.5051041666666667,0.31076923076923074,0.026449850319121056,0.6225198412698413,-49.940511904761905,2001,2026,-0.09910555555555554,0.35645333333333334,0.4555588888888889,2001-2005,2022-2026
spi3_range,599,El Buheyrat,z_mean,2001+,26,0.1544791666666667,-0.2536257309941521,0.40966374269005845,0.09538461538461539,0.5122312629584481,0.3861979166666667,-31.18149131944445,2001,2026,-0.13925555555555552,-0.11289666666666667,0.02635888888888885,2001-2005,2022-2026
spi3_range,622,Unity,z_mean,2001+,26,0.1780909090909091,-0.0453030303030303,0.3998217468805704,0.20615384615384616,0.14697001740066537,0.44522727272727275,-35.862013636363635,2001,2026,-0.24622424242424246,-0.0029597147950089107,0.24326452762923353,2001-2005,2022-2026
spi3_range,623,C. Equatoria,z_mean,2001+,26,-0.09504761904761919,-0.31783928571428577,0.2911428571428571,-0.06461538461538462,0.6624406163751665,-0.23761904761904795,19.230095238095267,2001,2026,0.17414857142857146,-0.15596992481203006,-0.3301184962406015,2001-2005,2022-2026
spi3_range,1721,East Equatoria,z_mean,2001+,26,0.18630555555555556,-0.11712962962962961,0.4925925925925926,0.2,0.1598021358738695,0.4657638888888889,-37.33306805555556,2001,2026,-0.013616666666666655,0.33376222222222224,0.3473788888888889,2001-2005,2022-2026
spi3_range,1726,North Bahr Ghaza,z_mean,2001+,26,0.13745524296675193,-0.10525210084033608,0.4261274509803922,0.18153846153846157,0.20324965345831253,0.34363810741687983,-27.6660723216823,2001,2026,-0.38359411764705886,-0.07030130718954249,0.3132928104575164,2001-2005,2022-2026
spi3_range,1727,Warab,z_mean,2001+,26,0.15315656565656566,-0.1852951388888889,0.554212962962963,0.1323076923076923,0.3581740111592894,0.3828914141414142,-30.84233838383839,2001,2026,-0.45374444444444445,-0.07151111111111111,0.3822333333333333,2001-2005,2022-2026
spi3_range,1728,West Bahr Ghazal,z_mean,2001+,26,0.14635416666666665,-0.08020833333333335,0.34787037037037033,0.1753846153846154,0.2194491560096635,0.36588541666666663,-29.466967013888883,2001,2026,-0.24465555555555554,-0.03392222222222222,0.21073333333333333,2001-2005,2022-2026
spi3_range,1729,W.Equatoria,z_mean,2001+,26,-0.0434285714285713,-0.3387428571428571,0.277952380952381,-0.046153846153846156,0.7600019817687585,-0.10857142857142825,8.719025563909748,2001,2026,-0.11126857142857143,-0.2391269172932331,-0.12785834586466166,2001-2005,2022-2026
spi3_range,2242,Upper Nile,z_mean,2001+,26,0.37522222222222223,0.1297584541062802,0.6149007936507935,0.37230769230769234,0.007246760676529504,0.9380555555555555,-75.47106388888889,2001,2026,-0.4541777777777778,0.22238333333333332,0.6765611111111112,2001-2005,2022-2026
temp_crop,558,Jonglei,z_mean,2001+,26,0.3545568727719744,0.13568819080072536,0.6148861903553189,0.4092307692307693,0.002967964261916864,0.886392181929936,-71.2466977890152,2001,2026,0.028305518650954754,0.7924298518797886,0.7641243332288339,2001-2005,2022-2026
temp_crop,599,El Buheyrat,z_mean,2001+,26,0.5894181160762246,0.30673074752210927,0.8031893502809595,0.5938461538461539,6.569767006174222e-06,1.4735452901905615,-118.55925493011813,2001,2026,-0.13234206404241744,0.9490761168091669,1.0814181808515844,2001-2005,2022-2026
temp_crop,622,Unity,z_mean,2001+,26,0.35022768868693965,0.11842728753798694,0.5829937573038395,0.4584615384615385,0.0007764146077267176,0.8755692217173492,-70.40381414472554,2001,2026,-0.042032212336015784,0.8532370319350466,0.8952692442710624,2001-2005,2022-2026
temp_crop,623,C. Equatoria,z_mean,2001+,26,0.42752855588926797,0.24302482626157387,0.6085600211069127,0.5076923076923078,0.00016750104173650105,1.06882138972317,-85.862447521056,2001,2026,-0.10281981637203871,0.6616350969639228,0.7644549133359615,2001-2005,2022-2026
temp_crop,1721,East Equatoria,z_mean,2001+,26,0.2109690009049413,0.014393300637226944,0.38389538925273015,0.29846153846153844,0.03335891133004549,0.5274225022623533,-42.3839185619216,2001,2026,0.052074764637529726,0.47221374624819046,0.4201389816106607,2001-2005,2022-2026
temp_crop,1726,North Bahr Ghaza,z_mean,2001+,26,0.29906707924366177,0.11569805281933954,0.5119580891921315,0.39692307692307693,0.004037772563129267,0.7476676981091545,-60.02231768900628,2001,2026,0.007299702610183999,0.6830050643902362,0.6757053617800522,2001-2005,2022-2026
temp_crop,1727,Warab,z_mean,2001+,26,0.31607717251662804,0.08279413719506552,0.5655131614917822,0.42153846153846153,0.0021585006151530464,0.7901929312915701,-63.4874851655138,2001,2026,-0.015995670169389187,0.6245561378271142,0.6405518079965034,2001-2005,2022-2026
temp_crop,1728,West Bahr Ghazal,z_mean,2001+,26,0.41761129537177477,0.211431459746595,0.6086914287054604,0.5323076923076924,7.175637338272016e-05,1.044028238429437,-83.8752384511321,2001,2026,-0.01590299706304053,1.0039588114933902,1.0198618085564306,2001-2005,2022-2026
temp_crop,1729,W.Equatoria,z_mean,2001+,26,0.5538825227903441,0.3784400199116217,0.791082591666393,0.6615384615384615,2.7603172942384765e-07,1.38470630697586,-111.37300762672167,2001,2026,-0.2615502016214723,0.8124054448067483,1.0739556464282205,2001-2005,2022-2026
temp_crop,2242,Upper Nile,z_mean,2001+,26,0.5354032579331365,0.29475830815773696,0.7575498426545118,0.48307692307692307,0.00037001187279043704,1.338508144832841,-107.6724706310112,2001,2026,-0.042901064046731434,0.9408803737315852,0.9837814377783166,2001-2005,2022-2026
wsi_crop,558,Jonglei,z_mean,2001+,26,0.23378876276032742,-0.17374388892691076,0.5985288191828508,0.1753846153846154,0.2194491560096635,0.5844719069008185,-47.02865580239884,2001,2026,-0.3140213087041982,-0.09938752828695815,0.21463378041724004,2001-2005,2022-2026
wsi_crop,599,El Buheyrat,z_mean,2001+,26,-0.030782164233912297,-0.38468018643315005,0.30147823376111194,-0.04,0.7934634995090564,-0.07695541058478074,6.292318882671115,2001,2026,-0.12429619838050802,-0.5342247942830747,-0.40992859590256664,2001-2005,2022-2026
wsi_crop,622,Unity,z_mean,2001+,26,0.08839352013692234,-0.18948431165152158,0.31514454762038147,0.1323076923076923,0.3581740111592894,0.22098380034230583,-17.79997604131196,2001,2026,-0.40183531947320095,-0.2830287794431247,0.11880654003007624,2001-2005,2022-2026
wsi_crop,623,C. Equatoria,z_mean,2001+,26,-0.14182775985062107,-0.5487808161425072,0.29385670788565077,-0.12615384615384617,0.3816539232629054,-0.3545693996265527,28.61028990772432,2001,2026,0.3974765752650751,-0.287145448542163,-0.6846220238072381,2001-2005,2022-2026
wsi_crop,1721,East Equatoria,z_mean,2001+,26,0.3049810140815978,-0.061578428286498385,0.6508507948206113,0.2123076923076923,0.13492500286485662,0.7624525352039944,-61.28869183390979,2001,2026,-0.2649936349603423,0.36288102479653067,0.627874659756873,2001-2005,2022-2026
wsi_crop,1726,North Bahr Ghaza,z_mean,2001+,26,-0.05105453175525222,-0.27225796337707764,0.1780809878470997,-0.12000000000000001,0.4060348292913185,-0.12763632938813055,10.32893384810103,2001,2026,-0.4242752691184727,-0.36171933459653194,0.06255593452194075,2001-2005,2022-2026
wsi_crop,1727,Warab,z_mean,2001+,26,0.09644529346156179,-0.09180240523611988,0.3844196011825484,0.1630769230769231,0.2545197559925082,0.24111323365390447,-19.363788549350385,2001,2026,-0.6227168351652133,-0.11709160304138647,0.5056252321238268,2001-2005,2022-2026
wsi_crop,1728,West Bahr Ghazal,z_mean,2001+,26,-0.012671501040328818,-0.2363185124962921,0.27358920645542045,-0.027692307692307693,0.8614563711385228,-0.03167875260082204,2.6070499621444534,2001,2026,-0.29801351208280785,-0.30691587332002646,-0.008902361237218603,2001-2005,2022-2026
wsi_crop,1729,W.Equatoria,z_mean,2001+,26,-0.05688604246848651,-0.3983075411796577,0.26392973519702545,-0.08923076923076924,0.5408307375523345,-0.14221510617121627,11.70233352137433,2001,2026,0.2445889931605759,-0.38407753975045844,-0.6286665329110344,2001-2005,2022-2026
wsi_crop,2242,Upper Nile,z_mean,2001+,26,0.03412485542469775,-0.22790399844781922,0.38104783812440424,0.009230769230769232,0.9652027004982784,0.08531213856174438,-6.7993932744469925,2001,2026,-0.5058556188240517,-0.24339304158440908,0.2624625772396426,2001-2005,2022-2026
wsi_range,558,Jonglei,z_mean,2001+,26,0.19693525167762183,-0.0437070159866742,0.47047245694909146,0.20615384615384616,0.14697001740066537,0.49233812919405456,-39.609526207297854,2001,2026,-0.32755465122640337,0.050825064674237884,0.37837971590064123,2001-2005,2022-2026
wsi_range,599,El Buheyrat,z_mean,2001+,26,0.07788842596461373,-0.2166495060113234,0.38798861740353785,0.05230769230769231,0.7269745473586298,0.19472106491153432,-15.63178388872056,2001,2026,-0.23729259985677623,-0.2548002456680874,-0.017507645811311173,2001-2005,2022-2026
wsi_range,622,Unity,z_mean,2001+,26,0.05156561643864775,-0.24513538298804066,0.3820353040896732,0.05846153846153847,0.6944365083392359,0.1289140410966194,-10.587722777849695,2001,2026,-0.46771805899496394,-0.47014111932052527,-0.0024230603255613326,2001-2005,2022-2026
wsi_range,623,C. Equatoria,z_mean,2001+,26,-0.12150788043019196,-0.4401736615439861,0.3638654566895528,-0.08923076923076924,0.5408307375523345,-0.3037697010754799,24.508930602778367,2001,2026,0.3228001603393892,-0.11049504836863022,-0.4332952087080194,2001-2005,2022-2026
wsi_range,1721,East Equatoria,z_mean,2001+,26,0.13790397899234066,-0.20179384209780452,0.5301462398751562,0.16923076923076924,0.23653490275785774,0.34475994748085165,-27.519074097581385,2001,2026,-0.15487888454165707,0.12852616886912044,0.2834050534107775,2001-2005,2022-2026
wsi_range,1726,North Bahr Ghaza,z_mean,2001+,26,-0.10757767818713818,-0.31167441518966804,0.1437758252714626,-0.1323076923076923,0.3581740111592894,-0.2689441954678454,21.603912707497674,2001,2026,-0.24187491762002394,-0.5138997006846805,-0.27202478306465655,2001-2005,2022-2026
wsi_range,1727,Warab,z_mean,2001+,26,0.07945506668067182,-0.20938832945462268,0.429507254275488,0.07076923076923078,0.6310368149871954,0.19863766670167954,-15.964907515151005,2001,2026,-0.5053050879798532,-0.3076722947765942,0.197632793203259,2001-2005,2022-2026
wsi_range,1728,West Bahr Ghazal,z_mean,2001+,26,0.04133320111962602,-0.35115741049613175,0.41447788661312496,0.027692307692307693,0.8614563711385228,0.10333300279906504,-8.367473978347476,2001,2026,-0.342636933491437,-0.3013746219190009,0.041262311572436094,2001-2005,2022-2026
wsi_range,1729,W.Equatoria,z_mean,2001+,26,-0.010187031342913988,-0.5196307177783234,0.47679134616044677,-0.009230769230769232,0.9652027004982784,-0.025467578357284974,1.894168923013018,2001,2026,-0.07452093870639893,-0.29477179677565646,-0.22025085806925754,2001-2005,2022-2026
wsi_range,2242,Upper Nile,z_mean,2001+,26,0.325190991005622,0.02803680163326956,0.6689021425715235,0.29846153846153844,0.03335891133004549,0.812977477514055,-65.42973142760361,2001,2026,-0.6267130223730577,-0.1366066650391685,0.4901063573338892,2001-2005,2022-2026
zfpar_crop,558,Jonglei,z_mean,2001+,26,0.2666862170087976,0.14431977559607292,0.36648387096774193,0.5446153846153846,4.594304543929421e-05,0.666715542521994,-53.632995601173015,2001,2026,-0.27583225806451617,0.25652516129032255,0.5323574193548387,2001-2005,2022-2026
zfpar_crop,599,El Buheyrat,z_mean,2001+,26,-0.03807142857142859,-0.14845238095238097,0.08024242424242427,-0.07692307692307693,0.6002720153905604,-0.09517857142857147,7.618753571428575,2001,2026,-0.014640259740259731,-0.05672619047619047,-0.04208593073593074,2001-2005,2022-2026
zfpar_crop,622,Unity,z_mean,2001+,26,-0.04912820512820513,-0.237,0.12699999999999995,-0.05846153846153847,0.6944365083392359,-0.12282051282051282,9.832464102564103,2001,2026,-0.2022012121212121,-0.1902590476190476,0.011942164502164482,2001-2005,2022-2026
zfpar_crop,623,C. Equatoria,z_mean,2001+,26,0.09821895424836602,-0.016090527119938875,0.22809803921568628,0.2246153846153846,0.11309398151890815,0.24554738562091505,-19.755182189542488,2001,2026,-0.011465240641711233,0.16061699346405228,0.1720822341057635,2001-2005,2022-2026
zfpar_crop,1721,East Equatoria,z_mean,2001+,26,0.35701690821256044,0.19025641025641024,0.47909259259259257,0.47692307692307695,0.0004474231160704783,0.8925422705314011,-71.81893780193238,2001,2026,-0.30946363636363633,0.43235222222222225,0.7418158585858585,2001-2005,2022-2026
zfpar_crop,1726,North Bahr Ghaza,z_mean,2001+,26,0.24161290322580647,0.04695014662756597,0.43312762973352026,0.38461538461538464,0.005436631281043852,0.6040322580645162,-48.55141935483872,2001,2026,-0.22868475073313785,0.48060301075268813,0.709287761485826,2001-2005,2022-2026
zfpar_crop,1727,Warab,z_mean,2001+,26,0.1385588235294118,-0.07230392156862744,0.3255042016806723,0.20615384615384616,0.14697001740066537,0.3463970588235295,-27.83705441176471,2001,2026,-0.1756513368983957,0.3515751633986928,0.5272265002970885,2001-2005,2022-2026
zfpar_crop,1728,West Bahr Ghazal,z_mean,2001+,26,0.16114254792826221,0.02306122448979591,0.3015422077922078,0.2923076923076923,0.037344025361578,0.4028563698206556,-32.42051631106988,2001,2026,-0.19467987012987012,0.19201428571428572,0.38669415584415584,2001-2005,2022-2026
zfpar_crop,1729,W.Equatoria,z_mean,2001+,26,0.34378787878787886,0.19399621212121212,0.4893333333333334,0.5384615384615385,5.7525846742063396e-05,0.8594696969696971,-69.14888636363636,2001,2026,-0.24894848484848486,0.4148741532976826,0.6638226381461675,2001-2005,2022-2026
zfpar_crop,2242,Upper Nile,z_mean,2001+,26,0.44676767676767676,0.34005050505050505,0.5632491582491582,0.5938461538461539,6.569767006174222e-06,1.1169191919191919,-89.87835353535354,2001,2026,-0.4133818181818182,0.5689251336898395,0.9823069518716577,2001-2005,2022-2026
zfparc_crop,558,Jonglei,z_mean,2001+,26,0.3629032258064513,0.19175953079178884,0.5194677419354838,0.49538461538461537,0.0002506131270492923,0.9072580645161282,-73.02190322580638,2001,2026,-0.5487700879765397,0.2791987096774194,0.8279687976539591,2001-2005,2022-2026
zfparc_crop,599,El Buheyrat,z_mean,2001+,26,-0.1482312925170068,-0.41795918367346924,0.1414285714285714,-0.15076923076923077,0.2932239991190237,-0.370578231292517,29.78176360544218,2001,2026,-0.1379558441558441,-0.3677071428571429,-0.2297512987012988,2001-2005,2022-2026
zfparc_crop,622,Unity,z_mean,2001+,26,-0.1260833333333333,-0.3654242424242424,0.16638888888888886,-0.10153846153846155,0.4844245357791813,-0.3152083333333332,25.277212499999994,2001,2026,-0.26191696969696965,-0.5501742857142857,-0.2882573160173161,2001-2005,2022-2026
zfparc_crop,623,C. Equatoria,z_mean,2001+,26,0.03251633986928105,-0.1941176470588235,0.20233031674208143,0.05846153846153847,0.6944365083392359,0.08129084967320262,-6.513709150326798,2001,2026,0.026695721925133697,0.10016339869281046,0.07346767676767677,2001-2005,2022-2026
zfparc_crop,1721,East Equatoria,z_mean,2001+,26,0.5147649572649572,0.24326388888888886,0.7001388888888889,0.5261538461538462,8.9175233222817e-05,1.2869123931623931,-103.63024358974357,2001,2026,-0.39676767676767677,0.7314344444444444,1.1282021212121212,2001-2005,2022-2026
zfparc_crop,1726,North Bahr Ghaza,z_mean,2001+,26,0.21537001897533203,-0.044294354838709665,0.487126099706745,0.23692307692307696,0.09409290644202206,0.5384250474383301,-43.33599525616698,2001,2026,-0.32533431085043996,0.26813075268817205,0.5934650635386121,2001-2005,2022-2026
zfparc_crop,1727,Warab,z_mean,2001+,26,0.1857516339869281,-0.05183855360325948,0.4032175925925926,0.2307692307692308,0.10325382470897754,0.4643790849673203,-37.460400326797384,2001,2026,-0.33130427807486634,0.20312091503267976,0.5344251931075461,2001-2005,2022-2026
zfparc_crop,1728,West Bahr Ghazal,z_mean,2001+,26,-0.08110248447204965,-0.3239285714285714,0.17876984126984125,-0.07076923076923078,0.6310368149871954,-0.2027562111801241,16.256735248447196,2001,2026,-0.03986493506493506,-0.11005476190476186,-0.0701898268398268,2001-2005,2022-2026
zfparc_crop,1729,W.Equatoria,z_mean,2001+,26,0.3767171717171717,0.09929292929292935,0.7272727272727273,0.32923076923076927,0.018371833944896835,0.9417929292929292,-75.64384343434342,2001,2026,-0.3921969696969697,0.42543565062388594,0.8176326203208557,2001-2005,2022-2026
zfparc_crop,2242,Upper Nile,z_mean,2001+,26,0.513905723905724,0.34262626262626267,0.6379889807162535,0.5692307692307692,1.796817515501251e-05,1.28476430976431,-103.23540235690237,2001,2026,-0.47028181818181813,0.5566737967914438,1.026955614973262,2001-2005,2022-2026
zfparc_range,558,Jonglei,z_mean,2001+,26,0.5227962962962963,0.3869444444444444,0.6579166666666667,0.6553846153846153,3.7845215267635986e-07,1.3069907407407406,-105.13104814814814,2001,2026,-0.6018752525252525,0.46366666666666667,1.065541919191919,2001-2005,2022-2026
zfparc_range,599,El Buheyrat,z_mean,2001+,26,0.5443518518518518,0.3142094017094017,0.7407037037037039,0.5446153846153846,4.594304543929421e-05,1.3608796296296295,-109.58845370370369,2001,2026,-0.6664318181818181,0.4400266666666667,1.1064584848484849,2001-2005,2022-2026
zfparc_range,622,Unity,z_mean,2001+,26,0.2312878787878787,0.0008931419457735246,0.49921717171717167,0.28,0.046507327017603135,0.5782196969696968,-46.68814772727271,2001,2026,-0.5458454545454545,-0.16614759358288772,0.3796978609625668,2001-2005,2022-2026
zfparc_range,623,C. Equatoria,z_mean,2001+,26,0.5165844155844156,0.3417142857142857,0.6802857142857144,0.563076923076923,2.2859995080603212e-05,1.2914610389610388,-104.00728636363635,2001,2026,-0.5733625974025974,0.685252030075188,1.2586146274777854,2001-2005,2022-2026
zfparc_range,1721,East Equatoria,z_mean,2001+,26,0.5745508658008658,0.3514814814814815,0.719861111111111,0.5815384615384616,1.0960818857282772e-05,1.4363771645021646,-115.6782057178932,2001,2026,-0.4846686868686869,0.7402255555555556,1.2248942424242424,2001-2005,2022-2026
zfparc_range,1726,North Bahr Ghaza,z_mean,2001+,26,0.42347222222222225,0.2245416666666667,0.6728993055555555,0.46461538461538465,0.000648089627144108,1.0586805555555556,-85.30088194444446,2001,2026,-0.5809171717171717,0.3612911111111111,0.9422082828282828,2001-2005,2022-2026
zfparc_range,1727,Warab,z_mean,2001+,26,0.44043055555555555,0.1731666666666667,0.642875,0.45230769230769236,0.0009273588869346637,1.101076388888889,-88.51840069444445,2001,2026,-0.6497313131313132,0.4078588888888889,1.0575902020202022,2001-2005,2022-2026
zfparc_range,1728,West Bahr Ghazal,z_mean,2001+,26,0.6504722222222223,0.4130902777777778,0.8326262626262627,0.6000000000000001,5.051627829856436e-06,1.6261805555555557,-130.9361652777778,2001,2026,-0.7428626262626263,0.57265,1.3155126262626262,2001-2005,2022-2026
zfparc_range,1729,W.Equatoria,z_mean,2001+,26,0.587517316017316,0.3281428571428572,0.8774107142857142,0.47692307692307695,0.0004474231160704783,1.46879329004329,-118.16255443722945,2001,2026,-0.6230654545454545,0.573531127819549,1.1965965823650033,2001-2005,2022-2026
zfparc_range,2242,Upper Nile,z_mean,2001+,26,0.5841666666666666,0.3851657883179622,0.7852046783625731,0.6738461538461539,1.4415746301515204e-07,1.4604166666666667,-117.33968055555555,2001,2026,-0.6402151515151514,0.5829188888888889,1.2231340404040403,2001-2005,2022-2026
fpar_crop,0,National (mean of units),z_mean,2001+,26,0.267611687412723,0.13986429473353834,0.37588304224375135,0.4707692307692308,0.0005393251158499312,0.6690292185318075,-53.88019933493272,2001,2026,-0.31957635135228984,0.30351964171966983,0.6230959930719597,2001-2005,2022-2026
rain_crop,0,National (mean of units),z_mean,2001+,26,0.022337079987907918,-0.07316267746058606,0.14842069167714073,0.05230769230769231,0.7269745473586298,0.0558426999697698,-4.49469685211892,2001,2026,-0.09655268375591357,-0.018755103838593586,0.07779757991731998,2001-2005,2022-2026
sm_crop,0,National (mean of units),z_mean,2001+,26,-0.3942653368338725,-0.5902740653893174,-0.19786036150056377,-0.5015384615384615,0.0002052321279151139,-0.9856633420846812,79.38460085663995,2001,2026,0.3200533129024164,-0.3880031711096771,-0.7080564840120935,2001-2005,2022-2026
spi3_crop,0,National (mean of units),z_mean,2001+,26,0.07693821838230691,-0.13992943086351983,0.3587997907633744,0.07692307692307693,0.6002720153905604,0.19234554595576728,-15.454045728039636,2001,2026,-0.18530222442151767,-0.012883835923709374,0.1724183884978083,2001-2005,2022-2026
spi3_range,0,National (mean of units),z_mean,2001+,26,0.11692162440733869,-0.09811309137980262,0.38645396065922377,0.1323076923076923,0.3581740111592894,0.2923040610183467,-23.459539297021838,2001,2026,-0.19714939156268568,0.02259110247990743,0.2197404940425931,2001-2005,2022-2026
temp_crop,0,National (mean of units),z_mean,2001+,26,0.3698190651869576,0.20705713056346345,0.6109380502054406,0.5446153846153846,4.594304543929421e-05,0.9245476629673941,-74.31819436462968,2001,2026,-0.0525864039752437,0.779339767608519,0.8319261715837627,2001-2005,2022-2026
wsi_crop,0,National (mean of units),z_mean,2001+,26,0.04793969105565965,-0.1888904575649626,0.3913996958780636,0.046153846153846156,0.7600019817687585,0.11984922763914913,-9.63863831022642,2001,2026,-0.2313942128283144,-0.22541029180516023,0.005983921023154176,2001-2005,2022-2026
wsi_range,0,National (mean of units),z_mean,2001+,26,0.06625564979031157,-0.17508257551074144,0.33711219576726154,0.09538461538461539,0.5122312629584481,0.16563912447577891,-13.393258463305903,2001,2026,-0.2655694934451182,-0.22104102590089852,0.044528467544219685,2001-2005,2022-2026
zfpar_crop,0,National (mean of units),z_mean,2001+,26,0.19114416056745276,0.11004743755664531,0.2825609640385969,0.49538461538461537,0.0002506131270492923,0.47786040141863195,-38.44466571309805,2001,2026,-0.20749488677230424,0.2610500885734548,0.468544975345759,2001-2005,2022-2026
zfparc_crop,0,National (mean of units),z_mean,2001+,26,0.19580656357557683,0.0469607203932947,0.28766795041770377,0.36615384615384616,0.008335790462301297,0.4895164089389421,-39.36958615643833,2001,2026,-0.2877697168540926,0.15362214774746652,0.4413918646015591,2001-2005,2022-2026
zfparc_range,0,National (mean of units),z_mean,2001+,26,0.4950225198412699,0.37402089805619215,0.632286931044188,0.6369230769230769,9.418908364562851e-07,1.2375562996031746,-99.57034717667749,2001,2026,-0.6108975526695527,0.46612733420896263,1.0770248868785153,2001-2005,2022-2026
fpar_crop,558,Jonglei,z_min,2001+,26,0.436881856283986,0.1249592363175825,0.7967042810392126,0.36615384615384616,0.008335790462301297,1.092204640709965,-89.43084230422488,2001,2026,-1.7487534940290579,-1.0851678245720602,0.6635856694569977,2001-2005,2022-2026
fpar_crop,599,El Buheyrat,z_min,2001+,26,-0.14374712575669943,-0.4206806659880906,0.19598429513027965,-0.13846153846153847,0.3356053064891282,-0.3593678143917486,27.552996752383947,2001,2026,-1.3152984835392794,-1.590295673407015,-0.2749971898677357,2001-2005,2022-2026
fpar_crop,622,Unity,z_min,2001+,26,-0.12748752400099442,-0.584340668549926,0.29212512003085056,-0.09538461538461539,0.5122312629584481,-0.31871881000248603,24.284520123592507,2001,2026,-1.6444538861441902,-1.7314587671858046,-0.08700488104161441,2001-2005,2022-2026
fpar_crop,623,C. Equatoria,z_min,2001+,26,0.12120904162211177,-0.20561781725395067,0.475563258040704,0.12000000000000001,0.4060348292913185,0.3030226040552794,-25.955213525152356,2001,2026,-1.417866342826239,-1.3067577566651107,0.11110858616112829,2001-2005,2022-2026
fpar_crop,1721,East Equatoria,z_min,2001+,26,0.27411177057781144,-0.027841110931815925,0.46645357878002613,0.2307692307692308,0.10325382470897754,0.6852794264445285,-56.578756566704726,2001,2026,-1.491109020974311,-0.9100757682327675,0.5810332527415435,2001-2005,2022-2026
fpar_crop,1726,North Bahr Ghaza,z_min,2001+,26,0.42239298261511316,-0.04189352114389081,0.7561421587370796,0.2307692307692308,0.10325382470897754,1.0559824565377829,-86.37077220083502,2001,2026,-1.79269474990449,-0.7899654219631884,1.0027293279413017,2001-2005,2022-2026
fpar_crop,1727,Warab,z_min,2001+,26,0.26560555094334526,-0.0948553734879809,0.6017803219423334,0.2123076923076923,0.13492500286485662,0.6640138773583631,-54.94461322686464,2001,2026,-1.742859074992722,-1.2474181915443885,0.4954408834483335,2001-2005,2022-2026
fpar_crop,1728,West Bahr Ghazal,z_min,2001+,26,0.24540056284543282,-0.12318464487865366,0.6164066246468782,0.1753846153846154,0.2194491560096635,0.613501407113582,-50.74777580149648,2001,2026,-1.7919710611349775,-1.159916666146793,0.6320543949881845,2001-2005,2022-2026
fpar_crop,1729,W.Equatoria,z_min,2001+,26,0.6251919624932255,0.18518393819120277,0.893451009619542,0.36000000000000004,0.00956530274501698,1.5629799062330636,-127.1964879451372,2001,2026,-2.364021592557112,-1.3846365878674924,0.9793850046896195,2001-2005,2022-2026
fpar_crop,2242,Upper Nile,z_min,2001+,26,0.22228080684849413,-0.04128692959760298,0.4881633596080415,0.24923076923076926,0.07769191816779632,0.5557020171212353,-46.063263366054365,2001,2026,-1.6648193094037165,-1.1066234672879325,0.558195842115784,2001-2005,2022-2026
rain_crop,558,Jonglei,z_min,2001+,26,0.14505351970706934,-0.07201749885909593,0.36460444396945957,0.1876923076923077,0.18792092490203857,0.36263379926767336,-30.662695807043843,2001,2026,-1.674057673030387,-1.5068290613276638,0.1672286117027233,2001-2005,2022-2026
rain_crop,599,El Buheyrat,z_min,2001+,26,0.06215054723878066,-0.14864651166886955,0.32582771745421213,0.07396002616336389,0.5967182084263597,0.15537636809695166,-14.173591605226163,2001,2026,-1.569066400073543,-1.7055413287998569,-0.13647492872631384,2001-2005,2022-2026
rain_crop,622,Unity,z_min,2001+,26,0.2440278257906483,0.06997199687114555,0.48098167965030747,0.3476923076923077,0.01250555929784387,0.6100695644766208,-50.50418908507549,2001,2026,-1.5717330406099697,-1.1747204949714423,0.3970125456385274,2001-2005,2022-2026
rain_crop,623,C. Equatoria,z_min,2001+,26,-0.06778973340605332,-0.32823806559668656,0.22847423497454972,-0.04,0.7934634995090564,-0.1694743335151333,12.138917318541784,2001,2026,-1.7036454438639488,-1.8394278856682493,-0.13578244180430055,2001-2005,2022-2026
rain_crop,1721,East Equatoria,z_min,2001+,26,-0.043070375708396114,-0.15634135161681761,0.09224907787469427,-0.1076923076923077,0.4574398645566293,-0.10767593927099028,7.367448083151567,2001,2026,-1.2532640301987301,-1.399920664091759,-0.14665663389302885,2001-2005,2022-2026
rain_crop,1726,North Bahr Ghaza,z_min,2001+,26,0.24735926334402833,0.03576063583517438,0.5767582283154826,0.3230769230769231,0.020790708274678393,0.6183981583600708,-51.25255377845555,2001,2026,-2.0555286729712194,-1.493912904658389,0.5616157683128304,2001-2005,2022-2026
rain_crop,1727,Warab,z_min,2001+,26,0.37613878627256825,0.08247459966090442,0.6249185262537158,0.3476923076923077,0.01250555929784387,0.9403469656814206,-77.19168952316055,2001,2026,-1.9019046617946,-1.345116869586453,0.556787792208147,2001-2005,2022-2026
rain_crop,1728,West Bahr Ghazal,z_min,2001+,26,0.1821303055718404,-0.09509563479643485,0.4130664918040347,0.1630769230769231,0.2545197559925082,0.455325763929601,-38.13764112535132,2001,2026,-1.5259212993071876,-1.410617601586401,0.11530369772078664,2001-2005,2022-2026
rain_crop,1729,W.Equatoria,z_min,2001+,26,-0.05979782785828047,-0.24945645214786039,0.18869182416567143,-0.06461538461538462,0.6624406163751665,-0.14949456964570118,10.434636604235356,2001,2026,-1.5134511957100187,-1.869560823260775,-0.35610962755075626,2001-2005,2022-2026
rain_crop,2242,Upper Nile,z_min,2001+,26,0.06952506723887483,-0.10073408870153852,0.20481475909827346,0.11384615384615385,0.4313027450135199,0.1738126680971871,-15.499488279762467,2001,2026,-1.6342900767708677,-1.5045037079740857,0.12978636879678196,2001-2005,2022-2026
sm_crop,558,Jonglei,z_min,2001+,26,-0.2843446616405478,-0.6205534289279244,0.12574882486764682,-0.18153846153846157,0.20324965345831253,-0.7108616541013695,55.71673440684175,2001,2026,-1.5874561098241475,-2.102050123538556,-0.5145940137144085,2001-2005,2022-2026
sm_crop,599,El Buheyrat,z_min,2001+,26,-0.4953404541689948,-0.9030900758015065,-0.1719189815867815,-0.40678014389850137,0.0036120711591068663,-1.238351135422487,98.35894821631607,2001,2026,-1.0118632335599522,-2.18582134595461,-1.1739581123946579,2001-2005,2022-2026
sm_crop,622,Unity,z_min,2001+,26,-0.14631640118982964,-0.5086050799095919,0.15066971464328813,-0.1602467233539551,0.25161348728197375,-0.3657910029745741,27.945744930383793,2001,2026,-1.6258132802461867,-2.0050103479105488,-0.3791970676643621,2001-2005,2022-2026
sm_crop,623,C. Equatoria,z_min,2001+,26,-0.18311850833126941,-0.661772523800388,0.2875806236108662,-0.10153846153846155,0.4844245357791813,-0.4577962708281735,35.021438370209566,2001,2026,-2.0234477824744252,-2.1963109540898023,-0.172863171615377,2001-2005,2022-2026
sm_crop,1721,East Equatoria,z_min,2001+,26,-0.15139817961570368,-0.4281661665401071,0.1411614006677707,-0.12000000000000001,0.4060348292913185,-0.3784954490392592,28.863010741612047,2001,2026,-1.577542004740911,-1.9433337069696588,-0.3657917022287478,2001-2005,2022-2026
sm_crop,1726,North Bahr Ghaza,z_min,2001+,26,-0.44771691477363973,-0.6708841029173152,-0.18946289605457994,-0.5015384615384615,0.0002052321279151139,-1.1192922869340993,88.7092824301068,2001,2026,-1.0702585941920815,-1.8936343104438833,-0.8233757162518018,2001-2005,2022-2026
sm_crop,1727,Warab,z_min,2001+,26,-0.5901087088948996,-0.8931697798403924,-0.37343099574982913,-0.5876923076923077,8.504955870580337e-06,-1.4752717722372493,117.3247880052058,2001,2026,-1.058060951440146,-2.195491965620239,-1.137431014180093,2001-2005,2022-2026
sm_crop,1728,West Bahr Ghazal,z_min,2001+,26,-0.36034426569267497,-0.6641946348060064,-0.06025313287178058,-0.37230769230769234,0.007246760676529504,-0.9008606642316874,71.11807898650925,2001,2026,-1.2273750206851874,-2.2977962864231545,-1.070421265737967,2001-2005,2022-2026
sm_crop,1729,W.Equatoria,z_min,2001+,26,-0.20253843542628644,-0.6257168648502798,0.14528028774625718,-0.1876923076923077,0.18792092490203857,-0.5063460885657161,39.12180871537198,2001,2026,-1.569624197578777,-2.2181600316543664,-0.6485358340755893,2001-2005,2022-2026
sm_crop,2242,Upper Nile,z_min,2001+,26,-0.19477122263481528,-0.53153897533949,0.11949415780469458,-0.2430769230769231,0.08558212104491403,-0.4869280565870382,37.715661284278674,2001,2026,-1.7178608744746178,-2.194130407590235,-0.47626953311561704,2001-2005,2022-2026
spi3_crop,558,Jonglei,z_min,2001+,26,0.37200000000000005,0.011176470588235305,0.6578571428571429,0.28615384615384615,0.04171775347628058,0.93,-75.84270000000001,2001,2026,-1.288,-0.9007999999999999,0.3872000000000001,2001-2005,2022-2026
spi3_crop,599,El Buheyrat,z_min,2001+,26,0.10363636363636364,-0.24136363636363634,0.5174999999999996,0.10153846153846155,0.4844245357791813,0.2590909090909091,-22.056181818181816,2001,2026,-1.3736000000000002,-1.4933999999999998,-0.11979999999999968,2001-2005,2022-2026
spi3_crop,622,Unity,z_min,2001+,26,0.4781818181818182,0.20133333333333336,0.685,0.49538461538461537,0.0002506131270492923,1.1954545454545455,-97.55140909090909,2001,2026,-1.7207999999999999,-1.0197999999999998,0.7010000000000001,2001-2005,2022-2026
spi3_crop,623,C. Equatoria,z_min,2001+,26,-0.014444444444444458,-0.512,0.4150000000000001,-0.015384615384615385,0.9304701683802264,-0.03611111111111114,1.3438888888888914,2001,2026,-1.2886,-1.8097999999999999,-0.5211999999999999,2001-2005,2022-2026
spi3_crop,1721,East Equatoria,z_min,2001+,26,0.1176470588235294,-0.15875,0.4642857142857143,0.11094003924504584,0.4273767097701554,0.2941176470588235,-24.799235294117643,2001,2026,-1.1766,-0.9610000000000001,0.2156,2001-2005,2022-2026
spi3_crop,1726,North Bahr Ghaza,z_min,2001+,26,0.5336363636363637,0.1371428571428571,0.8674999999999999,0.42153846153846153,0.0021585006151530464,1.334090909090909,-108.91518181818182,2001,2026,-1.8623999999999998,-1.2071999999999998,0.6552,2001-2005,2022-2026
spi3_crop,1727,Warab,z_min,2001+,26,0.48176470588235293,0.12399999999999996,0.782,0.3796314378159861,0.006679212015224397,1.2044117647058823,-98.40482352941176,2001,2026,-1.9268,-1.2032,0.7236,2001-2005,2022-2026
spi3_crop,1728,West Bahr Ghazal,z_min,2001+,26,0.17473684210526313,-0.08666666666666663,0.4853333333333334,0.15408338784034142,0.27031156226812647,0.43684210526315786,-36.47576315789473,2001,2026,-1.3324,-1.1624,0.16999999999999993,2001-2005,2022-2026
spi3_crop,1729,W.Equatoria,z_min,2001+,26,0.005882352941176346,-0.401304347826087,0.39624999999999994,0.006163335513613657,0.9648296238220165,0.014705882352940864,-2.5464117647058573,2001,2026,-1.2628,-1.8118000000000003,-0.5490000000000004,2001-2005,2022-2026
spi3_crop,2242,Upper Nile,z_min,2001+,26,0.34736842105263155,0.04954545454545454,0.6499999999999999,0.3046153846153846,0.02973601468370004,0.8684210526315789,-71.33413157894736,2001,2026,-1.8608,-1.3644,0.49639999999999995,2001-2005,2022-2026
spi3_range,558,Jonglei,z_min,2001+,26,0.28266666666666673,0.0016000000000000016,0.585,0.2835134336262282,0.042528064427465456,0.7066666666666669,-57.94743333333335,2001,2026,-1.1356000000000002,-0.7372,0.3984000000000002,2001-2005,2022-2026
spi3_range,599,El Buheyrat,z_min,2001+,26,0.290625,0.003333333333333213,0.5525000000000002,0.28,0.046507327017603135,0.7265625000000001,-59.89134375000001,2001,2026,-1.6085999999999998,-1.3346,0.2739999999999998,2001-2005,2022-2026
spi3_range,622,Unity,z_min,2001+,26,0.26499999999999996,0.035999999999999976,0.5600000000000005,0.316923076923077,0.02347590883972108,0.6624999999999999,-54.46924999999999,2001,2026,-1.5395999999999999,-1.0479999999999998,0.49160000000000004,2001-2005,2022-2026
spi3_range,623,C. Equatoria,z_min,2001+,26,0.08499999999999952,-0.31409090909090914,0.5064285714285713,0.027692307692307693,0.8614563711385228,0.2124999999999988,-18.584749999999904,2001,2026,-1.1944,-1.4553999999999998,-0.2609999999999999,2001-2005,2022-2026
spi3_range,1721,East Equatoria,z_min,2001+,26,0.10699999999999998,-0.15899999999999992,0.401,0.13846153846153847,0.3356053064891282,0.26749999999999996,-22.702449999999995,2001,2026,-1.1426,-1.035,0.10760000000000014,2001-2005,2022-2026
spi3_range,1726,North Bahr Ghaza,z_min,2001+,26,0.49071428571428577,0.18304347826086959,0.7515384615384615,0.412943479412115,0.0031339390171082567,1.2267857142857144,-100.27582142857145,2001,2026,-1.9368000000000003,-1.1888,0.7480000000000002,2001-2005,2022-2026
spi3_range,1727,Warab,z_min,2001+,26,0.4358333333333333,0.049999999999999864,0.7725,0.3353846153846154,0.0161979670992742,1.0895833333333331,-88.92904166666666,2001,2026,-1.9236,-1.1788,0.7447999999999999,2001-2005,2022-2026
spi3_range,1728,West Bahr Ghazal,z_min,2001+,26,0.1666666666666668,-0.015555555555555569,0.3476923076923077,0.24729786709407453,0.0775811227761146,0.416666666666667,-34.922333333333356,2001,2026,-1.5042,-1.2617999999999998,0.24240000000000017,2001-2005,2022-2026
spi3_range,1729,W.Equatoria,z_min,2001+,26,0.1285714285714286,-0.23842105263157898,0.3721428571428572,0.12000000000000001,0.4060348292913185,0.32142857142857145,-27.378357142857148,2001,2026,-1.4869999999999999,-1.5264000000000002,-0.039400000000000324,2001-2005,2022-2026
spi3_range,2242,Upper Nile,z_min,2001+,26,0.298235294117647,0.06000000000000005,0.6272727272727273,0.3389834532487511,0.015301651291698757,0.7455882352941176,-61.39317647058822,2001,2026,-1.7269999999999999,-1.1356,0.5913999999999999,2001-2005,2022-2026
temp_crop,558,Jonglei,z_min,2001+,26,0.1402927763648292,-0.12082761860809699,0.36181181476152535,0.13559338129950044,0.3320146394623458,0.350731940912073,-29.539723935081724,2001,2026,-1.229946141050348,-1.1667010677805414,0.06324507326980666,2001-2005,2022-2026
temp_crop,599,El Buheyrat,z_min,2001+,26,0.32452232464068353,0.0646281467024238,0.5666928827966281,0.32923076923076927,0.018371833944896835,0.8113058116017088,-66.54673196489061,2001,2026,-1.4235961368654961,-1.023047763956661,0.40054837290883505,2001-2005,2022-2026
temp_crop,622,Unity,z_min,2001+,26,0.30511823678797323,-0.0072200142198936,0.6037330538849672,0.26153846153846155,0.06365396709246544,0.7627955919699331,-62.87641802834173,2001,2026,-1.593636201076854,-0.8930090440854361,0.700627156991418,2001-2005,2022-2026
temp_crop,623,C. Equatoria,z_min,2001+,26,0.19117782806072264,-0.017382201710744172,0.4002143258352691,0.24923076923076926,0.07769191816779632,0.4779445701518066,-39.87650348257334,2001,2026,-1.6213821896623553,-1.424922981845357,0.19645920781699822,2001-2005,2022-2026
temp_crop,1721,East Equatoria,z_min,2001+,26,0.15231437395132405,-0.0970715578799724,0.3491359036831346,0.18153846153846157,0.20324965345831253,0.38078593487831014,-32.37898688420333,2001,2026,-1.8385868454758707,-1.5440501660547337,0.29453667942113704,2001-2005,2022-2026
temp_crop,1726,North Bahr Ghaza,z_min,2001+,26,0.14817216873286582,-0.16024396312711525,0.3972842580781699,0.14461538461538462,0.313954327988493,0.37043042183216457,-31.27335229562423,2001,2026,-1.4756179786536423,-1.312025609400645,0.16359236925299725,2001-2005,2022-2026
temp_crop,1727,Warab,z_min,2001+,26,0.11650121754855235,-0.16601204516622392,0.44740350442617627,0.13846153846153847,0.3356053064891282,0.2912530438713809,-24.94098978947557,2001,2026,-1.5344577809601674,-1.5056808310503782,0.028776949909789185,2001-2005,2022-2026
temp_crop,1728,West Bahr Ghazal,z_min,2001+,26,0.45847079652172934,0.06540498556292396,0.7821352574522724,0.35384615384615387,0.010949975204061223,1.1461769913043234,-93.60179344653722,2001,2026,-1.5119483285382997,-0.8227705691136828,0.6891777594246169,2001-2005,2022-2026
temp_crop,1729,W.Equatoria,z_min,2001+,26,0.2396165759411233,0.0055033346676396965,0.490419918302045,0.28615384615384615,0.04171775347628058,0.5990414398528082,-49.51295228580247,2001,2026,-1.6966767210946014,-1.3789957149988736,0.3176810060957278,2001-2005,2022-2026
temp_crop,2242,Upper Nile,z_min,2001+,26,0.3119348252968196,0.06940972710088972,0.6787300012484192,0.3353846153846154,0.0161979670992742,0.779837063242049,-64.44375235355173,2001,2026,-1.8061994821163538,-1.1501694518605887,0.6560300302557651,2001-2005,2022-2026
wsi_crop,558,Jonglei,z_min,2001+,26,0.521100704570497,-0.27719642765277086,1.222014401080506,0.20615384615384616,0.14697001740066537,1.3027517614262423,-106.52349529839152,2001,2026,-2.2243624761609233,-1.4585916376477646,0.7657708385131587,2001-2005,2022-2026
wsi_crop,599,El Buheyrat,z_min,2001+,26,-0.023677797821268776,-0.8333333333333343,0.8928084930655305,-0.009230769230769232,0.9652027004982784,-0.05919449455317194,3.5895245982653234,2001,2026,-1.6001112169577187,-2.108706611877668,-0.5085953949199491,2001-2005,2022-2026
wsi_crop,622,Unity,z_min,2001+,26,0.3333745440014195,-0.21644758317971202,1.0936864078534803,0.16923076923076924,0.23653490275785774,0.8334363600035487,-68.66362802724183,2001,2026,-1.9391329142096787,-1.6818542805614054,0.2572786336482733,2001-2005,2022-2026
wsi_crop,623,C. Equatoria,z_min,2001+,26,0.06089713674633096,-0.4196262567293952,0.5800707399253306,0.033846153846153845,0.8273014975871174,0.1522428418658274,-13.717877165285401,2001,2026,-1.0378956747214516,-1.5345517787359495,-0.4966561040144979,2001-2005,2022-2026
wsi_crop,1721,East Equatoria,z_min,2001+,26,0.3317634921534563,-0.04552751127131589,0.7766049109431477,0.2430769230769231,0.08558212104491403,0.8294087303836408,-68.15700347628814,2001,2026,-1.4448224259890998,-0.9294606797495971,0.5153617462395027,2001-2005,2022-2026
wsi_crop,1726,North Bahr Ghaza,z_min,2001+,26,0.40936318870151434,-0.12892315508923158,1.1696938349251607,0.20339007194925068,0.14564272595990857,1.0234079717537858,-83.83034552134431,2001,2026,-2.563905914871679,-1.5155426453102983,1.0483632695613807,2001-2005,2022-2026
wsi_crop,1727,Warab,z_min,2001+,26,0.5160188971193914,-0.06663950499328146,1.3114793734480832,0.2307692307692308,0.10325382470897754,1.2900472427984786,-105.02570363655435,2001,2026,-2.268306049925137,-1.421802204853034,0.8465038450721027,2001-2005,2022-2026
wsi_crop,1728,West Bahr Ghazal,z_min,2001+,26,0.31518152394502535,-0.4129178230915861,0.78487756060418,0.1090427342100735,0.4393985271666264,0.7879538098625634,-64.88652723914592,2001,2026,-1.6978985015053403,-1.9546960986627326,-0.25679759715739237,2001-2005,2022-2026
wsi_crop,1729,W.Equatoria,z_min,2001+,26,-0.08249142951048934,-0.5117731817405463,0.5210933385534238,-0.06461538461538462,0.6624406163751665,-0.20622857377622333,15.400835550862135,2001,2026,-0.9917421477914745,-1.6304210471691796,-0.6386788993777051,2001-2005,2022-2026
wsi_crop,2242,Upper Nile,z_min,2001+,26,0.3692712299743084,-0.39474807739984064,1.0116520444566386,0.1323076923076923,0.3581740111592894,0.923178074935771,-76.18846932389842,2001,2026,-3.4640507712292434,-2.9083051540835587,0.5557456171456847,2001-2005,2022-2026
wsi_range,558,Jonglei,z_min,2001+,26,0.3535028141052401,-0.20879400488756028,1.2259227088300242,0.16923076923076924,0.23653490275785774,0.8837570352631002,-72.54512379605615,2001,2026,-1.9532558369598896,-1.5864875990400849,0.36676823791980473,2001-2005,2022-2026
wsi_range,599,El Buheyrat,z_min,2001+,26,0.2765829095540525,-0.31209076843899597,0.8983192873802812,0.1323076923076923,0.3581740111592894,0.6914572738851313,-57.29679077512587,2001,2026,-1.9142671598269427,-1.6245238563450617,0.28974330348188104,2001-2005,2022-2026
wsi_range,622,Unity,z_min,2001+,26,0.20613619248718223,-0.34676189937747187,0.7924721386095507,0.11384615384615385,0.4313027450135199,0.5153404812179556,-42.96025585694597,2001,2026,-1.9738731248736232,-1.7734913776964458,0.20038174717717738,2001-2005,2022-2026
wsi_range,623,C. Equatoria,z_min,2001+,26,0.05114749703574679,-0.37174192466059514,0.641211042962728,0.027692307692307693,0.8614563711385228,0.12786874258936695,-11.652027028462847,2001,2026,-1.1381138614595248,-1.4018163682353768,-0.26370250677585205,2001-2005,2022-2026
wsi_range,1721,East Equatoria,z_min,2001+,26,0.22279797973855875,-0.24689302993391724,0.6104297585225373,0.16923076923076924,0.23653490275785774,0.5569949493463968,-46.418877881433176,2001,2026,-1.4559278627659011,-1.3938076699445632,0.06212019282133796,2001-2005,2022-2026
wsi_range,1726,North Bahr Ghaza,z_min,2001+,26,0.07580353877909235,-0.30625665130131063,0.39453051448845944,0.07396002616336389,0.5967182084263597,0.18950884694773087,-16.851425444963887,2001,2026,-1.8201275083381354,-1.8982700142913487,-0.07814250595321326,2001-2005,2022-2026
wsi_range,1727,Warab,z_min,2001+,26,0.1920105110765029,-0.26671583228843637,0.8985124883483828,0.08923076923076924,0.5408307375523345,0.4800262776912573,-39.9441537923016,2001,2026,-2.139328670344823,-1.6101236404824597,0.5292050298623634,2001-2005,2022-2026
wsi_range,1728,West Bahr Ghazal,z_min,2001+,26,0.07519093820408644,-0.24607099777665614,0.33428457538495027,0.09597707210827425,0.4939347718475535,0.1879773455102161,-16.634307414962656,2001,2026,-1.8386294085009478,-1.7053333283327905,0.1332960801681573,2001-2005,2022-2026
wsi_range,1729,W.Equatoria,z_min,2001+,26,0.031224729605440205,-0.3051085827531515,0.4044971612099135,0.027692307692307693,0.8614563711385228,0.07806182401360051,-7.503176624042483,2001,2026,-1.274236598353161,-1.3945748335528412,-0.12033823519968023,2001-2005,2022-2026
wsi_range,2242,Upper Nile,z_min,2001+,26,0.16881784708906888,-0.4688935502430013,0.9696889892781915,0.05230769230769231,0.7269745473586298,0.4220446177226722,-35.80010756185081,2001,2026,-2.706335852827105,-2.879710688831099,-0.17337483600399395,2001-2005,2022-2026
zfpar_crop,558,Jonglei,z_min,2001+,26,0.1575,-0.0026666666666666687,0.39769230769230773,0.2738461538461539,0.05174072185555998,0.39375,-32.600125,2001,2026,-1.0048,-0.7672000000000001,0.2375999999999998,2001-2005,2022-2026
zfpar_crop,599,El Buheyrat,z_min,2001+,26,-0.061176470588235256,-0.3311111111111112,0.16700000000000004,-0.08012336167697755,0.5664960285739783,-0.15294117647058814,11.330882352941169,2001,2026,-0.9251999999999999,-1.0516,-0.12640000000000018,2001-2005,2022-2026
zfpar_crop,622,Unity,z_min,2001+,26,-0.1411111111111111,-0.423076923076923,0.1278571428571429,-0.15408338784034142,0.27031156226812647,-0.35277777777777775,27.53022222222222,2001,2026,-1.0968,-1.1809999999999998,-0.08419999999999983,2001-2005,2022-2026
zfpar_crop,623,C. Equatoria,z_min,2001+,26,0.14750000000000002,-0.06555555555555552,0.4147058823529412,0.1417567168131141,0.3105075002545208,0.36875,-30.514125000000003,2001,2026,-0.7769999999999999,-0.6266,0.15039999999999987,2001-2005,2022-2026
zfpar_crop,1721,East Equatoria,z_min,2001+,26,0.1313333333333333,-0.09937500000000002,0.34230769230769237,0.1753846153846154,0.2194491560096635,0.32833333333333325,-27.420466666666663,2001,2026,-0.992,-0.7163999999999999,0.27560000000000007,2001-2005,2022-2026
zfpar_crop,1726,North Bahr Ghaza,z_min,2001+,26,0.20125000000000004,-0.20999999999999996,0.5030769230769231,0.14792005232672778,0.28994078305766713,0.503125,-41.48068750000001,2001,2026,-1.433,-0.7430000000000001,0.69,2001-2005,2022-2026
zfpar_crop,1727,Warab,z_min,2001+,26,-0.05636363636363631,-0.2995238095238095,0.14916666666666661,-0.05230769230769231,0.7269745473586298,-0.1409090909090908,10.392818181818171,2001,2026,-1.2524,-1.094,0.15839999999999987,2001-2005,2022-2026
zfpar_crop,1728,West Bahr Ghazal,z_min,2001+,26,0.302,0.03466666666666655,0.546842105263158,0.2905749938355376,0.038102194696736924,0.7549999999999999,-61.663199999999996,2001,2026,-1.4012,-0.6654,0.7358,2001-2005,2022-2026
zfpar_crop,1729,W.Equatoria,z_min,2001+,26,0.32999999999999996,0.08739130434782612,0.5349999999999999,0.3353846153846154,0.0161979670992742,0.8249999999999998,-67.274,2001,2026,-1.4028000000000003,-0.8954000000000001,0.5074000000000002,2001-2005,2022-2026
zfpar_crop,2242,Upper Nile,z_min,2001+,26,0.27363636363636357,0.05666666666666671,0.49416666666666664,0.3204934467079102,0.02185501129713877,0.684090909090909,-56.03918181818181,2001,2026,-1.2996,-0.7764,0.5232000000000001,2001-2005,2022-2026
zfparc_crop,558,Jonglei,z_min,2001+,26,0.2849999999999997,0.040000000000000036,0.489,0.3204934467079102,0.02185501129713877,0.7124999999999992,-58.03124999999994,2001,2026,-1.0934,-0.4162,0.6771999999999999,2001-2005,2022-2026
zfparc_crop,599,El Buheyrat,z_min,2001+,26,-0.24545454545454548,-0.5549999999999999,0.043333333333333376,-0.2465334205445463,0.07777364876008684,-0.6136363636363636,48.543272727272736,2001,2026,-0.7352000000000001,-1.2690000000000001,-0.5338,2001-2005,2022-2026
zfparc_crop,622,Unity,z_min,2001+,26,-0.05217391304347821,-0.4666666666666668,0.37411764705882355,-0.030816677568068288,0.8255058589020614,-0.13043478260869554,9.618717391304338,2001,2026,-1.2196,-1.714,-0.49439999999999995,2001-2005,2022-2026
zfparc_crop,623,C. Equatoria,z_min,2001+,26,0.07999999999999999,-0.16809523809523813,0.3084615384615384,0.08012336167697755,0.5664960285739783,0.19999999999999996,-16.706999999999997,2001,2026,-0.5826,-0.4838,0.0988,2001-2005,2022-2026
zfparc_crop,1721,East Equatoria,z_min,2001+,26,0.05999999999999987,-0.19928571428571432,0.2966666666666667,0.05230769230769231,0.7269745473586298,0.1499999999999997,-12.914999999999974,2001,2026,-0.884,-0.7133999999999999,0.17060000000000008,2001-2005,2022-2026
zfparc_crop,1726,North Bahr Ghaza,z_min,2001+,26,0.10200000000000002,-0.2922222222222221,0.5585714285714286,0.06461538461538462,0.6624406163751665,0.25500000000000006,-21.252700000000004,2001,2026,-1.5041999999999998,-0.6262,0.8779999999999998,2001-2005,2022-2026
zfparc_crop,1727,Warab,z_min,2001+,26,0.040000000000000036,-0.2955555555555555,0.2900000000000001,0.015384615384615385,0.9304701683802264,0.10000000000000009,-8.906500000000008,2001,2026,-1.3504,-1.0788,0.27160000000000006,2001-2005,2022-2026
zfparc_crop,1728,West Bahr Ghazal,z_min,2001+,26,-0.05166666666666671,-0.38428571428571423,0.24499999999999966,-0.08359293377172274,0.5513104127058392,-0.12916666666666676,9.403083333333342,2001,2026,-0.9616,-1.2696,-0.30800000000000005,2001-2005,2022-2026
zfparc_crop,1729,W.Equatoria,z_min,2001+,26,0.34625000000000006,-0.05400000000000005,0.8206250000000002,0.2553846153846154,0.07039249318951525,0.8656250000000001,-70.3609375,2001,2026,-1.1506,-0.646,0.5046,2001-2005,2022-2026
zfparc_crop,2242,Upper Nile,z_min,2001+,26,0.28769230769230775,0.075,0.5576923076923077,0.316923076923077,0.02347590883972108,0.7192307692307695,-58.81384615384617,2001,2026,-1.1854,-0.7224,0.46299999999999997,2001-2005,2022-2026
zfparc_range,558,Jonglei,z_min,2001+,26,0.09944444444444447,-0.21652173913043474,0.3469230769230769,0.09538461538461539,0.5122312629584481,0.24861111111111117,-20.926138888888893,2001,2026,-1.0586,-1.248,-0.1894,2001-2005,2022-2026
zfparc_range,599,El Buheyrat,z_min,2001+,26,0.3463636363636364,0.09615384615384616,0.56375,0.36000000000000004,0.00956530274501698,0.865909090909091,-70.36131818181818,2001,2026,-1.0332000000000001,-0.434,0.5992000000000002,2001-2005,2022-2026
zfparc_range,622,Unity,z_min,2001+,26,0.08461538461538462,-0.337,0.38888888888888895,0.08923076923076924,0.5408307375523345,0.21153846153846154,-17.783807692307693,2001,2026,-0.9503999999999999,-1.3636,-0.4132,2001-2005,2022-2026
zfparc_range,623,C. Equatoria,z_min,2001+,26,0.3942857142857143,0.10299999999999998,0.6234782608695653,0.4092307692307693,0.002967964261916864,0.9857142857142858,-80.09842857142858,2001,2026,-0.9662,0.08120000000000001,1.0473999999999999,2001-2005,2022-2026
zfparc_range,1721,East Equatoria,z_min,2001+,26,0.23499999999999996,0.004999999999999893,0.49909090909090903,0.28615384615384615,0.04171775347628058,0.5874999999999999,-48.083749999999995,2001,2026,-0.845,-0.2642,0.5808,2001-2005,2022-2026
zfparc_range,1726,North Bahr Ghaza,z_min,2001+,26,0.2966666666666666,-0.07555555555555556,0.7361111111111113,0.23692307692307696,0.09409290644202206,0.7416666666666665,-60.397333333333314,2001,2026,-1.5974,-0.6174,0.98,2001-2005,2022-2026
zfparc_range,1727,Warab,z_min,2001+,26,0.41277777777777774,0.13555555555555548,0.6777777777777777,0.4030769230769231,0.0034663307001632673,1.0319444444444443,-83.65830555555556,2001,2026,-1.104,-0.3116,0.7924000000000001,2001-2005,2022-2026
zfparc_range,1728,West Bahr Ghazal,z_min,2001+,26,0.5650000000000001,0.288125,0.8000000000000002,0.4489250146999925,0.0013759263144539934,1.4125,-114.52525,2001,2026,-1.3252000000000002,-0.24920000000000003,1.076,2001-2005,2022-2026
zfparc_range,1729,W.Equatoria,z_min,2001+,26,0.36833333333333335,0.09600000000000003,0.5083333333333333,0.3230769230769231,0.020790708274678393,0.9208333333333334,-74.78991666666667,2001,2026,-1.033,-0.5216000000000001,0.5113999999999999,2001-2005,2022-2026
zfparc_range,2242,Upper Nile,z_min,2001+,26,0.579375,0.26153846153846155,0.8684615384615385,0.44992349249379693,0.0012870650610600147,1.4484375,-117.25465625,2001,2026,-1.2734,-0.1136,1.1598000000000002,2001-2005,2022-2026
fpar_crop,0,National (mean of units),z_min,2001+,26,0.20743740760608748,0.0765544728837665,0.321020787623045,0.37846153846153846,0.006284581050822873,0.5185935190152187,-43.145283917870174,2001,2026,-1.6973847015506096,-1.2312316124872553,0.4661530890633543,2001-2005,2022-2026
rain_crop,0,National (mean of units),z_min,2001+,26,0.11335463970828466,-0.06036374585457638,0.2862971622600092,0.2,0.1598021358738695,0.2833865992707117,-24.32857929586786,2001,2026,-1.640286249433047,-1.5250151341925073,0.11527111524053968,2001-2005,2022-2026
sm_crop,0,National (mean of units),z_min,2001+,26,-0.35682016594664745,-0.5755702894036661,-0.03327698556037939,-0.3046153846153846,0.02973601468370004,-0.8920504148666186,70.3789663350247,2001,2026,-1.4469302049216435,-2.123173948019505,-0.6762437430978616,2001-2005,2022-2026
spi3_crop,0,National (mean of units),z_min,2001+,26,0.2306666666666668,0.004499999999999504,0.5250833333333336,0.2923076923076923,0.037344025361578,0.576666666666667,-47.68968333333336,2001,2026,-1.50928,-1.29338,0.21589999999999998,2001-2005,2022-2026
spi3_range,0,National (mean of units),z_min,2001+,26,0.2653157894736841,0.06327777777777771,0.44691666666666663,0.35384615384615387,0.010949975204061223,0.6632894736842102,-54.69278421052629,2001,2026,-1.51994,-1.19016,0.32977999999999996,2001-2005,2022-2026
temp_crop,0,National (mean of units),z_min,2001+,26,0.21025788467839313,0.05297365024283196,0.401644657006452,0.34153846153846157,0.014248903013415628,0.5256447116959828,-43.77486061320156,2001,2026,-1.5732047805493987,-1.2221373200146897,0.35106746053470905,2001-2005,2022-2026
wsi_crop,0,National (mean of units),z_min,2001+,26,0.31907119090517083,-0.1514575002321181,0.8103188539202023,0.1753846153846154,0.2194491560096635,0.7976779772629271,-65.68753358940869,2001,2026,-1.9232228093361745,-1.7143932138651188,0.20882959547105573,2001-2005,2022-2026
wsi_range,0,National (mean of units),z_min,2001+,26,0.1491747421038162,-0.23855491604389328,0.5789699309698975,0.11384615384615385,0.4313027450135199,0.3729368552595405,-31.610223010012884,2001,2026,-1.8214095884250052,-1.7268139376752072,0.09459565074979803,2001-2005,2022-2026
zfpar_crop,0,National (mean of units),z_min,2001+,26,0.13557142857142854,-0.012375000000000025,0.26522222222222236,0.2676923076923077,0.057446554888585626,0.33892857142857136,-28.191157142857136,2001,2026,-1.15848,-0.8517000000000001,0.30677999999999983,2001-2005,2022-2026
zfparc_crop,0,National (mean of units),z_min,2001+,26,0.08518181818181825,-0.06166666666666672,0.21634782608695657,0.12615384615384617,0.3816539232629054,0.2129545454545456,-18.014109090909102,2001,2026,-1.0667,-0.8939400000000001,0.1727599999999999,2001-2005,2022-2026
zfparc_range,0,National (mean of units),z_min,2001+,26,0.3086666666666668,0.12866666666666665,0.49535714285714294,0.40678014389850137,0.0036120711591068663,0.7716666666666671,-62.77773333333336,2001,2026,-1.1186399999999999,-0.5042000000000001,0.6144399999999998,2001-2005,2022-2026
fpar_crop,558,Jonglei,mean,2001+,26,1.7901075268817217,1.141788856304987,2.463548387096779,0.4892307692307692,0.0003050133755255225,4.475268817204305,-309.23850537634434,2001,2026,49.26107008797654,52.14320043010753,2.882130342130985,2001-2005,2022-2026
fpar_crop,599,El Buheyrat,mean,2001+,26,-0.7977067669172935,-1.5949999999999895,-0.16480158730157907,-0.3353846153846154,0.0161979670992742,-1.994266917293234,212.13354323308278,2001,2026,52.38453246753247,49.93937857142857,-2.4451538961039034,2001-2005,2022-2026
fpar_crop,622,Unity,mean,2001+,26,-2.330522727272726,-4.07208035714286,-0.7663125996810218,-0.39692307692307693,0.004037772563129267,-5.8263068181818145,508.34431780303004,2001,2026,39.539278787878786,35.50331428571428,-4.035964502164504,2001-2005,2022-2026
fpar_crop,623,C. Equatoria,mean,2001+,26,0.14226890756302982,-0.8596791443850291,0.9354901960784308,0.046153846153846156,0.7600019817687585,0.35567226890757453,30.54108193277218,2001,2026,60.082674866310164,59.25485359477125,-0.8278212715389159,2001-2005,2022-2026
fpar_crop,1721,East Equatoria,mean,2001+,26,3.002222222222173,0.7763888888888815,4.590569444444444,0.37230769230769234,0.007246760676529504,7.505555555555432,-563.6374722222122,2001,2026,38.73467424242425,43.819852222222224,5.085177979797976,2001-2005,2022-2026
fpar_crop,1726,North Bahr Ghaza,mean,2001+,26,0.575725806451608,-0.5745161290322187,1.472939068100361,0.15076923076923077,0.2932239991190237,1.43931451612902,-73.5181491935474,2001,2026,41.66845806451612,43.04352688172043,1.3750688172043084,2001-2005,2022-2026
fpar_crop,1727,Warab,mean,2001+,26,-0.06132352941175867,-0.9413235294117683,0.9853361344537805,-0.009230769230769232,0.9652027004982784,-0.15330882352939668,55.30734558823408,2001,2026,43.214473796791445,43.55702549019608,0.3425516934046371,2001-2005,2022-2026
fpar_crop,1728,West Bahr Ghazal,mean,2001+,26,-0.21836734693877702,-1.2491581632653035,1.002295918367346,-0.05230769230769231,0.7269745473586298,-0.5459183673469425,88.6814974489799,2001,2026,44.22787792207792,44.058104761904765,-0.16977316017315758,2001-2005,2022-2026
fpar_crop,1729,W.Equatoria,mean,2001+,26,1.3317678059366036,0.29941414141414197,2.322396694214875,0.34153846153846157,0.014248903013415628,3.329419514841509,-201.86882651321395,2001,2026,65.47251212121212,67.13944349376114,1.6669313725490156,2001-2005,2022-2026
fpar_crop,2242,Upper Nile,mean,2001+,26,3.7773913043478284,2.534823232323233,4.765137085137083,0.5815384615384616,1.0960818857282772e-05,9.443478260869572,-726.077208827405,2001,2026,30.30830303030303,38.58296648841355,8.274663458110517,2001-2005,2022-2026
rain_crop,558,Jonglei,mean,2001+,26,0.6171935483870961,-1.0733744740532967,2.8820203735144307,0.1323076923076923,0.3581740111592894,1.5429838709677401,-92.51682419354825,2001,2026,30.964109677419355,31.90286709677419,0.938757419354836,2001-2005,2022-2026
rain_crop,599,El Buheyrat,mean,2001+,26,-0.9592857142857169,-3.2833603896103885,1.2265674603174601,-0.1076923076923077,0.4574398645566293,-2.398214285714292,224.65703571428622,2001,2026,32.70195714285714,30.001514285714286,-2.7004428571428534,2001-2005,2022-2026
rain_crop,622,Unity,mean,2001+,26,0.2453913043478257,-1.8059333333333356,1.5608611111111128,0.05230769230769231,0.7269745473586298,0.6134782608695643,-21.766639130434708,2001,2026,26.95078,26.471442857142858,-0.479337142857144,2001-2005,2022-2026
rain_crop,623,C. Equatoria,mean,2001+,26,-1.6725882352941142,-4.4614215686274505,1.11436974789916,-0.18153846153846157,0.20324965345831253,-4.181470588235285,376.04555294117574,2001,2026,39.6532,35.0105274509804,-4.642672549019601,2001-2005,2022-2026
rain_crop,1721,East Equatoria,mean,2001+,26,1.1407051282051264,-0.9751388888888872,2.817932098765432,0.14461538461538462,0.313954327988493,2.8517628205128163,-204.90214423076887,2001,2026,23.482750000000003,25.584200000000003,2.10145,2001-2005,2022-2026
rain_crop,1726,North Bahr Ghaza,mean,2001+,26,0.11287096774193373,-1.554838709677416,2.0069278033794156,0.033846153846153845,0.8273014975871174,0.2821774193548343,3.2033500000003556,2001,2026,24.8582,24.77257505376344,-0.08562494623656036,2001-2005,2022-2026
rain_crop,1727,Warab,mean,2001+,26,0.1604705882352917,-2.051806722689073,2.8151470588235306,0.033846153846153845,0.8273014975871174,0.4011764705882293,-4.877105882352453,2001,2026,24.800935294117643,25.98398496732026,1.1830496732026177,2001-2005,2022-2026
rain_crop,1728,West Bahr Ghazal,mean,2001+,26,0.10964285714283761,-1.7190659340659336,1.6343452380952428,0.021538461538461538,0.8958668197336087,0.27410714285709403,8.983500000003932,2001,2026,30.277892857142852,30.634161904761903,0.3562690476190511,2001-2005,2022-2026
rain_crop,1729,W.Equatoria,mean,2001+,26,-0.9287272727272675,-2.9724242424242204,1.6096212121212083,-0.1076923076923077,0.4574398645566293,-2.3218181818181685,231.8433272727262,2001,2026,44.519127272727275,41.93874153297683,-2.5803857397504473,2001-2005,2022-2026
rain_crop,2242,Upper Nile,mean,2001+,26,1.1284210526315772,-0.3019151069518733,2.3610774410774362,0.2430769230769231,0.08558212104491403,2.821052631578943,-207.25460925039837,2001,2026,17.553381818181816,19.71497504456328,2.161593226381463,2001-2005,2022-2026
sm_crop,558,Jonglei,mean,2001+,26,-0.00817204301075273,-0.016967741935483893,-0.0012316715542521792,-0.3230769230769231,0.020790708274678393,-0.020430107526881826,1.9209892473118364,2001,2026,0.27865806451612907,0.2611866359447005,-0.017471428571428582,2001-2005,2022-2026
sm_crop,599,El Buheyrat,mean,2001+,26,-0.008124999999999966,-0.013720238095238091,-0.002698412698412657,-0.41666865126144814,0.002910308024427586,-0.020312499999999914,1.9453973214285645,2001,2026,0.31358571428571425,0.2936435064935065,-0.019942207792207733,2001-2005,2022-2026
sm_crop,622,Unity,mean,2001+,26,-0.005270833333333343,-0.011358974358974367,0.0017777777777778594,-0.24037008503093263,0.08549449193421335,-0.013177083333333357,1.3002489583333352,2001,2026,0.24089999999999998,0.23782923076923076,-0.0030707692307692103,2001-2005,2022-2026
sm_crop,623,C. Equatoria,mean,2001+,26,-0.0073823529411765065,-0.011862745098039269,-0.002941176470588188,-0.4745768345482516,0.0006857255623890728,-0.018455882352941266,1.7562014705882425,2001,2026,0.27577058823529405,0.25832941176470586,-0.017441176470588182,2001-2005,2022-2026
sm_crop,1721,East Equatoria,mean,2001+,26,-0.004615384615384619,-0.00935185185185187,-6.535947712420302e-05,-0.28,0.046507327017603135,-0.01153846153846155,1.1372799145299153,2001,2026,0.20953333333333335,0.2018769005847953,-0.007656432748538056,2001-2005,2022-2026
sm_crop,1726,North Bahr Ghaza,mean,2001+,26,-0.018494623655913974,-0.027641129032258092,-0.006653225806451668,-0.4092307692307693,0.002967964261916864,-0.04623655913978493,3.9958440860215045,2001,2026,0.286341935483871,0.25382534562211984,-0.032516589861751155,2001-2005,2022-2026
sm_crop,1727,Warab,mean,2001+,26,-0.015252100840336204,-0.025042016806722682,-0.007843137254901971,-0.44000000000000006,0.0013113680873865026,-0.03813025210084051,3.3506722689075774,2001,2026,0.2896294117647059,0.2610411764705883,-0.028588235294117637,2001-2005,2022-2026
sm_crop,1728,West Bahr Ghazal,mean,2001+,26,-0.005102040816326513,-0.011497564935064944,-0.0004395604395604491,-0.29846153846153844,0.03335891133004549,-0.012755102040816282,1.2564387755102004,2001,2026,0.23522142857142855,0.22175324675324676,-0.013468181818181796,2001-2005,2022-2026
sm_crop,1729,W.Equatoria,mean,2001+,26,-0.008296296296296309,-0.01200000000000001,-0.00505128205128205,-0.47692307692307695,0.0004474231160704783,-0.02074074074074077,1.9302592592592616,2001,2026,0.2701533333333333,0.25223641025641025,-0.017916923076923053,2001-2005,2022-2026
sm_crop,2242,Upper Nile,mean,2001+,26,-0.010552584670231752,-0.019696969696969713,-0.0023737373737373058,-0.36000000000000004,0.00956530274501698,-0.02638146167557938,2.3940356506238905,2001,2026,0.27054545454545453,0.2527507575757576,-0.017794696969696933,2001-2005,2022-2026
spi3_crop,558,Jonglei,mean,2001+,26,0.21483870967741941,-0.03451612903225811,0.523106960950764,0.2307692307692308,0.10325382470897754,0.5370967741935485,-43.06919354838711,2001,2026,-0.11338709677419354,0.19506064516129032,0.30844774193548385,2001-2005,2022-2026
spi3_crop,599,El Buheyrat,mean,2001+,26,0.12678571428571428,-0.3924702380952382,0.38866541353383466,0.09538461538461539,0.5122312629584481,0.3169642857142857,-25.57875,2001,2026,-0.07021428571428567,-0.24966904761904765,-0.17945476190476198,2001-2005,2022-2026
spi3_crop,622,Unity,mean,2001+,26,0.21690476190476193,-0.04671428571428571,0.43083333333333335,0.2553846153846154,0.07039249318951525,0.5422619047619048,-43.667327380952386,2001,2026,-0.31294285714285713,0.05845,0.37139285714285714,2001-2005,2022-2026
spi3_crop,623,C. Equatoria,mean,2001+,26,-0.07882352941176468,-0.3160661764705882,0.21282135076252717,-0.1076923076923077,0.4574398645566293,-0.19705882352941173,15.972044117647055,2001,2026,0.17702352941176472,-0.21363071895424834,-0.39065424836601303,2001-2005,2022-2026
spi3_crop,1721,East Equatoria,mean,2001+,26,0.20846618357487923,-0.06871527777777775,0.5385380116959064,0.2123076923076923,0.13492500286485662,0.521165458937198,-41.79038828502415,2001,2026,-0.07369444444444444,0.39582666666666666,0.4695211111111111,2001-2005,2022-2026
spi3_crop,1726,North Bahr Ghaza,mean,2001+,26,0.10630094043887149,-0.1793486590038314,0.45034482758620703,0.12615384615384617,0.3816539232629054,0.2657523510971787,-21.466021943573672,2001,2026,-0.3916758620689656,-0.18609124668435012,0.20558461538461548,2001-2005,2022-2026
spi3_crop,1727,Warab,mean,2001+,26,0.18125000000000002,-0.13893649193548385,0.5617369727047147,0.13846153846153847,0.3356053064891282,0.45312500000000006,-36.477719758064524,2001,2026,-0.47227096774193544,-0.0065036290322580655,0.4657673387096774,2001-2005,2022-2026
spi3_crop,1728,West Bahr Ghazal,mean,2001+,26,0.034603174603174615,-0.1764652014652015,0.2924579831932773,0.05230769230769231,0.7269745473586298,0.08650793650793653,-6.948974206349209,2001,2026,-0.12558571428571424,-0.059052380952380946,0.0665333333333333,2001-2005,2022-2026
spi3_crop,1729,W.Equatoria,mean,2001+,26,-0.09561616161616157,-0.36296037296037303,0.29066115702479345,-0.07692307692307693,0.6002720153905604,-0.23904040404040391,19.35819382055852,2001,2026,0.03441212121212125,-0.23942388591800357,-0.2738360071301248,2001-2005,2022-2026
spi3_crop,2242,Upper Nile,mean,2001+,26,0.3652222222222222,0.1110666666666667,0.5779251700680271,0.3230769230769231,0.020790708274678393,0.9130555555555555,-73.44819444444444,2001,2026,-0.5046866666666666,0.17619523809523807,0.6808819047619047,2001-2005,2022-2026
spi3_range,558,Jonglei,mean,2001+,26,0.24900793650793648,0.025782828282828286,0.5051041666666667,0.31076923076923074,0.026449850319121056,0.6225198412698413,-49.940511904761905,2001,2026,-0.09910555555555554,0.35645333333333334,0.4555588888888889,2001-2005,2022-2026
spi3_range,599,El Buheyrat,mean,2001+,26,0.1544791666666667,-0.2536257309941521,0.40966374269005845,0.09538461538461539,0.5122312629584481,0.3861979166666667,-31.18149131944445,2001,2026,-0.13925555555555552,-0.11289666666666667,0.02635888888888885,2001-2005,2022-2026
spi3_range,622,Unity,mean,2001+,26,0.1780909090909091,-0.0453030303030303,0.3998217468805704,0.20615384615384616,0.14697001740066537,0.44522727272727275,-35.862013636363635,2001,2026,-0.24622424242424246,-0.0029597147950089107,0.24326452762923353,2001-2005,2022-2026
spi3_range,623,C. Equatoria,mean,2001+,26,-0.09504761904761919,-0.31783928571428577,0.2911428571428571,-0.06461538461538462,0.6624406163751665,-0.23761904761904795,19.230095238095267,2001,2026,0.17414857142857146,-0.15596992481203006,-0.3301184962406015,2001-2005,2022-2026
spi3_range,1721,East Equatoria,mean,2001+,26,0.18630555555555556,-0.11712962962962961,0.4925925925925926,0.2,0.1598021358738695,0.4657638888888889,-37.33306805555556,2001,2026,-0.013616666666666655,0.33376222222222224,0.3473788888888889,2001-2005,2022-2026
spi3_range,1726,North Bahr Ghaza,mean,2001+,26,0.13745524296675193,-0.10525210084033608,0.4261274509803922,0.18153846153846157,0.20324965345831253,0.34363810741687983,-27.6660723216823,2001,2026,-0.38359411764705886,-0.07030130718954249,0.3132928104575164,2001-2005,2022-2026
spi3_range,1727,Warab,mean,2001+,26,0.15315656565656566,-0.1852951388888889,0.554212962962963,0.1323076923076923,0.3581740111592894,0.3828914141414142,-30.84233838383839,2001,2026,-0.45374444444444445,-0.07151111111111111,0.3822333333333333,2001-2005,2022-2026
spi3_range,1728,West Bahr Ghazal,mean,2001+,26,0.14635416666666665,-0.08020833333333335,0.34787037037037033,0.1753846153846154,0.2194491560096635,0.36588541666666663,-29.466967013888883,2001,2026,-0.24465555555555554,-0.03392222222222222,0.21073333333333333,2001-2005,2022-2026
spi3_range,1729,W.Equatoria,mean,2001+,26,-0.0434285714285713,-0.3387428571428571,0.277952380952381,-0.046153846153846156,0.7600019817687585,-0.10857142857142825,8.719025563909748,2001,2026,-0.11126857142857143,-0.2391269172932331,-0.12785834586466166,2001-2005,2022-2026
spi3_range,2242,Upper Nile,mean,2001+,26,0.37522222222222223,0.1297584541062802,0.6149007936507935,0.37230769230769234,0.007246760676529504,0.9380555555555555,-75.47106388888889,2001,2026,-0.4541777777777778,0.22238333333333332,0.6765611111111112,2001-2005,2022-2026
temp_crop,558,Jonglei,mean,2001+,26,0.4176178660049656,0.18649769585253853,0.676370967741935,0.4338461538461538,0.001552696791963095,1.044044665012414,-56.12601861042239,2001,2026,27.81356774193548,28.6790464516129,0.8654787096774221,2001-2005,2022-2026
temp_crop,599,El Buheyrat,mean,2001+,26,0.635663265306116,0.35689285714285823,0.8118571428571452,0.6369230769230769,9.418908364562851e-07,1.58915816326529,-100.23010204081504,2001,2026,27.459250000000004,28.62236190476191,1.1631119047619052,2001-2005,2022-2026
temp_crop,622,Unity,mean,2001+,26,0.6341874999999986,0.27746153846153954,0.9139632034632038,0.513846153846154,0.00013623648586789824,1.5854687499999964,-98.63851979166638,2001,2026,28.701099999999997,30.09841714285714,1.397317142857144,2001-2005,2022-2026
temp_crop,623,C. Equatoria,mean,2001+,26,0.3823262032085559,0.23973529411764716,0.512058823529415,0.563076923076923,2.2859995080603212e-05,0.9558155080213898,-52.42561631016038,2001,2026,24.268341176470592,24.941010457516338,0.6726692810457457,2001-2005,2022-2026
temp_crop,1721,East Equatoria,mean,2001+,26,0.27956018518518516,0.044212962962966174,0.5365740740740795,0.316923076923077,0.02347590883972108,0.6989004629629629,-29.448929398148138,2001,2026,26.8264,27.406313333333333,0.5799133333333337,2001-2005,2022-2026
temp_crop,1726,North Bahr Ghaza,mean,2001+,26,0.5111662531017339,0.2321935483870874,0.7388248847926248,0.4892307692307692,0.0003050133755255225,1.2779156327543348,-74.07079280396961,2001,2026,28.526793548387097,29.541838279569895,1.0150447311827975,2001-2005,2022-2026
temp_crop,1727,Warab,mean,2001+,26,0.5151838235294104,0.25279411764705867,0.7219659442724448,0.513846153846154,0.00013623648586789824,1.287959558823526,-74.63676286764678,2001,2026,28.72725882352941,29.656058823529413,0.9288000000000025,2001-2005,2022-2026
temp_crop,1728,West Bahr Ghazal,mean,2001+,26,0.5828348214285728,0.3286666666666657,0.83068181818182,0.6307692307692307,1.2623053580123721e-06,1.457087053571432,-89.52182700892885,2001,2026,27.58211428571429,28.933285714285716,1.3511714285714262,2001-2005,2022-2026
temp_crop,1729,W.Equatoria,mean,2001+,26,0.4881649831649821,0.351878787878789,0.6321212121212127,0.6984615384615385,3.632741576646149e-08,1.2204124579124553,-73.01473148148128,2001,2026,24.96858787878788,25.914896613190727,0.946308734402848,2001-2005,2022-2026
temp_crop,2242,Upper Nile,mean,2001+,26,0.8114502164502138,0.46263616557734366,1.1560606060606056,0.49538461538461537,0.0002506131270492923,2.0286255411255345,-134.82337987012934,2001,2026,28.344478787878792,29.811007843137254,1.4665290552584622,2001-2005,2022-2026
wsi_crop,558,Jonglei,mean,2001+,26,1.8587177419354806,-1.0768225806451568,4.70686635944701,0.18153846153846157,0.20324965345831253,4.646794354838701,-284.1719947580639,2001,2026,87.35354838709678,88.94400903225805,1.5904606451612722,2001-2005,2022-2026
wsi_crop,599,El Buheyrat,mean,2001+,26,-0.036126373626370445,-1.3732142857142549,1.5096428571428482,-0.009230769230769232,0.9652027004982784,-0.09031593406592611,100.95222390109826,2001,2026,93.01410714285714,92.09939761904762,-0.9147095238095204,2001-2005,2022-2026
wsi_crop,622,Unity,mean,2001+,26,0.005638888888886603,-1.2490555555555478,1.2458181818181853,0.003076923076923077,1.0,0.014097222222216507,85.29232638888935,2001,2026,85.29572666666668,85.32527904761905,0.02955238095236723,2001-2005,2022-2026
wsi_crop,623,C. Equatoria,mean,2001+,26,-1.2261764705882356,-4.49676470588237,1.9767820069204127,-0.10153846153846155,0.4844245357791813,-3.065441176470589,333.8991764705883,2001,2026,88.93998823529412,83.83194640522876,-5.1080418300653605,2001-2005,2022-2026
wsi_crop,1721,East Equatoria,mean,2001+,26,2.499340277777775,-1.3563888888889388,5.735555555555559,0.15692307692307692,0.273413769437675,6.248350694444438,-432.59713715277724,2001,2026,67.13825555555556,72.30222111111111,5.163965555555549,2001-2005,2022-2026
wsi_crop,1726,North Bahr Ghaza,mean,2001+,26,0.03369175627240237,-1.187634408602148,1.27367741935484,0.015384615384615385,0.9304701683802264,0.08422939068100592,76.36371326164856,2001,2026,81.2662064516129,80.04697333333333,-1.2192331182795755,2001-2005,2022-2026
wsi_crop,1727,Warab,mean,2001+,26,1.3066310160427783,-1.110339366515846,3.9512352941176516,0.1323076923076923,0.3581740111592894,3.2665775401069457,-179.62349331550752,2001,2026,78.9822294117647,82.44566797385622,3.463438562091511,2001-2005,2022-2026
wsi_crop,1728,West Bahr Ghazal,mean,2001+,26,0.4564062499999988,-0.9013839285714287,1.7873214285714312,0.08923076923076924,0.5408307375523345,1.141015624999997,-1.788130580356892,2001,2026,88.88078571428571,89.36165952380954,0.4808738095238283,2001-2005,2022-2026
wsi_crop,1729,W.Equatoria,mean,2001+,26,-0.8845920745920811,-3.217590909090916,1.4149883449883414,-0.11384615384615385,0.4313027450135199,-2.2114801864802027,270.5693922939819,2001,2026,93.09315757575757,89.48211122994653,-3.6110463458110473,2001-2005,2022-2026
wsi_crop,2242,Upper Nile,mean,2001+,26,0.8919047619047505,-1.019242424242421,3.5810101010100936,0.14461538461538462,0.313954327988493,2.2297619047618764,-106.57981168830939,2001,2026,68.83166666666668,70.46924099821747,1.6375743315507947,2001-2005,2022-2026
wsi_range,558,Jonglei,mean,2001+,26,0.38769841269840855,-1.1055092592592668,1.7522569444444436,0.07076923076923078,0.6310368149871954,0.9692460317460214,5.226174603175437,2001,2026,81.96327222222223,82.55414888888889,0.5908766666666594,2001-2005,2022-2026
wsi_range,599,El Buheyrat,mean,2001+,26,0.09896825396826411,-2.5038117283950596,2.6403703703703725,0.021538461538461538,0.8958668197336087,0.2474206349206603,63.50549206349002,2001,2026,82.63336111111111,81.81532222222222,-0.8180388888888928,2001-2005,2022-2026
wsi_range,622,Unity,mean,2001+,26,-0.4017748917748877,-2.127710437710451,1.577878787878788,-0.07076923076923078,0.6310368149871954,-1.0044372294372192,162.5496320346312,2001,2026,79.8772909090909,79.00869090909092,-0.8685999999999865,2001-2005,2022-2026
wsi_range,623,C. Equatoria,mean,2001+,26,-0.5766190476190403,-3.233688311688315,2.0642244897959166,-0.07692307692307693,0.6002720153905604,-1.4415476190476006,200.55854072681558,2001,2026,86.74157142857142,83.21089533834586,-3.5306760902255547,2001-2005,2022-2026
wsi_range,1721,East Equatoria,mean,2001+,26,1.0277083333333437,-1.8347638888888884,4.088659420289846,0.11384615384615385,0.4313027450135199,2.569270833333359,-132.443620138891,2001,2026,72.83001666666667,74.41029222222221,1.580275555555545,2001-2005,2022-2026
wsi_range,1726,North Bahr Ghaza,mean,2001+,26,-0.15839506172840048,-2.3074884259259263,1.599143518518519,-0.015384615384615385,0.9304701683802264,-0.3959876543210012,106.45448456790231,2001,2026,73.0801388888889,71.21340000000001,-1.8667388888888894,2001-2005,2022-2026
wsi_range,1727,Warab,mean,2001+,26,0.7109210526315817,-2.0668274853801223,3.8472101449275318,0.07692307692307693,0.6002720153905604,1.7773026315789542,-63.419676169591185,2001,2026,76.57300000000001,77.58608,1.013079999999988,2001-2005,2022-2026
wsi_range,1728,West Bahr Ghazal,mean,2001+,26,-0.4161419753086509,-2.881691919191912,1.8546759259259225,-0.05846153846153847,0.6944365083392359,-1.040354938271627,153.01203395061907,2001,2026,67.67691666666667,66.20214222222222,-1.4747744444444493,2001-2005,2022-2026
wsi_range,1729,W.Equatoria,mean,2001+,26,-1.2693788819875784,-4.210607142857157,2.442103896103886,-0.10153846153846155,0.4844245357791813,-3.173447204968946,333.19618074534174,2001,2026,78.25539428571429,74.76129503759398,-3.494099248120307,2001-2005,2022-2026
wsi_range,2242,Upper Nile,mean,2001+,26,1.1364682539682545,-0.5073717948717925,2.9381250000000136,0.2123076923076923,0.13492500286485662,2.841170634920636,-152.57673015873024,2001,2026,73.92045555555556,75.27981666666668,1.359361111111113,2001-2005,2022-2026
zfpar_crop,558,Jonglei,mean,2001+,26,0.2666862170087976,0.14431977559607292,0.36648387096774193,0.5446153846153846,4.594304543929421e-05,0.666715542521994,-53.632995601173015,2001,2026,-0.27583225806451617,0.25652516129032255,0.5323574193548387,2001-2005,2022-2026
zfpar_crop,599,El Buheyrat,mean,2001+,26,-0.03807142857142859,-0.14845238095238097,0.08024242424242427,-0.07692307692307693,0.6002720153905604,-0.09517857142857147,7.618753571428575,2001,2026,-0.014640259740259731,-0.05672619047619047,-0.04208593073593074,2001-2005,2022-2026
zfpar_crop,622,Unity,mean,2001+,26,-0.04912820512820513,-0.237,0.12699999999999995,-0.05846153846153847,0.6944365083392359,-0.12282051282051282,9.832464102564103,2001,2026,-0.2022012121212121,-0.1902590476190476,0.011942164502164482,2001-2005,2022-2026
zfpar_crop,623,C. Equatoria,mean,2001+,26,0.09821895424836602,-0.016090527119938875,0.22809803921568628,0.2246153846153846,0.11309398151890815,0.24554738562091505,-19.755182189542488,2001,2026,-0.011465240641711233,0.16061699346405228,0.1720822341057635,2001-2005,2022-2026
zfpar_crop,1721,East Equatoria,mean,2001+,26,0.35701690821256044,0.19025641025641024,0.47909259259259257,0.47692307692307695,0.0004474231160704783,0.8925422705314011,-71.81893780193238,2001,2026,-0.30946363636363633,0.43235222222222225,0.7418158585858585,2001-2005,2022-2026
zfpar_crop,1726,North Bahr Ghaza,mean,2001+,26,0.24161290322580647,0.04695014662756597,0.43312762973352026,0.38461538461538464,0.005436631281043852,0.6040322580645162,-48.55141935483872,2001,2026,-0.22868475073313785,0.48060301075268813,0.709287761485826,2001-2005,2022-2026
zfpar_crop,1727,Warab,mean,2001+,26,0.1385588235294118,-0.07230392156862744,0.3255042016806723,0.20615384615384616,0.14697001740066537,0.3463970588235295,-27.83705441176471,2001,2026,-0.1756513368983957,0.3515751633986928,0.5272265002970885,2001-2005,2022-2026
zfpar_crop,1728,West Bahr Ghazal,mean,2001+,26,0.16114254792826221,0.02306122448979591,0.3015422077922078,0.2923076923076923,0.037344025361578,0.4028563698206556,-32.42051631106988,2001,2026,-0.19467987012987012,0.19201428571428572,0.38669415584415584,2001-2005,2022-2026
zfpar_crop,1729,W.Equatoria,mean,2001+,26,0.34378787878787886,0.19399621212121212,0.4893333333333334,0.5384615384615385,5.7525846742063396e-05,0.8594696969696971,-69.14888636363636,2001,2026,-0.24894848484848486,0.4148741532976826,0.6638226381461675,2001-2005,2022-2026
zfpar_crop,2242,Upper Nile,mean,2001+,26,0.44676767676767676,0.34005050505050505,0.5632491582491582,0.5938461538461539,6.569767006174222e-06,1.1169191919191919,-89.87835353535354,2001,2026,-0.4133818181818182,0.5689251336898395,0.9823069518716577,2001-2005,2022-2026
zfparc_crop,558,Jonglei,mean,2001+,26,0.3629032258064513,0.19175953079178884,0.5194677419354838,0.49538461538461537,0.0002506131270492923,0.9072580645161282,-73.02190322580638,2001,2026,-0.5487700879765397,0.2791987096774194,0.8279687976539591,2001-2005,2022-2026
zfparc_crop,599,El Buheyrat,mean,2001+,26,-0.1482312925170068,-0.41795918367346924,0.1414285714285714,-0.15076923076923077,0.2932239991190237,-0.370578231292517,29.78176360544218,2001,2026,-0.1379558441558441,-0.3677071428571429,-0.2297512987012988,2001-2005,2022-2026
zfparc_crop,622,Unity,mean,2001+,26,-0.1260833333333333,-0.3654242424242424,0.16638888888888886,-0.10153846153846155,0.4844245357791813,-0.3152083333333332,25.277212499999994,2001,2026,-0.26191696969696965,-0.5501742857142857,-0.2882573160173161,2001-2005,2022-2026
zfparc_crop,623,C. Equatoria,mean,2001+,26,0.03251633986928105,-0.1941176470588235,0.20233031674208143,0.05846153846153847,0.6944365083392359,0.08129084967320262,-6.513709150326798,2001,2026,0.026695721925133697,0.10016339869281046,0.07346767676767677,2001-2005,2022-2026
zfparc_crop,1721,East Equatoria,mean,2001+,26,0.5147649572649572,0.24326388888888886,0.7001388888888889,0.5261538461538462,8.9175233222817e-05,1.2869123931623931,-103.63024358974357,2001,2026,-0.39676767676767677,0.7314344444444444,1.1282021212121212,2001-2005,2022-2026
zfparc_crop,1726,North Bahr Ghaza,mean,2001+,26,0.21537001897533203,-0.044294354838709665,0.487126099706745,0.23692307692307696,0.09409290644202206,0.5384250474383301,-43.33599525616698,2001,2026,-0.32533431085043996,0.26813075268817205,0.5934650635386121,2001-2005,2022-2026
zfparc_crop,1727,Warab,mean,2001+,26,0.1857516339869281,-0.05183855360325948,0.4032175925925926,0.2307692307692308,0.10325382470897754,0.4643790849673203,-37.460400326797384,2001,2026,-0.33130427807486634,0.20312091503267976,0.5344251931075461,2001-2005,2022-2026
zfparc_crop,1728,West Bahr Ghazal,mean,2001+,26,-0.08110248447204965,-0.3239285714285714,0.17876984126984125,-0.07076923076923078,0.6310368149871954,-0.2027562111801241,16.256735248447196,2001,2026,-0.03986493506493506,-0.11005476190476186,-0.0701898268398268,2001-2005,2022-2026
zfparc_crop,1729,W.Equatoria,mean,2001+,26,0.3767171717171717,0.09929292929292935,0.7272727272727273,0.32923076923076927,0.018371833944896835,0.9417929292929292,-75.64384343434342,2001,2026,-0.3921969696969697,0.42543565062388594,0.8176326203208557,2001-2005,2022-2026
zfparc_crop,2242,Upper Nile,mean,2001+,26,0.513905723905724,0.34262626262626267,0.6379889807162535,0.5692307692307692,1.796817515501251e-05,1.28476430976431,-103.23540235690237,2001,2026,-0.47028181818181813,0.5566737967914438,1.026955614973262,2001-2005,2022-2026
zfparc_range,558,Jonglei,mean,2001+,26,0.5227962962962963,0.3869444444444444,0.6579166666666667,0.6553846153846153,3.7845215267635986e-07,1.3069907407407406,-105.13104814814814,2001,2026,-0.6018752525252525,0.46366666666666667,1.065541919191919,2001-2005,2022-2026
zfparc_range,599,El Buheyrat,mean,2001+,26,0.5443518518518518,0.3142094017094017,0.7407037037037039,0.5446153846153846,4.594304543929421e-05,1.3608796296296295,-109.58845370370369,2001,2026,-0.6664318181818181,0.4400266666666667,1.1064584848484849,2001-2005,2022-2026
zfparc_range,622,Unity,mean,2001+,26,0.2312878787878787,0.0008931419457735246,0.49921717171717167,0.28,0.046507327017603135,0.5782196969696968,-46.68814772727271,2001,2026,-0.5458454545454545,-0.16614759358288772,0.3796978609625668,2001-2005,2022-2026
zfparc_range,623,C. Equatoria,mean,2001+,26,0.5165844155844156,0.3417142857142857,0.6802857142857144,0.563076923076923,2.2859995080603212e-05,1.2914610389610388,-104.00728636363635,2001,2026,-0.5733625974025974,0.685252030075188,1.2586146274777854,2001-2005,2022-2026
zfparc_range,1721,East Equatoria,mean,2001+,26,0.5745508658008658,0.3514814814814815,0.719861111111111,0.5815384615384616,1.0960818857282772e-05,1.4363771645021646,-115.6782057178932,2001,2026,-0.4846686868686869,0.7402255555555556,1.2248942424242424,2001-2005,2022-2026
zfparc_range,1726,North Bahr Ghaza,mean,2001+,26,0.42347222222222225,0.2245416666666667,0.6728993055555555,0.46461538461538465,0.000648089627144108,1.0586805555555556,-85.30088194444446,2001,2026,-0.5809171717171717,0.3612911111111111,0.9422082828282828,2001-2005,2022-2026
zfparc_range,1727,Warab,mean,2001+,26,0.44043055555555555,0.1731666666666667,0.642875,0.45230769230769236,0.0009273588869346637,1.101076388888889,-88.51840069444445,2001,2026,-0.6497313131313132,0.4078588888888889,1.0575902020202022,2001-2005,2022-2026
zfparc_range,1728,West Bahr Ghazal,mean,2001+,26,0.6504722222222223,0.4130902777777778,0.8326262626262627,0.6000000000000001,5.051627829856436e-06,1.6261805555555557,-130.9361652777778,2001,2026,-0.7428626262626263,0.57265,1.3155126262626262,2001-2005,2022-2026
zfparc_range,1729,W.Equatoria,mean,2001+,26,0.587517316017316,0.3281428571428572,0.8774107142857142,0.47692307692307695,0.0004474231160704783,1.46879329004329,-118.16255443722945,2001,2026,-0.6230654545454545,0.573531127819549,1.1965965823650033,2001-2005,2022-2026
zfparc_range,2242,Upper Nile,mean,2001+,26,0.5841666666666666,0.3851657883179622,0.7852046783625731,0.6738461538461539,1.4415746301515204e-07,1.4604166666666667,-117.33968055555555,2001,2026,-0.6402151515151514,0.5829188888888889,1.2231340404040403,2001-2005,2022-2026
fpar_crop,0,National (mean of units),mean,2001+,26,0.8381310815756866,-0.07914917807260972,1.5706312372573592,0.23692307692307696,0.09409290644202206,2.0953277039392164,-121.34893844741156,2001,2026,46.48938553870228,47.704166622023976,1.2147810833216965,2001-2005,2022-2026
rain_crop,0,National (mean of units),mean,2001+,26,-0.30722639018266307,-1.8457204754876861,1.6839391095528022,-0.033846153846153845,0.8273014975871174,-0.7680659754566577,92.29080696189973,2001,2026,29.576233406244608,29.201499019399744,-0.3747343868448638,2001-2005,2022-2026
sm_crop,0,National (mean of units),mean,2001+,26,-0.009148348735388575,-0.01412007823123918,-0.003545103070553765,-0.44000000000000006,0.0013113680873865026,-0.022870871838471436,2.1026053472759565,2001,2026,0.2670339264069264,0.24944726222350616,-0.017586664183420253,2001-2005,2022-2026
spi3_crop,0,National (mean of units),mean,2001+,26,0.07693821838230691,-0.13992943086351983,0.3587997907633744,0.07692307692307693,0.6002720153905604,0.19234554595576728,-15.454045728039636,2001,2026,-0.18530222442151767,-0.012883835923709374,0.1724183884978083,2001-2005,2022-2026
spi3_range,0,National (mean of units),mean,2001+,26,0.11692162440733869,-0.09811309137980262,0.38645396065922377,0.1323076923076923,0.3581740111592894,0.2923040610183467,-23.459539297021838,2001,2026,-0.19714939156268568,0.02259110247990743,0.2197404940425931,2001-2005,2022-2026
temp_crop,0,National (mean of units),mean,2001+,26,0.5241847973576262,0.28378641572953667,0.7346369934777413,0.5753846153846154,1.4063918678343238e-05,1.3104619933940655,-77.96873518896666,2001,2026,27.321789224270354,28.360423656379464,1.0386344321091094,2001-2005,2022-2026
wsi_crop,0,National (mean of units),mean,2001+,26,0.5996380537713302,-1.0776939376962864,2.095754206061713,0.08923076923076924,0.5408307375523345,1.4990951344283254,-36.506534977859886,2001,2026,83.27956718075578,83.43085062744277,0.151283446686989,2001-2005,2022-2026
wsi_range,0,National (mean of units),mean,2001+,26,0.04811712176711161,-1.9157305355138654,1.9503774479488811,0.003076923076923077,1.0,0.12029280441777901,68.55265920968124,2001,2026,77.35514177344876,76.6042083507253,-0.7509334227234632,2001-2005,2022-2026
zfpar_crop,0,National (mean of units),mean,2001+,26,0.19114416056745276,0.11004743755664531,0.2825609640385969,0.49538461538461537,0.0002506131270492923,0.47786040141863195,-38.44466571309805,2001,2026,-0.20749488677230424,0.2610500885734548,0.468544975345759,2001-2005,2022-2026
zfparc_crop,0,National (mean of units),mean,2001+,26,0.19580656357557683,0.0469607203932947,0.28766795041770377,0.36615384615384616,0.008335790462301297,0.4895164089389421,-39.36958615643833,2001,2026,-0.2877697168540926,0.15362214774746652,0.4413918646015591,2001-2005,2022-2026
zfparc_range,0,National (mean of units),mean,2001+,26,0.4950225198412699,0.37402089805619215,0.632286931044188,0.6369230769230769,9.418908364562851e-07,1.2375562996031746,-99.57034717667749,2001,2026,-0.6108975526695527,0.46612733420896263,1.0770248868785153,2001-2005,2022-2026
fpar_crop,558,Jonglei,z_mean,full,26,0.5201051751383496,0.326918181984598,0.7127874726624468,0.5692307692307692,1.796817515501251e-05,1.300262937845874,-104.66844934189928,2001,2026,-0.6228697500453878,0.4740952257207861,1.096964975766174,2001-2005,2022-2026
fpar_crop,599,El Buheyrat,z_mean,full,26,-0.16611868967069665,-0.31306926006276636,0.024387136190840375,-0.20615384615384616,0.14697001740066537,-0.4152967241767416,33.378266247518,2001,2026,0.07050198625063217,-0.18950950000636477,-0.26001148625699694,2001-2005,2022-2026
fpar_crop,622,Unity,z_mean,full,26,-0.2137263334912541,-0.5337859995177595,0.04699701668230422,-0.20615384615384616,0.14697001740066537,-0.5343158337281353,43.00787824105206,2001,2026,-0.15037284615544744,-0.4525278469377583,-0.3021550007823109,2001-2005,2022-2026
fpar_crop,623,C. Equatoria,z_mean,full,26,0.09825549297659938,-0.16797931731154056,0.2637558454400386,0.12000000000000001,0.4060348292913185,0.24563873244149845,-19.787851242033305,2001,2026,0.04838999533331103,0.12409715180434763,0.0757071564710366,2001-2005,2022-2026
fpar_crop,1721,East Equatoria,z_mean,full,26,0.4965984004826911,0.29094576404707534,0.7047216216543452,0.52,0.00011041937521594675,1.2414960012067278,-99.99250707244987,2001,2026,-0.5353291009150103,0.5278877108297225,1.063216811744733,2001-2005,2022-2026
fpar_crop,1726,North Bahr Ghaza,z_mean,full,26,0.4693634658369858,0.196086354441974,0.6992511239880392,0.46461538461538465,0.000648089627144108,1.1734086645924644,-94.46448609760883,2001,2026,-0.4639806399077571,0.6867397804937607,1.1507204204015178,2001-2005,2022-2026
fpar_crop,1727,Warab,z_mean,full,26,0.2345843194550638,-0.08800120927607682,0.48006475300800494,0.20615384615384616,0.14697001740066537,0.5864607986376595,-47.26389961683567,2001,2026,-0.25977641271319574,0.5404627039407466,0.8002391166539423,2001-2005,2022-2026
fpar_crop,1728,West Bahr Ghazal,z_mean,full,26,0.24544182773099327,-0.1003263066449332,0.4202845327460572,0.2,0.1598021358738695,0.6136045693274831,-49.43631067548034,2001,2026,-0.25050348052591226,0.226212581444622,0.4767160619705343,2001-2005,2022-2026
fpar_crop,1729,W.Equatoria,z_mean,full,26,0.47767288505721306,0.31885121405320355,0.6890765323215614,0.5507692307692308,3.655084919983229e-05,1.1941822126430326,-96.19745868801066,2001,2026,-0.42937650903069785,0.45195266949446244,0.8813291785251602,2001-2005,2022-2026
fpar_crop,2242,Upper Nile,z_mean,full,26,0.5591478883310863,0.3752961362112991,0.7449107269930132,0.5815384615384616,1.0960818857282772e-05,1.3978697208277158,-112.56255612518575,2001,2026,-0.6024467558134333,0.6457859404123738,1.248232696225807,2001-2005,2022-2026
rain_crop,558,Jonglei,z_mean,full,38,-0.0212981583191707,-0.09439397090495188,0.053535221073534665,-0.061166429587482224,0.5887888985090685,-0.0788031857809316,4.252726571072332,1989,2026,0.004009389055940426,-0.014784242821658081,-0.018793631877598506,1989-1993,2022-2026
rain_crop,599,El Buheyrat,z_mean,full,38,-0.05152133385623303,-0.12450023816625422,0.020873794153179404,-0.15789473684210528,0.16287071087412586,-0.1906289352680622,10.37196052136038,1989,2026,0.17709619044483688,-0.08529247066404555,-0.2623886611088824,1989-1993,2022-2026
rain_crop,622,Unity,z_mean,full,38,-0.001056400326154858,-0.053918531018417745,0.05858113821974796,-0.009957325746799433,0.9298740267428874,-0.003908681206772974,0.20928864220572435,1989,2026,-0.05180023048790381,-0.00011864739530404456,0.051681583092599764,1989-1993,2022-2026
rain_crop,623,C. Equatoria,z_mean,full,38,-0.058509807531109126,-0.1232092944634845,0.020305317546533076,-0.18065433854907542,0.11034778241543665,-0.21648628786510377,11.81032784510739,1989,2026,0.12965552737099031,-0.10507781002997059,-0.23473333740096092,1989-1993,2022-2026
rain_crop,1721,East Equatoria,z_mean,full,38,0.04194539299819572,-0.03196708721432516,0.1032436566680549,0.10384068278805123,0.35875026265037524,0.15519795409332415,-8.420054815336288,1989,2026,0.0366300911290202,0.08171873085975061,0.04508863973073041,1989-1993,2022-2026
rain_crop,1726,North Bahr Ghaza,z_mean,full,38,-0.01659514031283913,-0.07933842687374787,0.03928095414261969,-0.07539118065433856,0.5052123660867247,-0.06140201915750479,3.36419183397572,1989,2026,-0.01681860199754589,-0.04773573353910472,-0.030917131541558833,1989-1993,2022-2026
rain_crop,1727,Warab,z_mean,full,38,-0.02012197445239329,-0.08240797503717805,0.03917192905013063,-0.08677098150782363,0.44314918450338103,-0.07445130547385519,4.0888917630199115,1989,2026,0.13490094963936333,-0.002382699429366755,-0.13728364906873008,1989-1993,2022-2026
rain_crop,1728,West Bahr Ghazal,z_mean,full,38,-0.026427733419547052,-0.11948260747805114,0.05167428946907526,-0.08392603129445235,0.4582434363235117,-0.09778261365232409,5.281613005098233,1989,2026,-0.03810255791576752,-0.025251045224775233,0.012851512690992287,1989-1993,2022-2026
rain_crop,1729,W.Equatoria,z_mean,full,38,-0.03969839461539032,-0.10930132185715048,0.022623894154777984,-0.155049786628734,0.17058153466815473,-0.14688406007694418,8.014538010292252,1989,2026,0.15406529880095957,-0.07211115070659727,-0.22617644950755683,1989-1993,2022-2026
rain_crop,2242,Upper Nile,z_mean,full,38,0.06250212666477564,-0.0033638264055350087,0.1267252830267106,0.21194879089615934,0.06103886589352509,0.23125786865966985,-12.525506344664828,1989,2026,-0.1464707576933985,0.0834840305651358,0.22995478825853433,1989-1993,2022-2026
sm_crop,558,Jonglei,z_mean,full,27,-0.3439718896512405,-0.6508728873869218,-0.08563071140570488,-0.3447293447293448,0.011366078230494117,-0.8943269130932252,69.3955187365132,2000,2026,0.3123632635453501,-0.45312401493337473,-0.7654872784787248,2000-2004,2022-2026
sm_crop,599,El Buheyrat,z_mean,full,27,-0.46999067319191545,-0.6932022494144447,-0.2212593484671499,-0.48148148148148157,0.0002857511352466415,-1.2219757502989803,94.71082687640327,2000,2026,0.42046223686895046,-0.61967060226118,-1.0401328391301305,2000-2004,2022-2026
sm_crop,622,Unity,z_mean,full,27,-0.11921682437788662,-0.4234290016598536,0.2069493547958881,-0.09971509971509973,0.48213101687785026,-0.3099637433825052,24.024258031561665,2000,2026,-0.0653184429256635,0.02311941431728811,0.08843785724295161,2000-2004,2022-2026
sm_crop,623,C. Equatoria,z_mean,full,27,-0.3132547918662915,-0.6097163761942456,-0.14830928838941626,-0.47008547008547014,0.0004107263685135341,-0.814462458852358,63.16497747535052,2000,2026,0.3714261205585304,-0.4087614598824745,-0.7801875804410049,2000-2004,2022-2026
sm_crop,1721,East Equatoria,z_mean,full,27,-0.12072492854945413,-0.303402880443542,0.054403967778540285,-0.1737891737891738,0.21320255677024738,-0.3138848142285808,24.282301888862477,2000,2026,0.012257855897937564,-0.16860445280077382,-0.1808623086987114,2000-2004,2022-2026
sm_crop,1726,North Bahr Ghaza,z_mean,full,27,-0.5876832863240051,-0.9450939722237116,-0.30266475973888424,-0.4643874643874645,0.0004903558373758477,-1.5279765444424132,118.25718169684161,2000,2026,0.5138670975301239,-0.483068921409874,-0.996936018939998,2000-2004,2022-2026
sm_crop,1727,Warab,z_mean,full,27,-0.5420222050934038,-0.7737290790460059,-0.2636371912928715,-0.48148148148148157,0.0002857511352466415,-1.4092577332428498,109.13444616674346,2000,2026,0.43772893007647173,-0.47431228360235755,-0.9120412136788293,2000-2004,2022-2026
sm_crop,1728,West Bahr Ghazal,z_mean,full,27,-0.26876428059617297,-0.6111477012472206,-0.0067799418664746675,-0.2991452991452992,0.029156553677097977,-0.6987871295500496,54.14672111213054,2000,2026,0.22878472638658512,-0.4467851977264086,-0.6755699241129938,2000-2004,2022-2026
sm_crop,1729,W.Equatoria,z_mean,full,27,-0.38359496884615507,-0.5505073948385502,-0.20874907894234615,-0.4757834757834758,0.00034307132651083554,-0.9973469190000032,77.15490611419277,2000,2026,0.5144797883625699,-0.33495418507322555,-0.8494339734357954,2000-2004,2022-2026
sm_crop,2242,Upper Nile,z_mean,full,27,-0.4667114758823805,-0.7588190725717137,-0.14396460521237284,-0.4017094017094018,0.002898158909508985,-1.2134498372941893,94.10782317704832,2000,2026,0.2184448810195847,-0.5138700077243896,-0.7323148887439743,2000-2004,2022-2026
spi3_crop,558,Jonglei,z_mean,full,38,0.07272727272727275,-0.052946236559139784,0.18752016129032256,0.12091038406827881,0.28524458155149335,0.26909090909090916,-14.439548387096778,1989,2026,0.03927956989247309,0.19506064516129032,0.15578107526881724,1989-1993,2022-2026
spi3_crop,599,El Buheyrat,z_mean,full,38,-0.06174107142857145,-0.21999999999999997,0.07195378151260506,-0.08961593172119488,0.4283431834865046,-0.22844196428571437,12.398841517857146,1989,2026,0.08110989010989011,-0.24966904761904765,-0.33077893772893774,1989-1993,2022-2026
spi3_crop,622,Unity,z_mean,full,38,0.000814285714285716,-0.11595238095238096,0.16909340659340663,0.001422475106685633,0.9899693355111908,0.003012857142857149,-0.07050357142857175,1989,2026,-0.062497999999999984,0.05845,0.12094799999999999,1989-1993,2022-2026
spi3_crop,623,C. Equatoria,z_mean,full,38,-0.07882352941176468,-0.2544747899159664,0.040436456063907,-0.15220483641536275,0.1785626544271428,-0.29164705882352937,15.972232026143788,1989,2026,0.27804553376906316,-0.21363071895424834,-0.4916762527233115,1989-1993,2022-2026
spi3_crop,1721,East Equatoria,z_mean,full,38,0.14178104575163397,-0.01842592592592591,0.3120833333333334,0.19487908961593176,0.08500596261491014,0.5245898692810458,-28.30493382352941,1989,2026,0.05690370370370372,0.39582666666666666,0.3389229629629629,1989-1993,2022-2026
spi3_crop,1726,North Bahr Ghaza,z_mean,full,38,-0.09837164750957854,-0.23947454844006572,0.07172413793103444,-0.12375533428165009,0.2740621313123316,-0.36397509578544057,19.76950478927203,1989,2026,0.040620689655172404,-0.18609124668435012,-0.22671193633952252,1989-1993,2022-2026
spi3_crop,1727,Warab,z_mean,full,38,-0.05819946670135276,-0.18476426799007445,0.07216907675194661,-0.10384068278805123,0.35875026265037524,-0.2153380267950052,11.768071166103017,1989,2026,0.2435878136200717,-0.0065036290322580655,-0.25009144265232974,1989-1993,2022-2026
spi3_crop,1728,West Bahr Ghazal,z_mean,full,38,-0.05411654135338346,-0.1729985119047619,0.09551587301587303,-0.055476529160739696,0.6239185944721397,-0.2002312030075188,10.884014724310777,1989,2026,-0.0747714285714286,-0.059052380952380946,0.015719047619047653,1989-1993,2022-2026
spi3_crop,1729,W.Equatoria,z_mean,full,38,-0.04972318339100345,-0.22000000000000006,0.0997348484848485,-0.09246088193456616,0.4138291070046193,-0.18397577854671276,10.087808744888328,1989,2026,0.2596760942760942,-0.23942388591800357,-0.4990999801940978,1989-1993,2022-2026
spi3_crop,2242,Upper Nile,z_mean,full,38,0.10407999999999999,-0.04822222222222228,0.27564646464646464,0.14082503556187767,0.21327199008742925,0.38509599999999994,-20.70509333333333,1989,2026,-0.25277025641025636,0.17619523809523807,0.4289654945054944,1989-1993,2022-2026
spi3_range,558,Jonglei,z_mean,full,38,0.1355555555555555,0.017482638888888895,0.24736666666666662,0.26884779516358465,0.017497194374994824,0.5015555555555554,-27.098569444444436,1989,2026,-0.0805888888888889,0.35645333333333334,0.4370422222222222,1989-1993,2022-2026
spi3_range,599,El Buheyrat,z_mean,full,38,-0.049972222222222216,-0.179224537037037,0.0866025641025641,-0.08961593172119488,0.4283431834865046,-0.18489722222222219,10.032881944444442,1989,2026,0.13329074074074074,-0.11289666666666667,-0.2461874074074074,1989-1993,2022-2026
spi3_range,622,Unity,z_mean,full,38,-0.030740740740740746,-0.11562582345191041,0.06355555555555557,-0.07823613086770982,0.48927979988214654,-0.11374074074074075,6.298643097643098,1989,2026,-0.0138929292929293,-0.0029597147950089107,0.010933214497920389,1989-1993,2022-2026
spi3_range,623,C. Equatoria,z_mean,full,38,-0.06700621118012423,-0.22949206349206347,0.057515527950310535,-0.12091038406827881,0.28524458155149335,-0.24792298136645965,13.588139751552795,1989,2026,0.2186361904761905,-0.15596992481203006,-0.3746061152882206,1989-1993,2022-2026
spi3_range,1721,East Equatoria,z_mean,full,38,0.1103502415458937,-0.04867845117845118,0.2661111111111111,0.15789473684210528,0.16287071087412586,0.4082958937198067,-22.02596376811594,1989,2026,0.11446481481481481,0.33376222222222224,0.21929740740740744,1989-1993,2022-2026
spi3_range,1726,North Bahr Ghaza,z_mean,full,38,-0.028823529411764717,-0.1526470588235294,0.10955407969639468,-0.04409672830725463,0.6967369144407922,-0.10664705882352946,5.827823529411767,1989,2026,-0.01841394335511982,-0.07030130718954249,-0.05188736383442266,1989-1993,2022-2026
spi3_range,1727,Warab,z_mean,full,38,-0.052361111111111115,-0.1750810185185185,0.07263071895424836,-0.08677098150782363,0.44314918450338103,-0.19373611111111114,10.53945138888889,1989,2026,0.22712037037037036,-0.07151111111111111,-0.29863148148148144,1989-1993,2022-2026
spi3_range,1728,West Bahr Ghazal,z_mean,full,38,-0.03699404761904763,-0.1293162393162393,0.08367149758454108,-0.07823613086770982,0.48927979988214654,-0.13687797619047623,7.499332837301589,1989,2026,0.023999999999999994,-0.03392222222222222,-0.057922222222222215,1989-1993,2022-2026
spi3_range,1729,W.Equatoria,z_mean,full,38,-0.07923809523809522,-0.20701098901098905,0.038174855127236076,-0.16073968705547653,0.15542573698815024,-0.2931809523809523,15.97032116402116,1989,2026,0.25153798941798944,-0.2391269172932331,-0.49066490671122254,1989-1993,2022-2026
spi3_range,2242,Upper Nile,z_mean,full,38,0.09192592592592588,-0.057923976608187135,0.2396296296296296,0.14366998577524895,0.20416928423667413,0.3401259259259258,-18.31917129629629,1989,2026,-0.09360555555555557,0.22238333333333332,0.3159888888888889,1989-1993,2022-2026
temp_crop,558,Jonglei,z_mean,full,38,0.4015847331721729,0.27620549937748406,0.523997699164228,0.5846372688477952,2.3781401960403902e-07,1.4858635127370399,-80.73281658083637,1989,2026,-0.6334712624929774,0.7924298518797886,1.425901114372766,1989-1993,2022-2026
temp_crop,599,El Buheyrat,z_mean,full,38,0.5627846599114006,0.40945767114464604,0.6750506812455088,0.7041251778093883,4.87448664111836e-10,2.0823032416721823,-113.08419562331142,1989,2026,-0.7383362942099453,0.9490761168091669,1.6874124110191122,1989-1993,2022-2026
temp_crop,622,Unity,z_mean,full,38,0.4223399030408978,0.28754729869780377,0.5409397394194955,0.6102418207681366,6.915715755682239e-08,1.5626576412513218,-84.835671847757,1989,2026,-0.5029590677177465,0.8532370319350466,1.356196099652793,1989-1993,2022-2026
temp_crop,623,C. Equatoria,z_mean,full,38,0.3547632422294014,0.2601376204424765,0.4701148147415896,0.6017069701280228,1.0496266495925111e-07,1.3126239962487853,-71.30889100111774,1989,2026,-0.5708971145909744,0.6616350969639228,1.2325322115548971,1989-1993,2022-2026
temp_crop,1721,East Equatoria,z_mean,full,38,0.18050498016411048,0.06387551019172924,0.2600819174231379,0.32859174964438126,0.0036829873317053385,0.6678684266072088,-36.183342683776694,1989,2026,-0.3325749422535307,0.47221374624819046,0.8047886885017211,1989-1993,2022-2026
temp_crop,1726,North Bahr Ghaza,z_mean,full,38,0.4326435697566523,0.31463952255508826,0.5366071725726521,0.5960170697012802,1.3819772182577589e-07,1.6007812080996136,-86.84038797859898,1989,2026,-0.5106303827486609,0.6830050643902362,1.193635447138897,1989-1993,2022-2026
temp_crop,1727,Warab,z_mean,full,38,0.4748557463888567,0.3410228777570013,0.5814377547019025,0.6273115220483643,2.9528427062504204e-08,1.7569662616387698,-95.32186344685663,1989,2026,-0.6272146496975582,0.6245561378271142,1.2517707875246724,1989-1993,2022-2026
temp_crop,1728,West Bahr Ghazal,z_mean,full,38,0.4167065583094728,0.32185241220201466,0.5198982010144407,0.6216216216216217,3.931033077443854e-08,1.5418142657450493,-83.65525274530323,1989,2026,-0.43138837041620537,1.0039588114933902,1.4353471819095955,1989-1993,2022-2026
temp_crop,1729,W.Equatoria,z_mean,full,38,0.42829790939671464,0.3391210381712547,0.5519171306985846,0.6671408250355619,3.7191550708574488e-09,1.5847022647678441,-86.04003614737846,1989,2026,-0.6189052513463407,0.8124054448067483,1.4313106961530888,1989-1993,2022-2026
temp_crop,2242,Upper Nile,z_mean,full,38,0.38741363115739735,0.25116841230884945,0.5014576577583086,0.5049786628733998,8.08101695784545e-06,1.4334304352823704,-77.84502333587496,1989,2026,-0.46417627407575707,0.9408803737315852,1.4050566478073423,1989-1993,2022-2026
wsi_crop,558,Jonglei,z_mean,full,36,0.0026468602963254256,-0.19539908448142984,0.17734271191567375,0.006349206349206349,0.9565498931849237,0.009264011037138989,-0.46832943169153735,1991,2026,0.26870394298898426,-0.09938752828695815,-0.36809147127594244,1991-1995,2022-2026
wsi_crop,599,El Buheyrat,z_mean,full,36,-0.1543339682442011,-0.33007613330536506,-0.03141951256093493,-0.28253968253968254,0.015328674623339845,-0.5401688888547038,31.16816055300432,1991,2026,0.41243491900550155,-0.5342247942830747,-0.9466597132885762,1991-1995,2022-2026
wsi_crop,622,Unity,z_mean,full,36,-0.18098954044721693,-0.3058555619018538,-0.043818123177750516,-0.2920634920634921,0.012202120291615373,-0.6334633915652592,36.597775774748705,1991,2026,0.5053144939890657,-0.2830287794431247,-0.7883432734321905,1991-1995,2022-2026
wsi_crop,623,C. Equatoria,z_mean,full,36,-0.0989835939879985,-0.3412054551201177,0.09055242187890374,-0.12380952380952383,0.28804063748976105,-0.34644257895799474,20.028943555078666,1991,2026,0.251055745679184,-0.287145448542163,-0.5382011942213469,1991-1995,2022-2026
wsi_crop,1721,East Equatoria,z_mean,full,36,0.2547429757133741,0.019811721377377207,0.46822288695630315,0.24444444444444446,0.035938930574022594,0.8916004149968095,-51.12841352334595,1991,2026,-0.15274680676075028,0.36288102479653067,0.515627831557281,1991-1995,2022-2026
wsi_crop,1726,North Bahr Ghaza,z_mean,full,36,-0.2620653606030146,-0.35541776516612134,-0.12988476462054843,-0.4031746031746032,0.0005407632364550594,-0.9172287621105512,52.788678248559926,1991,2026,0.4940440950003466,-0.36171933459653194,-0.8557634295968786,1991-1995,2022-2026
wsi_crop,1727,Warab,z_mean,full,36,-0.11633515795987114,-0.2104379131855967,-0.021504889771808262,-0.2761904761904762,0.017786373587161754,-0.40717305285954897,23.605474114460094,1991,2026,0.4525465001224891,-0.11709160304138647,-0.5696381031638755,1991-1995,2022-2026
wsi_crop,1728,West Bahr Ghazal,z_mean,full,36,-0.10333412390082451,-0.23347439443512552,0.0018147599322753782,-0.22222222222222227,0.05653027716740424,-0.3616694336528858,20.912970949236136,1991,2026,0.2001439178865457,-0.30691587332002646,-0.5070597912065722,1991-1995,2022-2026
wsi_crop,1729,W.Equatoria,z_mean,full,36,-0.020678481352905648,-0.22595019212646175,0.16110504685073385,-0.028571428571428574,0.806320085510995,-0.07237468473516977,4.365447230065681,1991,2026,-0.0514030530101053,-0.38407753975045844,-0.33267448674035316,1991-1995,2022-2026
wsi_crop,2242,Upper Nile,z_mean,full,36,-0.06279776033604578,-0.18555306297123553,0.1257229861743022,-0.0761904761904762,0.5132387860785104,-0.21979216117616024,12.7576179217886,1991,2026,-0.13960481565853514,-0.24339304158440908,-0.10378822592587394,1991-1995,2022-2026
wsi_range,558,Jonglei,z_mean,full,36,0.02449783983253724,-0.1285001906250815,0.20727278937713545,0.0380952380952381,0.7437424174128879,0.08574243941388035,-4.860802803824252,1991,2026,0.1461128272849618,0.050825064674237884,-0.09528776261072391,1991-1995,2022-2026
wsi_range,599,El Buheyrat,z_mean,full,36,-0.11224047334927019,-0.27849513319924957,0.0015280608788850007,-0.2285714285714286,0.04983135951781719,-0.3928416567224457,22.70871409710915,1991,2026,0.4376186657571096,-0.2548002456680874,-0.6924189114251971,1991-1995,2022-2026
wsi_range,622,Unity,z_mean,full,36,-0.23058181437052291,-0.3742586418327101,-0.07520214876618812,-0.34920634920634924,0.002730116263305273,-0.8070363502968302,46.52952802423509,1991,2026,0.5923333319736387,-0.47014111932052527,-1.062474451294164,1991-1995,2022-2026
wsi_range,623,C. Equatoria,z_mean,full,36,-0.060731902881438635,-0.2681363772358182,0.13132484022880686,-0.08571428571428572,0.4620178214954651,-0.21256166008503524,12.284283136001758,1991,2026,0.1645141859843702,-0.11049504836863022,-0.2750092343530004,1991-1995,2022-2026
wsi_range,1721,East Equatoria,z_mean,full,36,0.14172952238013128,-0.05618033857257323,0.3608352244904078,0.1777777777777778,0.12712442894245324,0.4960533283304595,-28.363481099640776,1991,2026,-0.03847905914685009,0.12852616886912044,0.16700522801597054,1991-1995,2022-2026
wsi_range,1726,North Bahr Ghaza,z_mean,full,36,-0.25342974118634903,-0.34768292093945685,-0.12731448956599617,-0.41587301587301595,0.00035879217467205127,-0.8870040941522217,50.935315745499025,1991,2026,0.451268003010021,-0.5138997006846805,-0.9651677036947015,1991-1995,2022-2026
wsi_range,1727,Warab,z_mean,full,36,-0.14911301566949142,-0.29120813878926033,-0.06382931629651256,-0.33650793650793653,0.00388156717422776,-0.52189555484322,30.173547437436362,1991,2026,0.4919250907568779,-0.3076722947765942,-0.7995973855334721,1991-1995,2022-2026
wsi_range,1728,West Bahr Ghazal,z_mean,full,36,-0.09893632927959445,-0.3285032511475867,0.09800795321295393,-0.11746031746031747,0.31348030713018504,-0.3462771524785806,19.849066965299507,1991,2026,0.3556819945469691,-0.3013746219190009,-0.6570566164659699,1991-1995,2022-2026
wsi_range,1729,W.Equatoria,z_mean,full,36,-0.017431432137469765,-0.3056818308634067,0.2786904150324964,-0.022222222222222227,0.8487665010168555,-0.061010012481144175,3.344506274103758,1991,2026,0.10296937925041112,-0.29477179677565646,-0.39774117602606757,1991-1995,2022-2026
wsi_range,2242,Upper Nile,z_mean,full,36,-0.004914694953676066,-0.1617733325998013,0.16010018033049409,-0.012698412698412698,0.9132285432239224,-0.01720143233786623,1.128275871653905,1991,2026,0.1298501477098064,-0.1366066650391685,-0.2664568127489749,1991-1995,2022-2026
zfpar_crop,558,Jonglei,z_mean,full,26,0.2666862170087976,0.14431977559607292,0.36648387096774193,0.5446153846153846,4.594304543929421e-05,0.666715542521994,-53.632995601173015,2001,2026,-0.27583225806451617,0.25652516129032255,0.5323574193548387,2001-2005,2022-2026
zfpar_crop,599,El Buheyrat,z_mean,full,26,-0.03807142857142859,-0.14845238095238097,0.08024242424242427,-0.07692307692307693,0.6002720153905604,-0.09517857142857147,7.618753571428575,2001,2026,-0.014640259740259731,-0.05672619047619047,-0.04208593073593074,2001-2005,2022-2026
zfpar_crop,622,Unity,z_mean,full,26,-0.04912820512820513,-0.237,0.12699999999999995,-0.05846153846153847,0.6944365083392359,-0.12282051282051282,9.832464102564103,2001,2026,-0.2022012121212121,-0.1902590476190476,0.011942164502164482,2001-2005,2022-2026
zfpar_crop,623,C. Equatoria,z_mean,full,26,0.09821895424836602,-0.016090527119938875,0.22809803921568628,0.2246153846153846,0.11309398151890815,0.24554738562091505,-19.755182189542488,2001,2026,-0.011465240641711233,0.16061699346405228,0.1720822341057635,2001-2005,2022-2026
zfpar_crop,1721,East Equatoria,z_mean,full,26,0.35701690821256044,0.19025641025641024,0.47909259259259257,0.47692307692307695,0.0004474231160704783,0.8925422705314011,-71.81893780193238,2001,2026,-0.30946363636363633,0.43235222222222225,0.7418158585858585,2001-2005,2022-2026
zfpar_crop,1726,North Bahr Ghaza,z_mean,full,26,0.24161290322580647,0.04695014662756597,0.43312762973352026,0.38461538461538464,0.005436631281043852,0.6040322580645162,-48.55141935483872,2001,2026,-0.22868475073313785,0.48060301075268813,0.709287761485826,2001-2005,2022-2026
zfpar_crop,1727,Warab,z_mean,full,26,0.1385588235294118,-0.07230392156862744,0.3255042016806723,0.20615384615384616,0.14697001740066537,0.3463970588235295,-27.83705441176471,2001,2026,-0.1756513368983957,0.3515751633986928,0.5272265002970885,2001-2005,2022-2026
zfpar_crop,1728,West Bahr Ghazal,z_mean,full,26,0.16114254792826221,0.02306122448979591,0.3015422077922078,0.2923076923076923,0.037344025361578,0.4028563698206556,-32.42051631106988,2001,2026,-0.19467987012987012,0.19201428571428572,0.38669415584415584,2001-2005,2022-2026
zfpar_crop,1729,W.Equatoria,z_mean,full,26,0.34378787878787886,0.19399621212121212,0.4893333333333334,0.5384615384615385,5.7525846742063396e-05,0.8594696969696971,-69.14888636363636,2001,2026,-0.24894848484848486,0.4148741532976826,0.6638226381461675,2001-2005,2022-2026
zfpar_crop,2242,Upper Nile,z_mean,full,26,0.44676767676767676,0.34005050505050505,0.5632491582491582,0.5938461538461539,6.569767006174222e-06,1.1169191919191919,-89.87835353535354,2001,2026,-0.4133818181818182,0.5689251336898395,0.9823069518716577,2001-2005,2022-2026
zfparc_crop,558,Jonglei,z_mean,full,26,0.3629032258064513,0.19175953079178884,0.5194677419354838,0.49538461538461537,0.0002506131270492923,0.9072580645161282,-73.02190322580638,2001,2026,-0.5487700879765397,0.2791987096774194,0.8279687976539591,2001-2005,2022-2026
zfparc_crop,599,El Buheyrat,z_mean,full,26,-0.1482312925170068,-0.41795918367346924,0.1414285714285714,-0.15076923076923077,0.2932239991190237,-0.370578231292517,29.78176360544218,2001,2026,-0.1379558441558441,-0.3677071428571429,-0.2297512987012988,2001-2005,2022-2026
zfparc_crop,622,Unity,z_mean,full,26,-0.1260833333333333,-0.3654242424242424,0.16638888888888886,-0.10153846153846155,0.4844245357791813,-0.3152083333333332,25.277212499999994,2001,2026,-0.26191696969696965,-0.5501742857142857,-0.2882573160173161,2001-2005,2022-2026
zfparc_crop,623,C. Equatoria,z_mean,full,26,0.03251633986928105,-0.1941176470588235,0.20233031674208143,0.05846153846153847,0.6944365083392359,0.08129084967320262,-6.513709150326798,2001,2026,0.026695721925133697,0.10016339869281046,0.07346767676767677,2001-2005,2022-2026
zfparc_crop,1721,East Equatoria,z_mean,full,26,0.5147649572649572,0.24326388888888886,0.7001388888888889,0.5261538461538462,8.9175233222817e-05,1.2869123931623931,-103.63024358974357,2001,2026,-0.39676767676767677,0.7314344444444444,1.1282021212121212,2001-2005,2022-2026
zfparc_crop,1726,North Bahr Ghaza,z_mean,full,26,0.21537001897533203,-0.044294354838709665,0.487126099706745,0.23692307692307696,0.09409290644202206,0.5384250474383301,-43.33599525616698,2001,2026,-0.32533431085043996,0.26813075268817205,0.5934650635386121,2001-2005,2022-2026
zfparc_crop,1727,Warab,z_mean,full,26,0.1857516339869281,-0.05183855360325948,0.4032175925925926,0.2307692307692308,0.10325382470897754,0.4643790849673203,-37.460400326797384,2001,2026,-0.33130427807486634,0.20312091503267976,0.5344251931075461,2001-2005,2022-2026
zfparc_crop,1728,West Bahr Ghazal,z_mean,full,26,-0.08110248447204965,-0.3239285714285714,0.17876984126984125,-0.07076923076923078,0.6310368149871954,-0.2027562111801241,16.256735248447196,2001,2026,-0.03986493506493506,-0.11005476190476186,-0.0701898268398268,2001-2005,2022-2026
zfparc_crop,1729,W.Equatoria,z_mean,full,26,0.3767171717171717,0.09929292929292935,0.7272727272727273,0.32923076923076927,0.018371833944896835,0.9417929292929292,-75.64384343434342,2001,2026,-0.3921969696969697,0.42543565062388594,0.8176326203208557,2001-2005,2022-2026
zfparc_crop,2242,Upper Nile,z_mean,full,26,0.513905723905724,0.34262626262626267,0.6379889807162535,0.5692307692307692,1.796817515501251e-05,1.28476430976431,-103.23540235690237,2001,2026,-0.47028181818181813,0.5566737967914438,1.026955614973262,2001-2005,2022-2026
zfparc_range,558,Jonglei,z_mean,full,26,0.5227962962962963,0.3869444444444444,0.6579166666666667,0.6553846153846153,3.7845215267635986e-07,1.3069907407407406,-105.13104814814814,2001,2026,-0.6018752525252525,0.46366666666666667,1.065541919191919,2001-2005,2022-2026
zfparc_range,599,El Buheyrat,z_mean,full,26,0.5443518518518518,0.3142094017094017,0.7407037037037039,0.5446153846153846,4.594304543929421e-05,1.3608796296296295,-109.58845370370369,2001,2026,-0.6664318181818181,0.4400266666666667,1.1064584848484849,2001-2005,2022-2026
zfparc_range,622,Unity,z_mean,full,26,0.2312878787878787,0.0008931419457735246,0.49921717171717167,0.28,0.046507327017603135,0.5782196969696968,-46.68814772727271,2001,2026,-0.5458454545454545,-0.16614759358288772,0.3796978609625668,2001-2005,2022-2026
zfparc_range,623,C. Equatoria,z_mean,full,26,0.5165844155844156,0.3417142857142857,0.6802857142857144,0.563076923076923,2.2859995080603212e-05,1.2914610389610388,-104.00728636363635,2001,2026,-0.5733625974025974,0.685252030075188,1.2586146274777854,2001-2005,2022-2026
zfparc_range,1721,East Equatoria,z_mean,full,26,0.5745508658008658,0.3514814814814815,0.719861111111111,0.5815384615384616,1.0960818857282772e-05,1.4363771645021646,-115.6782057178932,2001,2026,-0.4846686868686869,0.7402255555555556,1.2248942424242424,2001-2005,2022-2026
zfparc_range,1726,North Bahr Ghaza,z_mean,full,26,0.42347222222222225,0.2245416666666667,0.6728993055555555,0.46461538461538465,0.000648089627144108,1.0586805555555556,-85.30088194444446,2001,2026,-0.5809171717171717,0.3612911111111111,0.9422082828282828,2001-2005,2022-2026
zfparc_range,1727,Warab,z_mean,full,26,0.44043055555555555,0.1731666666666667,0.642875,0.45230769230769236,0.0009273588869346637,1.101076388888889,-88.51840069444445,2001,2026,-0.6497313131313132,0.4078588888888889,1.0575902020202022,2001-2005,2022-2026
zfparc_range,1728,West Bahr Ghazal,z_mean,full,26,0.6504722222222223,0.4130902777777778,0.8326262626262627,0.6000000000000001,5.051627829856436e-06,1.6261805555555557,-130.9361652777778,2001,2026,-0.7428626262626263,0.57265,1.3155126262626262,2001-2005,2022-2026
zfparc_range,1729,W.Equatoria,z_mean,full,26,0.587517316017316,0.3281428571428572,0.8774107142857142,0.47692307692307695,0.0004474231160704783,1.46879329004329,-118.16255443722945,2001,2026,-0.6230654545454545,0.573531127819549,1.1965965823650033,2001-2005,2022-2026
zfparc_range,2242,Upper Nile,z_mean,full,26,0.5841666666666666,0.3851657883179622,0.7852046783625731,0.6738461538461539,1.4415746301515204e-07,1.4604166666666667,-117.33968055555555,2001,2026,-0.6402151515151514,0.5829188888888889,1.2231340404040403,2001-2005,2022-2026
fpar_crop,0,National (mean of units),z_mean,full,26,0.267611687412723,0.13986429473353834,0.37588304224375135,0.4707692307692308,0.0005393251158499312,0.6690292185318075,-53.88019933493272,2001,2026,-0.31957635135228984,0.30351964171966983,0.6230959930719597,2001-2005,2022-2026
rain_crop,0,National (mean of units),z_mean,full,38,-0.023971598136352128,-0.06331960528556584,0.02886764538183871,-0.10099573257467995,0.3720686126362883,-0.08869491310450288,4.833295256129398,1989,2026,0.038316529834649504,-0.018755103838593586,-0.05707163367324309,1989-1993,2022-2026
sm_crop,0,National (mean of units),z_mean,full,27,-0.3772628419767196,-0.5312423342621334,-0.15788907086362186,-0.48148148148148157,0.0002857511352466415,-0.980883389139471,75.94549193966596,2000,2026,0.2964496457320441,-0.3880031711096771,-0.6844528168417212,2000-2004,2022-2026
spi3_crop,0,National (mean of units),z_mean,full,38,-0.019736663068108413,-0.10313909258282024,0.06639613113084923,-0.06401137980085349,0.5715734527455391,-0.07302565335200113,4.063890385859246,1989,2026,0.06091836100447834,-0.012883835923709374,-0.07380219692818771,1989-1993,2022-2026
spi3_range,0,National (mean of units),z_mean,full,38,-0.005182985994397749,-0.08769727284853343,0.09055461670434932,-0.009957325746799433,0.9298740267428874,-0.01917704817927167,1.1600923001867391,1989,2026,0.07625487887276124,0.02259110247990743,-0.0536637763928538,1989-1993,2022-2026
temp_crop,0,National (mean of units),z_mean,full,38,0.3863625968645844,0.2915483559176199,0.499051715835068,0.6671408250355619,3.7191550708574488e-09,1.4295416083989623,-77.57671066587217,1989,2026,-0.5430553609549696,0.779339767608519,1.3223951285634885,1989-1993,2022-2026
wsi_crop,0,National (mean of units),z_mean,full,36,-0.061532191767451005,-0.18310285046010683,0.037155866469502086,-0.1523809523809524,0.19100703619867698,-0.21536267118607852,12.52173446948357,1991,2026,0.22404889392427263,-0.22541029180516023,-0.4494591857294329,1991-1995,2022-2026
wsi_range,0,National (mean of units),z_mean,full,36,-0.06909770162571137,-0.21099122402729556,0.049377980558105584,-0.12698412698412698,0.2758578612557615,-0.24184195568998978,14.044683585097609,1991,2026,0.28337945671273157,-0.22104102590089852,-0.50442048261363,1991-1995,2022-2026
zfpar_crop,0,National (mean of units),z_mean,full,26,0.19114416056745276,0.11004743755664531,0.2825609640385969,0.49538461538461537,0.0002506131270492923,0.47786040141863195,-38.44466571309805,2001,2026,-0.20749488677230424,0.2610500885734548,0.468544975345759,2001-2005,2022-2026
zfparc_crop,0,National (mean of units),z_mean,full,26,0.19580656357557683,0.0469607203932947,0.28766795041770377,0.36615384615384616,0.008335790462301297,0.4895164089389421,-39.36958615643833,2001,2026,-0.2877697168540926,0.15362214774746652,0.4413918646015591,2001-2005,2022-2026
zfparc_range,0,National (mean of units),z_mean,full,26,0.4950225198412699,0.37402089805619215,0.632286931044188,0.6369230769230769,9.418908364562851e-07,1.2375562996031746,-99.57034717667749,2001,2026,-0.6108975526695527,0.46612733420896263,1.0770248868785153,2001-2005,2022-2026
fpar_crop,558,Jonglei,mean,full,26,1.7901075268817217,1.141788856304987,2.463548387096779,0.4892307692307692,0.0003050133755255225,4.475268817204305,-309.23850537634434,2001,2026,49.26107008797654,52.14320043010753,2.882130342130985,2001-2005,2022-2026
fpar_crop,599,El Buheyrat,mean,full,26,-0.7977067669172935,-1.5949999999999895,-0.16480158730157907,-0.3353846153846154,0.0161979670992742,-1.994266917293234,212.13354323308278,2001,2026,52.38453246753247,49.93937857142857,-2.4451538961039034,2001-2005,2022-2026
fpar_crop,622,Unity,mean,full,26,-2.330522727272726,-4.07208035714286,-0.7663125996810218,-0.39692307692307693,0.004037772563129267,-5.8263068181818145,508.34431780303004,2001,2026,39.539278787878786,35.50331428571428,-4.035964502164504,2001-2005,2022-2026
fpar_crop,623,C. Equatoria,mean,full,26,0.14226890756302982,-0.8596791443850291,0.9354901960784308,0.046153846153846156,0.7600019817687585,0.35567226890757453,30.54108193277218,2001,2026,60.082674866310164,59.25485359477125,-0.8278212715389159,2001-2005,2022-2026
fpar_crop,1721,East Equatoria,mean,full,26,3.002222222222173,0.7763888888888815,4.590569444444444,0.37230769230769234,0.007246760676529504,7.505555555555432,-563.6374722222122,2001,2026,38.73467424242425,43.819852222222224,5.085177979797976,2001-2005,2022-2026
fpar_crop,1726,North Bahr Ghaza,mean,full,26,0.575725806451608,-0.5745161290322187,1.472939068100361,0.15076923076923077,0.2932239991190237,1.43931451612902,-73.5181491935474,2001,2026,41.66845806451612,43.04352688172043,1.3750688172043084,2001-2005,2022-2026
fpar_crop,1727,Warab,mean,full,26,-0.06132352941175867,-0.9413235294117683,0.9853361344537805,-0.009230769230769232,0.9652027004982784,-0.15330882352939668,55.30734558823408,2001,2026,43.214473796791445,43.55702549019608,0.3425516934046371,2001-2005,2022-2026
fpar_crop,1728,West Bahr Ghazal,mean,full,26,-0.21836734693877702,-1.2491581632653035,1.002295918367346,-0.05230769230769231,0.7269745473586298,-0.5459183673469425,88.6814974489799,2001,2026,44.22787792207792,44.058104761904765,-0.16977316017315758,2001-2005,2022-2026
fpar_crop,1729,W.Equatoria,mean,full,26,1.3317678059366036,0.29941414141414197,2.322396694214875,0.34153846153846157,0.014248903013415628,3.329419514841509,-201.86882651321395,2001,2026,65.47251212121212,67.13944349376114,1.6669313725490156,2001-2005,2022-2026
fpar_crop,2242,Upper Nile,mean,full,26,3.7773913043478284,2.534823232323233,4.765137085137083,0.5815384615384616,1.0960818857282772e-05,9.443478260869572,-726.077208827405,2001,2026,30.30830303030303,38.58296648841355,8.274663458110517,2001-2005,2022-2026
rain_crop,558,Jonglei,mean,full,38,0.09268817204301172,-0.8490702087286508,1.0759435483870927,0.021337126600284497,0.8504231288466042,0.34294623655914336,13.462365591397656,1989,2026,31.36709677419355,31.90286709677419,0.5357703225806425,1989-1993,2022-2026
rain_crop,599,El Buheyrat,mean,full,38,-0.6782500000000008,-1.531275510204083,0.15548319327731056,-0.1834992887624467,0.10485137990421281,-2.509525000000003,168.51061607142873,1989,2026,32.689800000000005,30.001514285714286,-2.688285714285719,1989-1993,2022-2026
rain_crop,622,Unity,mean,full,38,-0.3523030303030306,-1.0814999999999975,0.4877486772486783,-0.12944523470839261,0.25260566594829803,-1.3035212121212134,99.1354333333334,1989,2026,27.78732,26.471442857142858,-1.3158771428571434,1989-1993,2022-2026
rain_crop,623,C. Equatoria,mean,full,38,-0.9337745098039225,-2.4019675456389433,0.17802139037433176,-0.17496443812233287,0.12202144157473259,-3.4549656862745133,226.81135049019628,1989,2026,40.03552352941177,35.0105274509804,-5.024996078431371,1989-1993,2022-2026
rain_crop,1721,East Equatoria,mean,full,38,0.7950231481481485,-0.4305833333333329,1.7742857142857154,0.15220483641536275,0.1785626544271428,2.9415856481481493,-135.31882754629635,1989,2026,24.59132222222222,25.584200000000003,0.9928777777777817,1989-1993,2022-2026
rain_crop,1726,North Bahr Ghaza,mean,full,38,-0.5315102639296189,-1.3303349875930515,0.27879382889200355,-0.14082503556187767,0.21327199008742925,-1.9665879765395897,133.06239516129034,1989,2026,26.735135483870966,24.77257505376344,-1.9625604301075263,1989-1993,2022-2026
rain_crop,1727,Warab,mean,full,38,-0.6594723183391004,-1.565649087221094,0.2030065359477125,-0.16927453769559037,0.13463888856570216,-2.440047577854671,160.09196496539792,1989,2026,28.882947058823525,25.98398496732026,-2.8989620915032646,1989-1993,2022-2026
rain_crop,1728,West Bahr Ghazal,mean,full,38,-0.3875510204081577,-1.3908241758241748,0.664675324675324,-0.06685633001422477,0.5546011462054892,-1.4339387755101833,109.03758163265194,1989,2026,30.482385714285716,30.634161904761903,0.15177619047618762,1989-1993,2022-2026
rain_crop,1729,W.Equatoria,mean,full,38,-0.5783345377463011,-1.8348484848484858,0.515793226381459,-0.11806543385490756,0.29673154943364377,-2.139837789661314,160.86158269499418,1989,2026,46.17636363636363,41.93874153297683,-4.237622103386805,1989-1993,2022-2026
rain_crop,2242,Upper Nile,mean,full,38,0.3180440771349855,-0.4361818181818175,1.1578114478114483,0.11806543385490756,0.29673154943364377,1.1767630853994464,-43.444530303030156,1989,2026,18.88330909090909,19.71497504456328,0.8316659536541877,1989-1993,2022-2026
sm_crop,558,Jonglei,mean,full,27,-0.009193548387096961,-0.017360703812316712,-0.0022177419354838662,-0.37321937321937326,0.005900024667731748,-0.0239032258064521,2.128370967741973,2000,2026,0.2829,0.2611866359447005,-0.0217133640552995,2000-2004,2022-2026
sm_crop,599,El Buheyrat,mean,full,27,-0.00928571428571429,-0.015535714285714226,-0.004387755102040837,-0.46000187756251565,0.0007856199636663596,-0.02414285714285715,2.1801071428571435,2000,2026,0.31775714285714285,0.2936435064935065,-0.024113636363636337,2000-2004,2022-2026
sm_crop,622,Unity,mean,full,27,-0.006487179487179501,-0.012231990231990236,-0.00013725490196080185,-0.2853069950072753,0.03705621856411893,-0.0168666666666667,1.5449358974359002,2000,2026,0.24341151515151518,0.23782923076923076,-0.005582284382284419,2000-2004,2022-2026
sm_crop,623,C. Equatoria,mean,full,27,-0.007941176470588202,-0.012235294117647047,-0.003411764705882392,-0.5135525910130956,0.0001745500267034604,-0.020647058823529324,1.868323529411758,2000,2026,0.2780994652406417,0.25832941176470586,-0.019770053475935856,2000-2004,2022-2026
sm_crop,1721,East Equatoria,mean,full,27,-0.004615384615384619,-0.009166666666666629,-0.00017195767195768826,-0.28774928774928776,0.03618776211738343,-0.01200000000000001,1.1379102564102572,2000,2026,0.2110267676767677,0.2018769005847953,-0.009149867091972408,2000-2004,2022-2026
sm_crop,1726,North Bahr Ghaza,mean,full,27,-0.01887096774193552,-0.02767741935483875,-0.008617511520737245,-0.4472934472934474,0.0008209409552254817,-0.04906451612903235,4.070758064516136,2000,2026,0.288717008797654,0.25382534562211984,-0.03489166317553416,2000-2004,2022-2026
sm_crop,1727,Warab,mean,full,27,-0.017478991596638665,-0.026666666666666627,-0.009500000000000008,-0.48148148148148157,0.0002857511352466415,-0.04544537815126053,3.798609243697481,2000,2026,0.29690053475935835,0.2610411764705883,-0.03585935828877007,2000-2004,2022-2026
sm_crop,1728,West Bahr Ghazal,mean,full,27,-0.005051020408163272,-0.010918367346938778,-0.0006349206349206178,-0.3048433048433049,0.026096770092542527,-0.013132653061224507,1.2460204081632666,2000,2026,0.2340974025974026,0.22175324675324676,-0.012344155844155852,2000-2004,2022-2026
sm_crop,1729,W.Equatoria,mean,full,27,-0.009463768115942024,-0.01368181818181817,-0.005606060606060594,-0.5156695156695158,8.967683054366174e-05,-0.02460579710144926,2.165323188405796,2000,2026,0.2754557575757576,0.25223641025641025,-0.023219347319347328,2000-2004,2022-2026
sm_crop,2242,Upper Nile,mean,full,27,-0.011717171717171718,-0.0216287878787879,-0.004579124579124534,-0.4074074074074075,0.0024966938788110117,-0.030464646464646465,2.6285454545454545,2000,2026,0.27658181818181815,0.2527507575757576,-0.02383106060606055,2000-2004,2022-2026
spi3_crop,558,Jonglei,mean,full,38,0.07272727272727275,-0.052946236559139784,0.18752016129032256,0.12091038406827881,0.28524458155149335,0.26909090909090916,-14.439548387096778,1989,2026,0.03927956989247309,0.19506064516129032,0.15578107526881724,1989-1993,2022-2026
spi3_crop,599,El Buheyrat,mean,full,38,-0.06174107142857145,-0.21999999999999997,0.07195378151260506,-0.08961593172119488,0.4283431834865046,-0.22844196428571437,12.398841517857146,1989,2026,0.08110989010989011,-0.24966904761904765,-0.33077893772893774,1989-1993,2022-2026
spi3_crop,622,Unity,mean,full,38,0.000814285714285716,-0.11595238095238096,0.16909340659340663,0.001422475106685633,0.9899693355111908,0.003012857142857149,-0.07050357142857175,1989,2026,-0.062497999999999984,0.05845,0.12094799999999999,1989-1993,2022-2026
spi3_crop,623,C. Equatoria,mean,full,38,-0.07882352941176468,-0.2544747899159664,0.040436456063907,-0.15220483641536275,0.1785626544271428,-0.29164705882352937,15.972232026143788,1989,2026,0.27804553376906316,-0.21363071895424834,-0.4916762527233115,1989-1993,2022-2026
spi3_crop,1721,East Equatoria,mean,full,38,0.14178104575163397,-0.01842592592592591,0.3120833333333334,0.19487908961593176,0.08500596261491014,0.5245898692810458,-28.30493382352941,1989,2026,0.05690370370370372,0.39582666666666666,0.3389229629629629,1989-1993,2022-2026
spi3_crop,1726,North Bahr Ghaza,mean,full,38,-0.09837164750957854,-0.23947454844006572,0.07172413793103444,-0.12375533428165009,0.2740621313123316,-0.36397509578544057,19.76950478927203,1989,2026,0.040620689655172404,-0.18609124668435012,-0.22671193633952252,1989-1993,2022-2026
spi3_crop,1727,Warab,mean,full,38,-0.05819946670135276,-0.18476426799007445,0.07216907675194661,-0.10384068278805123,0.35875026265037524,-0.2153380267950052,11.768071166103017,1989,2026,0.2435878136200717,-0.0065036290322580655,-0.25009144265232974,1989-1993,2022-2026
spi3_crop,1728,West Bahr Ghazal,mean,full,38,-0.05411654135338346,-0.1729985119047619,0.09551587301587303,-0.055476529160739696,0.6239185944721397,-0.2002312030075188,10.884014724310777,1989,2026,-0.0747714285714286,-0.059052380952380946,0.015719047619047653,1989-1993,2022-2026
spi3_crop,1729,W.Equatoria,mean,full,38,-0.04972318339100345,-0.22000000000000006,0.0997348484848485,-0.09246088193456616,0.4138291070046193,-0.18397577854671276,10.087808744888328,1989,2026,0.2596760942760942,-0.23942388591800357,-0.4990999801940978,1989-1993,2022-2026
spi3_crop,2242,Upper Nile,mean,full,38,0.10407999999999999,-0.04822222222222228,0.27564646464646464,0.14082503556187767,0.21327199008742925,0.38509599999999994,-20.70509333333333,1989,2026,-0.25277025641025636,0.17619523809523807,0.4289654945054944,1989-1993,2022-2026
spi3_range,558,Jonglei,mean,full,38,0.1355555555555555,0.017482638888888895,0.24736666666666662,0.26884779516358465,0.017497194374994824,0.5015555555555554,-27.098569444444436,1989,2026,-0.0805888888888889,0.35645333333333334,0.4370422222222222,1989-1993,2022-2026
spi3_range,599,El Buheyrat,mean,full,38,-0.049972222222222216,-0.179224537037037,0.0866025641025641,-0.08961593172119488,0.4283431834865046,-0.18489722222222219,10.032881944444442,1989,2026,0.13329074074074074,-0.11289666666666667,-0.2461874074074074,1989-1993,2022-2026
spi3_range,622,Unity,mean,full,38,-0.030740740740740746,-0.11562582345191041,0.06355555555555557,-0.07823613086770982,0.48927979988214654,-0.11374074074074075,6.298643097643098,1989,2026,-0.0138929292929293,-0.0029597147950089107,0.010933214497920389,1989-1993,2022-2026
spi3_range,623,C. Equatoria,mean,full,38,-0.06700621118012423,-0.22949206349206347,0.057515527950310535,-0.12091038406827881,0.28524458155149335,-0.24792298136645965,13.588139751552795,1989,2026,0.2186361904761905,-0.15596992481203006,-0.3746061152882206,1989-1993,2022-2026
spi3_range,1721,East Equatoria,mean,full,38,0.1103502415458937,-0.04867845117845118,0.2661111111111111,0.15789473684210528,0.16287071087412586,0.4082958937198067,-22.02596376811594,1989,2026,0.11446481481481481,0.33376222222222224,0.21929740740740744,1989-1993,2022-2026
spi3_range,1726,North Bahr Ghaza,mean,full,38,-0.028823529411764717,-0.1526470588235294,0.10955407969639468,-0.04409672830725463,0.6967369144407922,-0.10664705882352946,5.827823529411767,1989,2026,-0.01841394335511982,-0.07030130718954249,-0.05188736383442266,1989-1993,2022-2026
spi3_range,1727,Warab,mean,full,38,-0.052361111111111115,-0.1750810185185185,0.07263071895424836,-0.08677098150782363,0.44314918450338103,-0.19373611111111114,10.53945138888889,1989,2026,0.22712037037037036,-0.07151111111111111,-0.29863148148148144,1989-1993,2022-2026
spi3_range,1728,West Bahr Ghazal,mean,full,38,-0.03699404761904763,-0.1293162393162393,0.08367149758454108,-0.07823613086770982,0.48927979988214654,-0.13687797619047623,7.499332837301589,1989,2026,0.023999999999999994,-0.03392222222222222,-0.057922222222222215,1989-1993,2022-2026
spi3_range,1729,W.Equatoria,mean,full,38,-0.07923809523809522,-0.20701098901098905,0.038174855127236076,-0.16073968705547653,0.15542573698815024,-0.2931809523809523,15.97032116402116,1989,2026,0.25153798941798944,-0.2391269172932331,-0.49066490671122254,1989-1993,2022-2026
spi3_range,2242,Upper Nile,mean,full,38,0.09192592592592588,-0.057923976608187135,0.2396296296296296,0.14366998577524895,0.20416928423667413,0.3401259259259258,-18.31917129629629,1989,2026,-0.09360555555555557,0.22238333333333332,0.3159888888888889,1989-1993,2022-2026
temp_crop,558,Jonglei,mean,full,38,0.4628,0.32387096774193935,0.5993920595533507,0.6159317211948792,5.220420396565526e-08,1.71236,-65.24482580645162,1989,2026,27.05483870967742,28.6790464516129,1.6242077419354821,1989-1993,2022-2026
temp_crop,599,El Buheyrat,mean,full,38,0.552710084033617,0.42698214285714187,0.6763750000000002,0.7354196301564724,8.049384047255872e-11,2.045027310924383,-83.43708508403432,1989,2026,26.869764285714286,28.62236190476191,1.7525976190476236,1989-1993,2022-2026
temp_crop,622,Unity,mean,full,38,0.6606111111111119,0.4834305555555559,0.8264999999999982,0.6614509246088194,5.037285506357598e-09,2.444261111111114,-103.92296388888906,1989,2026,27.97095333333333,30.09841714285714,2.1274638095238103,1989-1993,2022-2026
temp_crop,623,C. Equatoria,mean,full,38,0.3082720588235288,0.23611764705882385,0.3897577854671292,0.6301564722617354,2.5568580688977847e-08,1.1406066176470566,-37.60392463235282,1989,2026,23.86243529411765,24.941010457516338,1.078575163398689,1989-1993,2022-2026
temp_crop,1721,East Equatoria,mean,full,38,0.2242055555555531,0.08244658119658074,0.3354333333333329,0.31721194879089615,0.005054578271370006,0.8295605555555465,-18.18201527777729,1989,2026,26.388244444444446,27.406313333333333,1.0180688888888874,1989-1993,2022-2026
temp_crop,1726,North Bahr Ghaza,mean,full,38,0.6424731182795658,0.4959824046920825,0.7611290322580662,0.6415362731152205,1.428566645369531e-08,2.3771505376343933,-100.35123655913895,1989,2026,27.809245161290324,29.541838279569895,1.7325931182795706,1989-1993,2022-2026
temp_crop,1727,Warab,mean,full,38,0.6430588235294135,0.5228627450980395,0.7540610859728516,0.6699857752489332,3.192761708917782e-09,2.37931764705883,-100.30813235294153,1989,2026,27.91828823529412,29.656058823529413,1.7377705882352927,1989-1993,2022-2026
temp_crop,1728,West Bahr Ghazal,mean,full,38,0.5359774436090236,0.39621753246753405,0.671098901098901,0.6642958748221908,4.329664951974717e-09,1.983116541353387,-79.94893609022576,1989,2026,27.099778571428573,28.933285714285716,1.833507142857144,1989-1993,2022-2026
temp_crop,1729,W.Equatoria,mean,full,38,0.3711983471074376,0.2930303030302994,0.4619191919191934,0.6927453769559034,9.210822448152449e-10,1.3734338842975191,-49.404734848484765,1989,2026,24.649618181818177,25.914896613190727,1.2652784313725505,1989-1993,2022-2026
temp_crop,2242,Upper Nile,mean,full,38,0.5774343434343431,0.3841414141414138,0.7447107438016526,0.4935988620199147,1.2861342324719664e-05,2.1365070707070695,-87.59220202020197,1989,2026,27.587145454545453,29.811007843137254,2.223862388591801,1989-1993,2022-2026
wsi_crop,558,Jonglei,mean,full,36,0.0560390492359958,-1.4567232597623034,1.4335215053763406,0.006349206349206349,0.9565498931849237,0.1961366723259853,79.11102470288573,1991,2026,91.32321935483871,88.94400903225805,-2.3792103225806613,1991-1995,2022-2026
wsi_crop,599,El Buheyrat,mean,full,36,-0.7023401598401555,-1.35040476190476,-0.15506211180124296,-0.27936507936507937,0.016517415141384283,-2.458190559440544,235.48627110389523,1991,2026,95.46367857142857,92.09939761904762,-3.364280952380952,1991-1995,2022-2026
wsi_crop,622,Unity,mean,full,36,-1.0883232230392133,-1.6414583333333344,-0.34461333333333644,-0.34285714285714286,0.0032598081188732362,-3.809131280637246,306.2990526807593,1991,2026,89.64957333333332,85.32527904761905,-4.324294285714274,1991-1995,2022-2026
wsi_crop,623,C. Equatoria,mean,full,36,-0.7080619924737573,-2.6048879551820745,0.7672303921568613,-0.10476190476190478,0.3686638396222096,-2.4782169736581507,229.22279530600122,1991,2026,86.91815294117646,83.83194640522876,-3.086206535947696,1991-1995,2022-2026
wsi_crop,1721,East Equatoria,mean,full,36,2.3778559757236195,-0.09361111111111334,4.674837962962961,0.21587301587301588,0.06396243604375287,8.322495915032668,-408.29431716853344,1991,2026,67.25319999999999,72.30222111111111,5.0490211111111165,1991-1995,2022-2026
wsi_crop,1726,North Bahr Ghaza,mean,full,36,-1.02993010752688,-1.7484032258064488,-0.4804838709677739,-0.36190476190476195,0.001899166056750478,-3.6047553763440803,290.5564620967739,1991,2026,85.61363225806451,80.04697333333333,-5.566658924731186,1991-1995,2022-2026
wsi_crop,1727,Warab,mean,full,36,-0.8128031690400256,-1.684709843533371,0.22002178649237883,-0.20317460317460317,0.08125077369559813,-2.8448110916400897,247.80426650168914,1991,2026,86.57518823529412,82.44566797385622,-4.129520261437904,1991-1995,2022-2026
wsi_crop,1728,West Bahr Ghazal,mean,full,36,-0.38168285055957696,-1.103800000000001,0.2796874999999943,-0.14285714285714288,0.2202436585202837,-1.3358899769585193,167.3596433920339,1991,2026,90.85252857142856,89.36165952380954,-1.4908690476190287,1991-1995,2022-2026
wsi_crop,1729,W.Equatoria,mean,full,36,-0.16380808080807677,-1.5527946127946122,1.2846801346801349,-0.022222222222222227,0.8487665010168555,-0.5733282828282686,124.78264625668368,1991,2026,91.03769090909091,89.48211122994653,-1.5555796791443868,1991-1995,2022-2026
wsi_crop,2242,Upper Nile,mean,full,36,-0.24575859434683067,-1.4412500000000072,0.9105525846702278,-0.0380952380952381,0.7437424174128879,-0.8601550802139073,123.47861367456093,1991,2026,72.92429696969697,70.46924099821747,-2.4550559714794957,1991-1995,2022-2026
wsi_range,558,Jonglei,mean,full,36,-0.15021367521368162,-1.0058823529411896,0.7095751633986973,-0.028571428571428574,0.806320085510995,-0.5257478632478857,113.60887500000128,1991,2026,83.86814444444444,82.55414888888889,-1.3139955555555503,1991-1995,2022-2026
wsi_range,599,El Buheyrat,mean,full,36,-0.3815833333333103,-1.7779938271604947,0.8275396825396797,-0.06984126984126984,0.5489599522157356,-1.335541666666586,160.2814708333287,1991,2026,85.33981666666668,81.81532222222222,-3.524494444444457,1991-1995,2022-2026
wsi_range,622,Unity,mean,full,36,-1.5965404040404079,-2.3624242424242445,-0.6454677206851107,-0.38095238095238104,0.0010792273581063587,-5.587891414141428,403.3727613636372,1991,2026,85.16111515151515,79.00869090909092,-6.152424242424232,1991-1995,2022-2026
wsi_range,623,C. Equatoria,mean,full,36,-0.10840571428570532,-1.8000714285714352,1.2016825396825357,-0.022222222222222227,0.8487665010168555,-0.3794199999999686,106.22958320300572,1991,2026,84.64884571428571,83.21089533834586,-1.4379503759398489,1991-1995,2022-2026
wsi_range,1721,East Equatoria,mean,full,36,1.0915362554112542,-0.6969841269841279,3.193630952380947,0.14920634920634923,0.20041713178109344,3.8203768939393896,-145.1166818993504,1991,2026,72.82238333333333,74.41029222222221,1.587908888888876,1991-1995,2022-2026
wsi_range,1726,North Bahr Ghaza,mean,full,36,-1.135159774436085,-2.2593333333333376,0.010606995884774892,-0.22539682539682543,0.0530926024326508,-3.9730592105262974,302.935799028821,1991,2026,77.3051,71.21340000000001,-6.091699999999989,1991-1995,2022-2026
wsi_range,1727,Warab,mean,full,36,-0.7169606481481495,-2.0826388888888863,0.5396929824561432,-0.14603174603174604,0.2101612160619447,-2.5093622685185233,224.24228229166695,1991,2026,82.39862777777778,77.58608,-4.81254777777778,1991-1995,2022-2026
wsi_range,1728,West Bahr Ghazal,mean,full,36,-0.7955589293747194,-2.1747067901234534,0.6950000000000027,-0.12063492063492065,0.30058114325316654,-2.784456252811518,229.0397470760235,1991,2026,70.8669888888889,66.20214222222222,-4.664846666666676,1991-1995,2022-2026
wsi_range,1729,W.Equatoria,mean,full,36,-0.23049926995346975,-2.53216541353384,1.5447373271889417,-0.025396825396825397,0.8274802970993095,-0.8067474448371442,123.82180694158296,1991,2026,79.03733142857143,74.76129503759398,-4.276036390977453,1991-1995,2022-2026
wsi_range,2242,Upper Nile,mean,full,36,-0.47245608256478083,-1.413074712643677,0.37379629629635736,-0.1142857142857143,0.3267385445526918,-1.6535962889767328,171.57063751646956,1991,2026,78.57361666666667,75.27981666666668,-3.2937999999999903,1991-1995,2022-2026
zfpar_crop,558,Jonglei,mean,full,26,0.2666862170087976,0.14431977559607292,0.36648387096774193,0.5446153846153846,4.594304543929421e-05,0.666715542521994,-53.632995601173015,2001,2026,-0.27583225806451617,0.25652516129032255,0.5323574193548387,2001-2005,2022-2026
zfpar_crop,599,El Buheyrat,mean,full,26,-0.03807142857142859,-0.14845238095238097,0.08024242424242427,-0.07692307692307693,0.6002720153905604,-0.09517857142857147,7.618753571428575,2001,2026,-0.014640259740259731,-0.05672619047619047,-0.04208593073593074,2001-2005,2022-2026
zfpar_crop,622,Unity,mean,full,26,-0.04912820512820513,-0.237,0.12699999999999995,-0.05846153846153847,0.6944365083392359,-0.12282051282051282,9.832464102564103,2001,2026,-0.2022012121212121,-0.1902590476190476,0.011942164502164482,2001-2005,2022-2026
zfpar_crop,623,C. Equatoria,mean,full,26,0.09821895424836602,-0.016090527119938875,0.22809803921568628,0.2246153846153846,0.11309398151890815,0.24554738562091505,-19.755182189542488,2001,2026,-0.011465240641711233,0.16061699346405228,0.1720822341057635,2001-2005,2022-2026
zfpar_crop,1721,East Equatoria,mean,full,26,0.35701690821256044,0.19025641025641024,0.47909259259259257,0.47692307692307695,0.0004474231160704783,0.8925422705314011,-71.81893780193238,2001,2026,-0.30946363636363633,0.43235222222222225,0.7418158585858585,2001-2005,2022-2026
zfpar_crop,1726,North Bahr Ghaza,mean,full,26,0.24161290322580647,0.04695014662756597,0.43312762973352026,0.38461538461538464,0.005436631281043852,0.6040322580645162,-48.55141935483872,2001,2026,-0.22868475073313785,0.48060301075268813,0.709287761485826,2001-2005,2022-2026
zfpar_crop,1727,Warab,mean,full,26,0.1385588235294118,-0.07230392156862744,0.3255042016806723,0.20615384615384616,0.14697001740066537,0.3463970588235295,-27.83705441176471,2001,2026,-0.1756513368983957,0.3515751633986928,0.5272265002970885,2001-2005,2022-2026
zfpar_crop,1728,West Bahr Ghazal,mean,full,26,0.16114254792826221,0.02306122448979591,0.3015422077922078,0.2923076923076923,0.037344025361578,0.4028563698206556,-32.42051631106988,2001,2026,-0.19467987012987012,0.19201428571428572,0.38669415584415584,2001-2005,2022-2026
zfpar_crop,1729,W.Equatoria,mean,full,26,0.34378787878787886,0.19399621212121212,0.4893333333333334,0.5384615384615385,5.7525846742063396e-05,0.8594696969696971,-69.14888636363636,2001,2026,-0.24894848484848486,0.4148741532976826,0.6638226381461675,2001-2005,2022-2026
zfpar_crop,2242,Upper Nile,mean,full,26,0.44676767676767676,0.34005050505050505,0.5632491582491582,0.5938461538461539,6.569767006174222e-06,1.1169191919191919,-89.87835353535354,2001,2026,-0.4133818181818182,0.5689251336898395,0.9823069518716577,2001-2005,2022-2026
zfparc_crop,558,Jonglei,mean,full,26,0.3629032258064513,0.19175953079178884,0.5194677419354838,0.49538461538461537,0.0002506131270492923,0.9072580645161282,-73.02190322580638,2001,2026,-0.5487700879765397,0.2791987096774194,0.8279687976539591,2001-2005,2022-2026
zfparc_crop,599,El Buheyrat,mean,full,26,-0.1482312925170068,-0.41795918367346924,0.1414285714285714,-0.15076923076923077,0.2932239991190237,-0.370578231292517,29.78176360544218,2001,2026,-0.1379558441558441,-0.3677071428571429,-0.2297512987012988,2001-2005,2022-2026
zfparc_crop,622,Unity,mean,full,26,-0.1260833333333333,-0.3654242424242424,0.16638888888888886,-0.10153846153846155,0.4844245357791813,-0.3152083333333332,25.277212499999994,2001,2026,-0.26191696969696965,-0.5501742857142857,-0.2882573160173161,2001-2005,2022-2026
zfparc_crop,623,C. Equatoria,mean,full,26,0.03251633986928105,-0.1941176470588235,0.20233031674208143,0.05846153846153847,0.6944365083392359,0.08129084967320262,-6.513709150326798,2001,2026,0.026695721925133697,0.10016339869281046,0.07346767676767677,2001-2005,2022-2026
zfparc_crop,1721,East Equatoria,mean,full,26,0.5147649572649572,0.24326388888888886,0.7001388888888889,0.5261538461538462,8.9175233222817e-05,1.2869123931623931,-103.63024358974357,2001,2026,-0.39676767676767677,0.7314344444444444,1.1282021212121212,2001-2005,2022-2026
zfparc_crop,1726,North Bahr Ghaza,mean,full,26,0.21537001897533203,-0.044294354838709665,0.487126099706745,0.23692307692307696,0.09409290644202206,0.5384250474383301,-43.33599525616698,2001,2026,-0.32533431085043996,0.26813075268817205,0.5934650635386121,2001-2005,2022-2026
zfparc_crop,1727,Warab,mean,full,26,0.1857516339869281,-0.05183855360325948,0.4032175925925926,0.2307692307692308,0.10325382470897754,0.4643790849673203,-37.460400326797384,2001,2026,-0.33130427807486634,0.20312091503267976,0.5344251931075461,2001-2005,2022-2026
zfparc_crop,1728,West Bahr Ghazal,mean,full,26,-0.08110248447204965,-0.3239285714285714,0.17876984126984125,-0.07076923076923078,0.6310368149871954,-0.2027562111801241,16.256735248447196,2001,2026,-0.03986493506493506,-0.11005476190476186,-0.0701898268398268,2001-2005,2022-2026
zfparc_crop,1729,W.Equatoria,mean,full,26,0.3767171717171717,0.09929292929292935,0.7272727272727273,0.32923076923076927,0.018371833944896835,0.9417929292929292,-75.64384343434342,2001,2026,-0.3921969696969697,0.42543565062388594,0.8176326203208557,2001-2005,2022-2026
zfparc_crop,2242,Upper Nile,mean,full,26,0.513905723905724,0.34262626262626267,0.6379889807162535,0.5692307692307692,1.796817515501251e-05,1.28476430976431,-103.23540235690237,2001,2026,-0.47028181818181813,0.5566737967914438,1.026955614973262,2001-2005,2022-2026
zfparc_range,558,Jonglei,mean,full,26,0.5227962962962963,0.3869444444444444,0.6579166666666667,0.6553846153846153,3.7845215267635986e-07,1.3069907407407406,-105.13104814814814,2001,2026,-0.6018752525252525,0.46366666666666667,1.065541919191919,2001-2005,2022-2026
zfparc_range,599,El Buheyrat,mean,full,26,0.5443518518518518,0.3142094017094017,0.7407037037037039,0.5446153846153846,4.594304543929421e-05,1.3608796296296295,-109.58845370370369,2001,2026,-0.6664318181818181,0.4400266666666667,1.1064584848484849,2001-2005,2022-2026
zfparc_range,622,Unity,mean,full,26,0.2312878787878787,0.0008931419457735246,0.49921717171717167,0.28,0.046507327017603135,0.5782196969696968,-46.68814772727271,2001,2026,-0.5458454545454545,-0.16614759358288772,0.3796978609625668,2001-2005,2022-2026
zfparc_range,623,C. Equatoria,mean,full,26,0.5165844155844156,0.3417142857142857,0.6802857142857144,0.563076923076923,2.2859995080603212e-05,1.2914610389610388,-104.00728636363635,2001,2026,-0.5733625974025974,0.685252030075188,1.2586146274777854,2001-2005,2022-2026
zfparc_range,1721,East Equatoria,mean,full,26,0.5745508658008658,0.3514814814814815,0.719861111111111,0.5815384615384616,1.0960818857282772e-05,1.4363771645021646,-115.6782057178932,2001,2026,-0.4846686868686869,0.7402255555555556,1.2248942424242424,2001-2005,2022-2026
zfparc_range,1726,North Bahr Ghaza,mean,full,26,0.42347222222222225,0.2245416666666667,0.6728993055555555,0.46461538461538465,0.000648089627144108,1.0586805555555556,-85.30088194444446,2001,2026,-0.5809171717171717,0.3612911111111111,0.9422082828282828,2001-2005,2022-2026
zfparc_range,1727,Warab,mean,full,26,0.44043055555555555,0.1731666666666667,0.642875,0.45230769230769236,0.0009273588869346637,1.101076388888889,-88.51840069444445,2001,2026,-0.6497313131313132,0.4078588888888889,1.0575902020202022,2001-2005,2022-2026
zfparc_range,1728,West Bahr Ghazal,mean,full,26,0.6504722222222223,0.4130902777777778,0.8326262626262627,0.6000000000000001,5.051627829856436e-06,1.6261805555555557,-130.9361652777778,2001,2026,-0.7428626262626263,0.57265,1.3155126262626262,2001-2005,2022-2026
zfparc_range,1729,W.Equatoria,mean,full,26,0.587517316017316,0.3281428571428572,0.8774107142857142,0.47692307692307695,0.0004474231160704783,1.46879329004329,-118.16255443722945,2001,2026,-0.6230654545454545,0.573531127819549,1.1965965823650033,2001-2005,2022-2026
zfparc_range,2242,Upper Nile,mean,full,26,0.5841666666666666,0.3851657883179622,0.7852046783625731,0.6738461538461539,1.4415746301515204e-07,1.4604166666666667,-117.33968055555555,2001,2026,-0.6402151515151514,0.5829188888888889,1.2231340404040403,2001-2005,2022-2026
fpar_crop,0,National (mean of units),mean,full,26,0.8381310815756866,-0.07914917807260972,1.5706312372573592,0.23692307692307696,0.09409290644202206,2.0953277039392164,-121.34893844741156,2001,2026,46.48938553870228,47.704166622023976,1.2147810833216965,2001-2005,2022-2026
rain_crop,0,National (mean of units),mean,full,38,-0.3444456382455233,-0.9569234284940764,0.34726574753068495,-0.11806543385490756,0.29673154943364377,-1.2744488615084364,100.01452296518076,1989,2026,30.763120351008048,29.201499019399744,-1.561621331608304,1989-1993,2022-2026
sm_crop,0,National (mean of units),mean,full,27,-0.009960346963810013,-0.014898661130141192,-0.00479462028457521,-0.48148148148148157,0.0002857511352466415,-0.025896902105906033,2.2657908664511854,2000,2026,0.2704947412838058,0.24944726222350616,-0.021047479060299634,2000-2004,2022-2026
spi3_crop,0,National (mean of units),mean,full,38,-0.019736663068108413,-0.10313909258282024,0.06639613113084923,-0.06401137980085349,0.5715734527455391,-0.07302565335200113,4.063890385859246,1989,2026,0.06091836100447834,-0.012883835923709374,-0.07380219692818771,1989-1993,2022-2026
spi3_range,0,National (mean of units),mean,full,38,-0.005182985994397749,-0.08769727284853343,0.09055461670434932,-0.009957325746799433,0.9298740267428874,-0.01917704817927167,1.1600923001867391,1989,2026,0.07625487887276124,0.02259110247990743,-0.0536637763928538,1989-1993,2022-2026
temp_crop,0,National (mean of units),mean,full,38,0.4963513434699429,0.3728648430446588,0.6051392028696566,0.6984352773826459,6.708883391252598e-10,1.8364999708387888,-72.27333952103103,1989,2026,26.721031167166377,28.360423656379464,1.639392489213087,1989-1993,2022-2026
wsi_crop,0,National (mean of units),mean,full,36,-0.1849095661990185,-1.0482303498320178,0.5946273510813987,-0.05714285714285715,0.6238847028662851,-0.6471834816965647,122.27650262770945,1991,2026,85.76111611443521,83.43085062744277,-2.3302654869924453,1991-1995,2022-2026
wsi_range,0,National (mean of units),mean,full,36,-0.5273660356383427,-1.539824898333987,0.46447193989584923,-0.12063492063492065,0.30058114325316654,-1.8457811247341998,184.28393903357443,1991,2026,80.00219700721502,76.6042083507253,-3.3979886564897157,1991-1995,2022-2026
zfpar_crop,0,National (mean of units),mean,full,26,0.19114416056745276,0.11004743755664531,0.2825609640385969,0.49538461538461537,0.0002506131270492923,0.47786040141863195,-38.44466571309805,2001,2026,-0.20749488677230424,0.2610500885734548,0.468544975345759,2001-2005,2022-2026
zfparc_crop,0,National (mean of units),mean,full,26,0.19580656357557683,0.0469607203932947,0.28766795041770377,0.36615384615384616,0.008335790462301297,0.4895164089389421,-39.36958615643833,2001,2026,-0.2877697168540926,0.15362214774746652,0.4413918646015591,2001-2005,2022-2026
zfparc_range,0,National (mean of units),mean,full,26,0.4950225198412699,0.37402089805619215,0.632286931044188,0.6369230769230769,9.418908364562851e-07,1.2375562996031746,-99.57034717667749,2001,2026,-0.6108975526695527,0.46612733420896263,1.0770248868785153,2001-2005,2022-2026
